id,category,level,question,option1,option2,option3,option4,answer,explanation
"DAM-E001","damascus","easy","أي جبل يطل على مدينة دمشق ويُعد المتنفس الطبيعي الأبرز لسكانها؟","جبل قاسيون","جبل الشيخ","جبل الزاوية","جبل العرب","جبل قاسيون","جبل قاسيون يشرف على دمشق ويوفر إطلالة بانورامية كاملة للمدينة."
"DAM-E002","damascus","easy","ما هو النهر الذي ارتبط اسمه وتاريخه بتأسيس دمشق وازدهار غوطتها؟","نهر بردى","نهر العاصي","نهر الفرات","نهر دجلة","نهر بردى","نهر بردى هو الشريان الحيوي الذي تتفرع منه قنوات الري لتسقي دمشق."
"DAM-E003","damascus","easy","أي سوق مسقوف هو الأكبر في دمشق القديمة ويتميز بسقفه المعدني المثقوب؟","سوق الحميدية","سوق مدحت باشا","سوق البزورية","سوق الحرير","سوق الحميدية","سوق الحميدية يتميز بسقفه الذي تدخل منه أشعة الشمس كنجوم مضيئة."
"DAM-E004","damascus","easy","ما هو المعلم الإسلامي الأبرز في قلب دمشق والذي كان معبداً ثم كنيسة؟","الجامع الأموي","جامع التكية السليمانية","جامع درويش باشا","جامع الشيخ محي الدين","الجامع الأموي","الجامع الأموي هو تحفة العمارة الإسلامية ويحمل طبقات من تاريخ دمشق."
"DAM-E005","damascus","easy","أي ساحة تُعد المركز الإداري والتاريخي لدمشق وتضم نصب عمود الاتصالات؟","ساحة المرجة","ساحة الأمويين","ساحة العباسيين","ساحة باب توما","ساحة المرجة","ساحة المرجة (ساحة الشهداء) كانت قلب دمشق الحديث وتضم النصب التذكاري للتلغراف."
"DAM-E006","damascus","easy","أي حي دمشقي يشتهر بصناعة وبيع الحلويات الشامية العريقة؟","حي الميدان","حي المهاجرين","حي ركن الدين","حي أبو رمانة","حي الميدان","حي الميدان هو الوجهة الأولى تاريخياً لتذوق أعرق الحلويات الدمشقية."
"DAM-E007","damascus","easy","ما هو العنصر المعماري الذي يتوسط أرض الديار (الفناء) في البيت الدمشقي؟","البحرة (نافورة المياه)","برج الحمام","موقد النار","بئر عميق","البحرة (نافورة المياه)","البحرة توفر تلطيفاً للمناخ الصيفي وتضفي صوتاً مريحاً يعزل ضجيج الخارج."
"DAM-E008","damascus","easy","أي باب من أبواب دمشق لا يزال يحتفظ بشكله المعماري الروماني ذي القناطر الثلاث؟","باب شرقي","باب الجابية","باب توما","باب السلام","باب شرقي","باب شرقي هو الوحيد الذي حافظ على تصميمه الروماني الأصلي بمداخله الثلاثة."
"DAM-E009","damascus","easy","ما هو السوق الدمشقي الشهير بتجارة التوابل والأعشاب والسكاكر؟","سوق البزورية","سوق الصاغة","سوق القباقبية","سوق تفضلي","سوق البزورية","سوق البزورية يشتهر بروائح البهارات والأعشاب الطبية والحلويات التقليدية."
"DAM-E010","damascus","easy","ما اسم المحطة التاريخية التي كانت تنطلق منها القطارات من دمشق إلى المدينة المنورة؟","محطة الحجاز","محطة القدم","محطة القابون","محطة الربوة","محطة الحجاز","محطة الحجاز بُنيت في العهد العثماني لتسهيل رحلة الحجاج إلى الأراضي المقدسة."
"DAM-E011","damascus","easy","أي قلعة تاريخية تقع في قلب دمشق وتتميز بأنها مبنية على أرض منبسطة؟","قلعة دمشق","قلعة الحصن","قلعة حلب","قلعة المرقب","قلعة دمشق","قلعة دمشق استثنائية لأنها لم تُبنَ على مرتفع، بل اعتمدت على خنادق المياه للحماية."
"DAM-E012","damascus","easy","من هو القائد التاريخي الذي يقع ضريحه بجوار جدار الجامع الأموي بدمشق؟","صلاح الدين الأيوبي","نور الدين زنكي","الظاهر بيبرس","خالد بن الوليد","صلاح الدين الأيوبي","ضريح القائد صلاح الدين الأيوبي يقع في المدرسة الصلاحية الملاصقة للجامع الأموي."
"DAM-E013","damascus","easy","كيف كانت دمشق القديمة تحمي أراضيها الزراعية المحيطة بها (الغوطة)؟","بالتوسع العمراني العمودي والمتراص بدلاً من التوسع الأفقي","ببناء أسوار خرسانية حديثة","بمنع الزراعة تماماً","بتحويل الغوطة إلى منطقة صناعية","بالتوسع العمراني العمودي والمتراص بدلاً من التوسع الأفقي","البيوت الدمشقية بنيت متراصة لتقليل استهلاك الأراضي الزراعية القيمة."
"DAM-E014","damascus","easy","أي قصر يُعد النموذج الأجمل للعمارة المدنية الدمشقية في القرن الثامن عشر؟","قصر العظم","قصر الحير","قصر تشنق","قصر النعسان","قصر العظم","قصر العظم بناه الوالي أسعد باشا العظم، وهو تحفة تمثل البيت الشامي التقليدي."
"DAM-E015","damascus","easy","ما هو التخطيط الهندسي الذي اعتمده الرومان لدمشق القديمة؟","الشبكي (شوارع مستقيمة تتقاطع بزوايا قائمة)","الدائري العشوائي","اللولبي","الشعاعي","الشبكي (شوارع مستقيمة تتقاطع بزوايا قائمة)","التخطيط الشطرنجي الروماني لا يزال واضحاً، وأبرز أمثلته ""الشارع المستقيم""."
"ENV-E001","environment","easy","أي ممارسة يومية في المنزل هي الأهم لتقليل حجم النفايات المتجهة للمكبات؟","فرز النفايات العضوية عن البلاستيك والورق","حرق النفايات في حاوية الشارع","شراء أكياس قمامة أكبر حجماً","رمي النفايات في الأنهار","فرز النفايات العضوية عن البلاستيك والورق","الفرز من المصدر يمنع تلوث المواد القابلة للتدوير ويسهل معالجتها."
"ENV-E002","environment","easy","كيف يمكننا الاستفادة من بقايا الخضار والفواكه بدل رميها في القمامة؟","تحويلها إلى سماد طبيعي (كومبوست)","تجميدها في الثلاجة للأبد","خلطها مع النفايات البلاستيكية","رميها في مجاري الصرف الصحي","تحويلها إلى سماد طبيعي (كومبوست)","صناعة الكومبوست المنزلي تقلل القمامة وتغذي النباتات بمواد طبيعية."
"ENV-E003","environment","easy","أي مصدر طاقة يُعتبر الأنسب والأكثر استدامة للاستخدام المنزلي في سوريا؟","الطاقة الشمسية","الفحم الحجري","الطاقة النووية","طاقة المد والجزر","الطاقة الشمسية","سوريا تتمتع بعدد ساعات سطوع شمسي عالٍ جداً مما يجعلها طاقة مثالية ونظيفة."
"ENV-E004","environment","easy","ما هو البديل البيئي الأفضل لأكياس التسوق البلاستيكية (النايلون)؟","الأكياس القماشية متعددة الاستخدام","الأكياس البلاستيكية الملونة","أكياس النايلون الشفافة","الاعتماد على الكراتين البلاستيكية","الأكياس القماشية متعددة الاستخدام","الأكياس القماشية تمنع تراكم ملايين أكياس البلاستيك التي تحتاج مئات السنين لتتحلل."
"ENV-E005","environment","easy","أي سلوك يُعد الأبسط للحفاظ على الموارد المائية في المنازل؟","إصلاح تسربات المياه في الصنابير فوراً","غسيل السيارات بالخرطوم يومياً","ترك صنبور الماء مفتوحاً دائماً","ري الحدائق وقت الظهيرة","إصلاح تسربات المياه في الصنابير فوراً","قطرة ماء تتسرب يومياً تعني هدراً لآلاف الليترات سنوياً؛ الصيانة هي أساس الترشيد."
"ENV-E006","environment","easy","ما هو التأثير السلبي الأكبر لحرق النفايات داخل الأحياء السكنية؟","إطلاق غازات سامة تسبب أمراضاً تنفسية خطيرة","توفير تكلفة نقل القمامة","تحسين جودة الهواء","إنتاج سماد للزراعة","إطلاق غازات سامة تسبب أمراضاً تنفسية خطيرة","حرق البلاستيك والمواد العضوية يطلق الديوكسينات والغازات المسرطنة في هواء الحي."
"ENV-E007","environment","easy","ماذا نعني بعملية ""إعادة التدوير"" (Recycling)؟","معالجة المواد المستهلكة لتحويلها إلى منتجات جديدة","إعادة استخدام العلبة كما هي لمرة واحدة","حرق النفايات لتوليد الكهرباء","طمر النفايات في باطن الأرض","معالجة المواد المستهلكة لتحويلها إلى منتجات جديدة","إعادة التدوير تعني إدخال المادة في عملية صناعية جديدة (مثل صهر الزجاج لتشكيله)."
"ENV-E008","environment","easy","كيف تساهم زراعة الأشجار في الأحياء في مكافحة التلوث؟","تمتص ثاني أكسيد الكربون وتطلق الأكسجين وتخفف الغبار","تزيد من انبعاث الغازات السامة","ترفع درجات الحرارة في الصيف","تستهلك كل المياه الجوفية","تمتص ثاني أكسيد الكربون وتطلق الأكسجين وتخفف الغبار","الأشجار تعمل كرئة طبيعية للحي، تصفي الهواء وتوفر ظلاً يخفض درجات الحرارة."
"ENV-E009","environment","easy","ما هي ""المياه الرمادية"" التي يمكن إعادة استخدامها في المنازل؟","المياه الناتجة عن المغاسل والاستحمام والتي يمكن استخدامها لري الحدائق","المياه شديدة التلوث من الصرف الصحي","مياه الأمطار الحمضية","مياه البحر المالحة","المياه الناتجة عن المغاسل والاستحمام والتي يمكن استخدامها لري الحدائق","المياه الرمادية خالية من الفضلات الصلبة، ويمكن الاستفادة منها زراعياً بعد فلترة بسيطة."
"ENV-E010","environment","easy","أي ممارسة تساهم في تقليل ""التلوث السمعي"" (الضوضاء) في الأحياء؟","صيانة المولدات الكهربائية وعدم استخدام أبواق السيارات بلا مبرر","تشغيل مكبرات الصوت ليلاً","إزالة الأشجار من الشوارع","استخدام المفرقعات النارية","صيانة المولدات الكهربائية وعدم استخدام أبواق السيارات بلا مبرر","الضجيج المستمر يرفع التوتر ومعدل نبضات القلب، والالتزام بالهدوء هو سلوك بيئي."
"ENV-E011","environment","easy","ما هو الخطر البيئي الأكبر لرمي البطاريات المستعملة في النفايات العادية؟","تسرب المعادن الثقيلة السامة كالرصاص إلى التربة والمياه الجوفية","انفجارها في حاويات القمامة فقط","زيادة وزن النفايات","لا تشكل أي خطر بيئي","تسرب المعادن الثقيلة السامة كالرصاص إلى التربة والمياه الجوفية","البطاريات تحتوي على مواد كيميائية سامة تتطلب جمعاً ومعالجة خاصة لحماية المياه."
"ENV-E012","environment","easy","ما هو الغاز الرئيسي المسبب لظاهرة ""الاحتباس الحراري""؟","ثاني أكسيد الكربون","الأكسجين","النيتروجين","الهيليوم","ثاني أكسيد الكربون","ثاني أكسيد الكربون الناتج عن حرق الوقود هو المسبب الأول لاحتباس حرارة الأرض."
"ENV-E013","environment","easy","كيف يساهم النقل العام (الباصات) في حماية البيئة؟","يقلل عدد السيارات بالشارع مما يخفض الانبعاثات والازدحام","يزيد من استهلاك الوقود","يبطئ حركة المرور دائماً","لا يؤثر على البيئة","يقلل عدد السيارات بالشارع مما يخفض الانبعاثات والازدحام","حافلة واحدة يمكن أن تحل محل 40 سيارة خاصة، مما يقلل التلوث الكربوني بشكل هائل."
"ENV-E014","environment","easy","ما هي أفضل طريقة لترشيد استهلاك الورق في المدارس والجامعات؟","الطباعة على الوجهين واستخدام الملفات الرقمية","حرق الأوراق المستعملة يومياً","الطباعة ببنط خط كبير جداً","استخدام ورق ملون فقط","الطباعة على الوجهين واستخدام الملفات الرقمية","التقليل من استخدام الورق يحمي الغابات ويقلل استهلاك المياه والطاقة في مصانع الورق."
"ENV-E015","environment","easy","ما المقصود بـ ""الحزام الأخضر"" حول المدن؟","مساحات مشجرة تحيط بالمدينة لصد الغبار وتلطيف المناخ","أسوار خرسانية مطلية باللون الأخضر","شوارع مخصصة للسيارات الكهربائية","أنابيب مياه خضراء","مساحات مشجرة تحيط بالمدينة لصد الغبار وتلطيف المناخ","الأحزمة الخضراء تعمل كمصدات رياح طبيعية وتحمي المدن من زحف التصحر."
"DEV-E001","development","easy","ما هو المبدأ البسيط والأساسي للتنمية المستدامة؟","تلبية احتياجات الحاضر دون الإضرار بحقوق الأجيال القادمة","استهلاك الموارد بسرعة لبناء اقتصاد قوي","وقف الصناعة تماماً لحماية البيئة","تصدير الموارد للخارج فقط","تلبية احتياجات الحاضر دون الإضرار بحقوق الأجيال القادمة","التنمية المستدامة تعني الموازنة الدائمة بين الاقتصاد والمجتمع وحماية البيئة للمستقبل."
"DEV-E002","development","easy","دعم ورشة خياطة لنساء في حي ليعتمدن على أنفسهن، ماذا يسمى تنموياً؟","التمكين الاقتصادي","العمل الخيري المؤقت","التنمية العمرانية","الإغاثة الطارئة","التمكين الاقتصادي","التمكين الاقتصادي يزود الأفراد بالمهارات ليصبحوا منتجين ومستقلين مادياً بدلاً من الاعتماد على المعونات."
"DEV-E003","development","easy","ما الذي يمثله ""البعد الاجتماعي"" في عملية التنمية الشاملة؟","الاهتمام بالتعليم والصحة والعدالة الاجتماعية","تطوير القطاع المصرفي والبنوك","بناء الجسور والطرقات السريعة","زيادة الصادرات الصناعية","الاهتمام بالتعليم والصحة والعدالة الاجتماعية","البعد الاجتماعي يركز على الإنسان، فلا معنى للنمو الاقتصادي إذا كان المجتمع جاهلاً أو مريضاً."
"DEV-E004","development","easy","لماذا من المهم إشراك أهل الحي قبل بناء حديقة عامة لهم؟","لمعرفة احتياجاتهم وخلق شعور بملكية المشروع للحفاظ عليه","لجمع التبرعات المالية منهم حصراً","لتنظيف المكان قبل مجيء العمال","لأن القانون يفرض ذلك دولياً","لمعرفة احتياجاتهم وخلق شعور بملكية المشروع للحفاظ عليه","المشاركة المجتمعية تضمن أن المشروع يخدم حاجة حقيقية، ويجعل السكان شركاء في حمايته."
"DEV-E005","development","easy","ما الفرق الأبرز بين العمل ""الإغاثي"" والعمل ""التنموي""؟","الإغاثة مساعدة طارئة مؤقتة، والتنمية حلول مستدامة لجذور المشكلة","التنمية أسرع من الإغاثة دائماً","الإغاثة للمدن والتنمية للريف","لا يوجد أي فرق بينهما","الإغاثة مساعدة طارئة مؤقتة، والتنمية حلول مستدامة لجذور المشكلة","توزيع الطعام إغاثة (حل مؤقت)، بينما تعليم مهنة وتوفير عمل هو تنمية (حل مستدام)."
"DEV-E006","development","easy","دعم الحرف اليدوية التقليدية في دمشق القديمة يساهم في ماذا؟","الحفاظ على التراث وخلق فرص عمل مستدامة","تدمير الاقتصاد المحلي","زيادة التلوث البيئي","منع التطور التكنولوجي","الحفاظ على التراث وخلق فرص عمل مستدامة","الصناعات الثقافية والحرفية هي مورد اقتصادي هام يدعم السياحة ويحمي هوية المجتمع."
"DEV-E007","development","easy","ما هو دور ""التعليم"" في التنمية المستدامة؟","هو الركيزة الأساسية للقضاء على الفقر وبناء وعي مجتمعي سليم","لا علاقة للتعليم بالتنمية الاقتصادية","يفيد فقط في زيادة أعداد الموظفين الحكوميين","يزيد من تكاليف ميزانية الدولة بلا عائد","هو الركيزة الأساسية للقضاء على الفقر وبناء وعي مجتمعي سليم","التعليم الجيد يكسر حلقة الفقر ويزود المجتمع بالمهارات اللازمة للابتكار والتطور."
"DEV-E008","development","easy","ماذا تعني ""الاستدامة المؤسسية"" لمشروع خيري أو تنموي؟","قدرة المشروع على الاستمرار إدارياً ومالياً دون الاعتماد على شخص واحد","قدرة المشروع على الظهور في الإعلام يومياً","أن يكون المبنى مبنياً من الخرسانة القوية","أن يتم تغيير مدير المشروع كل شهر","قدرة المشروع على الاستمرار إدارياً ومالياً دون الاعتماد على شخص واحد","الاستدامة تعني وجود هيكل إداري ونظام يسمح للعمل بالاستمرار حتى لو غادر المؤسسون."
"DEV-E009","development","easy","كيف نحقق تنمية شاملة تضمن ""عدم ترك أحد خلف الركب""؟","بدمج ذوي الإعاقة وكبار السن والفئات المهمشة في أنشطة المجتمع","بالاهتمام بالأغنياء فقط لزيادة الاستثمارات","ببناء مدارس للشباب الذكور فقط","بإلغاء الجمعيات الخيرية","بدمج ذوي الإعاقة وكبار السن والفئات المهمشة في أنشطة المجتمع","التنمية الحقيقية تُقاس بمدى اهتمامها ودمجها للفئات الأكثر ضعفاً واحتياجاً في المجتمع."
"DEV-E010","development","easy","لماذا تُعتبر ""المساحات العامة"" (الساحات والحدائق) مهمة في تنمية الأحياء؟","تعزز التواصل الاجتماعي وتوفر متنفساً صحياً وآمناً للسكان","تزيد من الازدحام المروري","تُستخدم كأراضٍ استثمارية للبيع فقط","تمنع بناء الأسواق التجارية","تعزز التواصل الاجتماعي وتوفر متنفساً صحياً وآمناً للسكان","المساحة العامة هي غرفة الجلوس الخاصة بالحي، حيث تلتقي العائلات وتنمو العلاقات الاجتماعية."
"DEV-E011","development","easy","ما هو الأثر التنموي لمشاركة المرأة في النشاط الاقتصادي المحلي؟","تحسين مستوى معيشة الأسرة ودعم النمو الاقتصادي للمجتمع","زيادة معدلات البطالة بين الرجال","إهمال تربية الأطفال بشكل كامل","تراجع الصناعات الثقيلة","تحسين مستوى معيشة الأسرة ودعم النمو الاقتصادي للمجتمع","التمكين الاقتصادي للمرأة ينعكس فوراً على جودة صحة وتعليم أطفالها ويرفع دخل الأسرة."
"DEV-E012","development","easy","في الأحياء التاريخية، أيهما يمثل خطوة تنموية صحيحة ومستدامة؟","ترميم المنازل القديمة وتزويدها بالخدمات مع الحفاظ على طابعها","هدم المنازل القديمة وبناء أبراج سكنية حديثة","إجبار السكان على إخلاء الحي لتحويله لمتحف","إغلاق الحي بالكامل أمام الزوار","ترميم المنازل القديمة وتزويدها بالخدمات مع الحفاظ على طابعها","التنمية العمرانية في المدن القديمة تهدف لتسهيل حياة السكان مع الحفاظ على الهوية التراثية."
"DEV-E013","development","easy","كيف تساهم ""السياحة الثقافية"" في التنمية المحلية؟","تخلق فرص عمل لأهل الحي في الحرف والضيافة وترمم الاقتصاد","تؤدي إلى تدمير العادات والتقاليد المحلية","تقتصر فوائدها على شركات الطيران","ترفع نسبة التلوث الصناعي","تخلق فرص عمل لأهل الحي في الحرف والضيافة وترمم الاقتصاد","السياحة المستدامة توظف أبناء المجتمع المحلي وتدفع عجلة الصناعات اليدوية والخدمات."
"DEV-E014","development","easy","ما أهمية وجود مستوصف (مركز صحي محلي) في خطط التنمية للأحياء؟","توفير رعاية صحية أولية ووقائية تخفف الضغط عن المستشفيات الكبرى","توزيع الأدوية المجانية دون فحص","عزل المرضى عن باقي المجتمع","توفير فرص عمل للأطباء الأجانب فقط","توفير رعاية صحية أولية ووقائية تخفف الضغط عن المستشفيات الكبرى","الرعاية الأولية (كاللقاحات والتوعية) تمنع تفاقم الأمراض وتوفر تكاليف العلاج الباهظة."
"DEV-E015","development","easy","ما المقصود بمفهوم ""العمل اللائق"" كأحد أهداف التنمية؟","توفير عمل منتج بأجر عادل مع ضمان الأمن والسلامة للموظف","العمل لساعات طويلة جداً لزيادة الإنتاج","تشغيل الأطفال لزيادة دخل الأسرة","العمل دون عقود لتسهيل التوظيف","توفير عمل منتج بأجر عادل مع ضمان الأمن والسلامة للموظف","العمل اللائق يحمي كرامة الإنسان، ويمنع استغلال العمالة، ويوفر بيئة آمنة ومنتجة."
"INI-E001","initiative","easy","ما هو الدافع الأهم الذي يجب أن تُبنى عليه أي مبادرة مجتمعية ناجحة؟","تلبية احتياج أو مشكلة حقيقية يعاني منها سكان الحي","تحقيق الظهور الإعلامي لجمع الإعجابات","شراء معدات حديثة وتصويرها","تقليد مبادرة أخرى في حي آخر دون دراسة","تلبية احتياج أو مشكلة حقيقية يعاني منها سكان الحي","المبادرة الناجحة هي استجابة مدروسة ومباشرة لحاجة محلية ملحة يشعر بها الناس."
"INI-E002","initiative","easy","كيف نُعرف ""العمل التطوعي"" في أبسط صوره؟","تقديم الجهد والوقت والخبرة لخدمة المجتمع طواعية بلا مقابل مالي","العمل الإضافي المأجور بعد أوقات الدوام الرسمي","تنفيذ المهام التي تفرضها الحكومة إجبارياً","التبرع بالمال فقط للجمعيات","تقديم الجهد والوقت والخبرة لخدمة المجتمع طواعية بلا مقابل مالي","التطوع يرتكز على الإرادة الحرة والرغبة الصادقة في العطاء وخدمة الصالح العام."
"INI-E003","initiative","easy","من هم ""أصحاب المصلحة"" (Stakeholders) عند تخطيط مبادرة في الحي؟","كل شخص أو جهة تتأثر بالمبادرة سلباً أو إيجاباً أو يمكنها التأثير فيها","الجهات الممولة التي دفعت المال فقط لا غير","فريق العمل الأساسي المكون من المؤسسين فقط","الجمهور المتابع عبر وسائل التواصل الاجتماعي","كل شخص أو جهة تتأثر بالمبادرة سلباً أو إيجاباً أو يمكنها التأثير فيها","إشراك المستفيدين، والجيران، والجهات الرسمية يضمن الدعم ويمنع المعارضة لاحقاً."
"INI-E004","initiative","easy","إذا كان هدفنا ""تنظيف الحديقة""، كيف نجعله هدفاً ذكياً (SMART)؟","تنظيف الحديقة الشرقية بالكامل خلال عطلة نهاية هذا الأسبوع","تنظيف كل حدائق المدينة يوماً ما","جعل حديقتنا أجمل حديقة في العالم","منع الناس من الدخول للحديقة لتبقى نظيفة","تنظيف الحديقة الشرقية بالكامل خلال عطلة نهاية هذا الأسبوع","الهدف الذكي يجب أن يكون محدداً بالمكان، قابلاً للقياس، ومحدداً بإطار زمني واضح."
"INI-E005","initiative","easy","لماذا يُعتبر ""العمل الجماعي"" أفضل من العمل الفردي في المبادرات؟","لأنه يوزع المهام، يدمج المهارات المختلفة، ويضمن استمرار العمل","لأنه يوفر الوقت في اتخاذ القرارات فوراً","لأنه يضمن الشهرة لجميع أفراد الفريق","لأن العمل الفردي ممنوع قانونياً","لأنه يوزع المهام، يدمج المهارات المختلفة، ويضمن استمرار العمل","يد الله مع الجماعة؛ التنوع في المهارات يغطي النقص ويزيد من جودة وتأثير المبادرة."
"INI-E006","initiative","easy","انتهت المبادرة من دهان وتجميل جدران المدرسة. كيف نضمن ""استدامة"" هذا العمل؟","تشكيل لجنة من الطلاب والمعلمين للحفاظ عليها وتوعية البقية","ترك الجدران والبحث عن مدرسة أخرى فوراً","وضع حراس أمن طوال الليل لحمايتها","إغلاق المدرسة لتبقى جميلة","تشكيل لجنة من الطلاب والمعلمين للحفاظ عليها وتوعية البقية","الاستدامة تعني خلق وعي ونظام رعاية محلي يضمن الحفاظ على المنجزات بعد رحيل الفريق."
"INI-E007","initiative","easy","لماذا يجب ""تقييم"" المبادرة بعد الانتهاء من تنفيذها؟","لمعرفة ما نجح وما فشل، واستخلاص الدروس لتحسين المشاريع القادمة","لمعاقبة المتطوعين الذين أخطأوا","لصناعة ملف صور ضخم لعرضه فقط","للتفاخر أمام المبادرات الأخرى في الأحياء","لمعرفة ما نجح وما فشل، واستخلاص الدروس لتحسين المشاريع القادمة","التقييم هو عملية تعلم مستمرة؛ الأخطاء هي دروس مجانية لتطوير الأداء المستقبلي."
"INI-E008","initiative","easy","ما أهمية عملية ""التشبيك"" (Networking) مع مبادرات أخرى؟","تبادل الخبرات والموارد وتكبير حجم الأثر وتجنب تكرار الأخطاء","التنافس لجمع أكبر قدر من التبرعات من نفس الداعمين","دمج جميع المبادرات إجبارياً باسم واحد","تبادل الصور والمنشورات فقط","تبادل الخبرات والموارد وتكبير حجم الأثر وتجنب تكرار الأخطاء","التشبيك يخلق تكاملاً؛ فمبادرة تنظيف تكملها مبادرة إعادة تدوير ومبادرة توعية."
"INI-E009","initiative","easy","قبل إطلاق مبادرة لتنظيف الحي، ما هي الخطوة التحضيرية الأفضل؟","استثمار موارد الحي (متطوعين، أدوات من المحلات، دعم الأهالي)","استيراد أدوات تنظيف غالية من الخارج","طلب سيارات تنظيف ضخمة من مدينة أخرى","تجاهل رأي أهالي الحي تماماً","استثمار موارد الحي (متطوعين، أدوات من المحلات، دعم الأهالي)","الاعتماد على الموارد المحلية يقلل التكاليف ويزيد من شعور الانتماء والمشاركة المجتمعية."
"INI-E010","initiative","easy","ما هي أهمية كتابة ""خطة عمل"" (Action Plan) قبل البدء بالتنفيذ؟","توضيح المهام، ومن سينفذها، ومتى، وما هي الموارد المطلوبة","إرضاء الجهات الداعمة فقط بالورق","تأخير التنفيذ وإضاعة الوقت","منع المتطوعين من التفكير الإبداعي","توضيح المهام، ومن سينفذها، ومتى، وما هي الموارد المطلوبة","خطة العمل هي البوصلة التي تمنع الفوضى وتضمن إنجاز المهام في وقتها المحدد."
"INI-E011","initiative","easy","لماذا يعتبر ""التوثيق"" خطوة أساسية في أي مبادرة؟","لحفظ الدروس المستفادة، وتوفير مرجع للمستقبل، وعرض الشفافية للداعمين","لأغراض النشر الشخصي على وسائل التواصل فقط","لجمع الإعجابات وزيادة الشهرة","لإثبات أن الفريق يعمل أكثر من غيره","لحفظ الدروس المستفادة، وتوفير مرجع للمستقبل، وعرض الشفافية للداعمين","التوثيق المكتوب والمصور هو الذاكرة المؤسسية للمبادرة ودليل مصداقيتها وشفافيتها."
"INI-E012","initiative","easy","عند حل مشكلة رمي القمامة في الحي، ماذا يجب أن يسبق توزيع الحاويات؟","حملة توعية مجتمعية لتغيير السلوك وشرح أهمية النظافة","توزيع غرامات مالية فورية على السكان","إزالة جميع الحاويات القديمة فجأة","زرع كاميرات مراقبة سرية","حملة توعية مجتمعية لتغيير السلوك وشرح أهمية النظافة","تغيير الأداة (الحاوية) لا ينفع دون تغيير العقلية والسلوك عبر التوعية والمشاركة."
"INI-E013","initiative","easy","كيف نضمن كفاءة الفريق أثناء العمل الميداني؟","بتقسيم المهام وتوزيع الأدوار بوضوح حسب مهارة كل متطوع","بجعل الجميع يعملون نفس العمل في نفس الوقت","بترك المتطوعين يختارون مهامهم عشوائياً يوم التنفيذ","بإجبار الجميع على القيام بأعمال شاقة","بتقسيم المهام وتوزيع الأدوار بوضوح حسب مهارة كل متطوع","توزيع الأدوار يمنع التضارب والاتكالية، ويستثمر نقاط قوة كل فرد في مكانها الصحيح."
"INI-E014","initiative","easy","ما الفرق بين ""المبادرة المجتمعية"" و ""الفعالية (الحدث)""؟","المبادرة عملية مستمرة لحل مشكلة، الفعالية نشاط مؤقت ينتهي بوقته","لا يوجد فرق، كلاهما يحتاج لتصوير","المبادرة تحتاج مالاً والفعالية مجانية","الفعالية دائماً أكبر من المبادرة","المبادرة عملية مستمرة لحل مشكلة، الفعالية نشاط مؤقت ينتهي بوقته","الفعالية (مثل حفل أو ندوة) قد تكون جزءاً من مبادرة، لكن المبادرة مشروع متكامل ومستمر."
"INI-E015","initiative","easy","لماذا نلجأ لاستشارة ""كبار السن ومخاتير الأحياء"" قبل إطلاق مبادرة محلية؟","لأنهم يمتلكون المعرفة العميقة بتاريخ المشاكل، والقبول الاجتماعي للتأثير على السكان","لأنهم سيمولون المبادرة مادياً","لإجبارهم على العمل اليدوي مع الشباب","مجرد إجراء شكلي لا قيمة عملية له","لأنهم يمتلكون المعرفة العميقة بتاريخ المشاكل، والقبول الاجتماعي للتأثير على السكان","الحكمة والوجاهة الاجتماعية لكبار الحي هي مفتاح ذهبي لكسب ثقة السكان وتعاونهم."
"DAM-E016","damascus","easy","ما هو المعلم المائي البارز الذي يتوسط الباحة الرخامية للجامع الأموي؟","بحرة الوضوء","نهر بردى","بركة السباحة","بئر ماء عميق","بحرة الوضوء","بحرة الوضوء تتوسط الصحن وتعتبر تحفة معمارية تستخدم لوضوء المصلين."
"DAM-E017","damascus","easy","أي حي دمشقي يقع على سفوح جبل قاسيون ويشتهر بإطلالته الرائعة على المدينة؟","حي المهاجرين","حي القابون","حي الميدان","حي الدويلعة","حي المهاجرين","حي المهاجرين سُمي بهذا الاسم لاستقباله المهاجرين قديماً، ويتميز بتدرجه على سفح الجبل."
"DAM-E018","damascus","easy","ماذا تُسمى الأزقة الضيقة المتعرجة والمسقوفة أحياناً في دمشق القديمة؟","الحارات والزواريب","الأوتوسترادات","الجادات العريضة","المحاور الرئيسية","الحارات والزواريب","الزواريب والحارات الضيقة صُممت هندسياً لتوفير الظل وكسر حدة الرياح صيفاً وشتاءً."
"DAM-E019","damascus","easy","ما هو الخان التاريخي الأعظم الذي يقع في سوق البزورية بدمشق؟","خان أسعد باشا","خان رستم باشا","خان الحرير","خان الجمرك","خان أسعد باشا","خان أسعد باشا هو أجمل خانات الشرق الأوسط ويتميز بقبابه التي تُدخل النور لساحته."
"DAM-E020","damascus","easy","أي نوع من الأشجار يشتهر به البيت الدمشقي ويزرع دائماً في أرض الديار ليثمر ويعطي رائحة زكية؟","أشجار النارنج والليمون (الحمضيات)","أشجار الصنوبر","أشجار النخيل الصحراوية","أشجار التفاح","أشجار النارنج والليمون (الحمضيات)","شجرة النارنج هي أيقونة البيت الدمشقي، تعطي رائحة عطرة (الزهر) وتستخدم في الطعام."
"DAM-E021","damascus","easy","ما اسم الطراز المعماري الذي يعتمد على تناوب الحجر الأسود والأبيض في جدران دمشق؟","نظام الأبلق","نظام المقرنصات","نظام الأرابيسك","نظام الفسيفساء","نظام الأبلق","فن الأبلق هو استخدام الحجر البازلتي الأسود مع الحجر الكلسي الأبيض بالتناوب لجمالية البناء."
"DAM-E022","damascus","easy","أين يقع المتحف الوطني بدمشق الذي يحوي أهم الآثار والمكتشفات السورية؟","في منطقة البرامكة بجوار التكية السليمانية","داخل قلعة دمشق","في ساحة العباسيين","في قمة جبل قاسيون","في منطقة البرامكة بجوار التكية السليمانية","المتحف الوطني يقع في قلب العاصمة ويضم واجهة قصر الحير الغربي الشهيرة كمدخل له."
"DAM-E023","damascus","easy","ما اسم المشروب الشعبي البارد الذي يباع في أسواق دمشق ويحمله البائع في وعاء نحاسي مزخرف؟","عرق السوس","الشاي الساخن","القهوة المرة","عصير التفاح","عرق السوس","بائع العرقسوس بزيّه التقليدي وصوته المميز بالطاسات النحاسية هو جزء من تراث دمشق."
"DAM-E024","damascus","easy","أي سوق دمشقي يشتهر ببيع الأقمشة والملابس التقليدية الفاخرة؟","سوق تفضلي (الخياطين/الحرير)","سوق الهال","سوق الجمعة","سوق السيارات","سوق تفضلي (الخياطين/الحرير)","الأسواق القديمة في دمشق تخصصية، وهذا السوق مخصص للأقمشة والمنسوجات التراثية."
"DAM-E025","damascus","easy","ماذا يسمى المكان التاريخي الذي كان يقصده الدمشقيون للاستحمام والنظافة العامة واللقاء الاجتماعي؟","حمام السوق (الحمام الشامي)","المسبح الأولمبي","الخان التجاري","التكية","حمام السوق (الحمام الشامي)","حمام السوق (مثل حمام نور الدين الشهيد) كان مركزاً اجتماعياً هاماً للنظافة وتبادل الأحاديث."
"DAM-E026","damascus","easy","أي باب من أبواب دمشق يقع في الجهة الشمالية الشرقية ويعتبر عقدة مواصلات هامة اليوم؟","باب توما","باب الجابية","باب مصلى","باب سريجة","باب توما","ساحة باب توما اليوم تعج بالحركة وتعتبر مدخلاً رئيسياً للمطاعم والأحياء العريقة."
"DAM-E027","damascus","easy","ما اسم الشارع الحديث الذي بُني أوائل القرن العشرين ويعتبر من أهم الشوارع التجارية اليوم؟","شارع الصالحية","الشارع المستقيم","شارع مدحت باشا","شارع بغداد","شارع الصالحية","شارع الصالحية يربط بين مركز المدينة وحي الصالحية في سفح قاسيون ويعج بالنشاط التجاري."
"DAM-E028","damascus","easy","ما هي الوسيلة التقليدية التي كانت تنقل الركاب في شوارع دمشق قديماً وتعمل على الكهرباء؟","الترامواي (الترام)","مترو الأنفاق","التلفريك","القطار البخاري السريع","الترامواي (الترام)","الترامواي كان وسيلة النقل الرئيسية والأنيقة في دمشق حتى منتصف القرن العشرين."
"DAM-E029","damascus","easy","أي من هذه المعالم لا يقع جغرافياً داخل مدينة دمشق (لضمان الدقة)؟","قلعة الحصن","قلعة دمشق","التكية السليمانية","المسجد الأموي","قلعة الحصن","قلعة الحصن معلم سوري تاريخي بارز لكنها تقع جغرافياً في محافظة حمص وليس دمشق."
"DAM-E030","damascus","easy","بماذا يشتهر ""سوق الصاغة"" في قلب دمشق؟","بصياغة وبيع الذهب والمجوهرات التراثية","ببيع الخضار والفواكه","بصناعة النحاسيات فقط","ببيع الأثاث الخشبي","بصياغة وبيع الذهب والمجوهرات التراثية","سوق الصاغة هو المركز التجاري الأهم لبيع وشراء الذهب والمجوهرات منذ عقود طويلة."
"ENV-E016","environment","easy","أي من هذه الأشجار تعتبر شجرة مقاومة للجفاف ومناسبة جداً لبيئة سوريا؟","شجرة الزيتون","شجرة الموز","شجرة جوز الهند","شجرة الكاكاو","شجرة الزيتون","شجرة الزيتون مباركة، تتحمل العطش، وتلائم مناخ البحر المتوسط بشكل ممتاز."
"ENV-E017","environment","easy","ما هو السلوك البيئي الصحيح عند الانتهاء من استخدام الأجهزة الإلكترونية؟","فصلها عن قابس الكهرباء تماماً","تركها موصولة بالكهرباء لتكون جاهزة دائماً","رميها في سلة المهملات إن توقفت لدقائق","تغطيتها بقطعة قماش سميكة","فصلها عن قابس الكهرباء تماماً","الأجهزة الموصولة تستهلك طاقة خفية (طاقة مصاصي الدماء) حتى وهي مطفأة."
"ENV-E018","environment","easy","أي نوع من المصابيح يُفضل استخدامه لترشيد استهلاك الكهرباء في المنزل؟","مصابيح LED (ليد)","مصابيح التنجستين الحرارية القديمة","المصابيح الهالوجينية","الشموع فقط","مصابيح LED (ليد)","مصابيح LED تستهلك طاقة أقل بنسبة 80% وتدوم لسنوات أطول مقارنة بالمصابيح العادية."
"ENV-E019","environment","easy","ماذا نقصد بمصطلح ""إعادة الاستخدام"" (Reuse) في يومياتنا؟","استخدام العلب الزجاجية الفارغة لحفظ أشياء أخرى بدل رميها","إرسال النفايات للمصنع لتذويبها","شراء أشياء جديدة دائماً","طمر الأشياء القديمة في التراب","استخدام العلب الزجاجية الفارغة لحفظ أشياء أخرى بدل رميها","إعادة الاستخدام تعني إطالة عمر الأداة بنفس شكلها (مثل استخدام برطمان المربى للبهارات)."
"ENV-E020","environment","easy","كيف نساهم كأفراد في تقليل هدر الطعام في المنازل؟","بشراء ما نحتاجه فقط وطبخ كميات مناسبة للأسرة","بشراء عروض ضخمة وتخزينها حتى تتلف","برمي بقايا الطعام الصالح في القمامة","بالامتناع عن تناول الخضراوات","بشراء ما نحتاجه فقط وطبخ كميات مناسبة للأسرة","هدر الطعام يعني هدراً للمياه والجهد والطاقة التي استُخدمت في زراعته ونقله."
"ENV-E021","environment","easy","ما هو الأثر السلبي لترك محرك السيارة يعمل أثناء الانتظار الطويل؟","زيادة تلوث الهواء المحلي وهدر الوقود بلا فائدة","تنشيط محرك السيارة ليصبح أسرع","تخفيض حرارة الجو المحيط","تقليل استهلاك زيت المحرك","زيادة تلوث الهواء المحلي وهدر الوقود بلا فائدة","إطفاء المحرك عند الانتظار لأكثر من دقيقة يقلل الانبعاثات الكربونية بشكل كبير."
"ENV-E022","environment","easy","أي وسيلة نقل تعتبر الأفضل بيئياً عند التنقل لمسافات قصيرة داخل الحي؟","المشي أو الدراجة الهوائية","السيارة الخاصة الكبيرة","سيارات الأجرة (التاكسي)","الدراجة النارية المزعجة","المشي أو الدراجة الهوائية","المشي والدراجات تحسن الصحة الجسدية وتضمن انبعاثات كربونية صفرية تماماً."
"ENV-E023","environment","easy","لماذا يُنصح بزراعة نباتات عطرية (كالنعناع والحبق) على شرفات المنازل؟","تلطف الجو، تعطي رائحة جميلة، وتُستخدم طازجة في الطعام","لأنها تحتاج مياهاً مالحة جداً","لأنها تمنع هطول الأمطار الحمضية","لأنها تنمو بدون ضوء شمس","تلطف الجو، تعطي رائحة جميلة، وتُستخدم طازجة في الطعام","الزراعة المنزلية البسيطة تزيد من المساحة الخضراء في المدن وتحسن الصحة النفسية."
"ENV-E024","environment","easy","ما هو التصرف البيئي السليم عند رؤية تسرب مياه كبير في شارع الحي؟","إبلاغ الجهات المختصة (البلدية أو طوارئ المياه) فوراً","تجاهل الأمر فهو مسؤولية الآخرين","وضع القمامة فوق الماء لإخفائه","محاولة الشرب منه","إبلاغ الجهات المختصة (البلدية أو طوارئ المياه) فوراً","المسؤولية المجتمعية تتطلب المبادرة بالتبليغ لوقف هدر ثروة مائية لا تقدر بثمن."
"ENV-E025","environment","easy","أي من هذه المواد يستغرق وقتاً أطول بكثير للتحلل في الطبيعة إذا رُمي عشوائياً؟","العبوات البلاستيكية","قشر الموز","الأوراق والصحف","الكرتون","العبوات البلاستيكية","البلاستيك قد يستغرق مئات السنين ليتحلل، ويتفتت لمايكرو-بلاستيك يلوث التربة."
"ENV-E026","environment","easy","كيف يمكن للمدارس أن تساهم في حماية البيئة بشكل مباشر وفعال؟","بتنظيم حملات توعية مستمرة وتخصيص حاويات لفرز النفايات","بطباعة آلاف الأوراق التوعوية ورميها","بمنع الطلاب من شرب الماء","بإلغاء حصص العلوم","بتنظيم حملات توعية مستمرة وتخصيص حاويات لفرز النفايات","المدرسة هي البيئة الأولى لغرس السلوكيات البيئية المستدامة كالفرز وإعادة التدوير."
"ENV-E027","environment","easy","ما هو الخطر الناتج عن التخلص من الزيوت المستعملة بسكبها في مجلى المطبخ (البلوعة)؟","تتصلب وتسبب انسداد شبكات الصرف وتلوث المياه بشدة","تنظف الأنابيب وتجعلها لامعة","تتحول إلى مياه شرب نقية","لا تشكل أي خطر على الإطلاق","تتصلب وتسبب انسداد شبكات الصرف وتلوث المياه بشدة","لتر واحد من الزيت يمكن أن يلوث آلاف الليترات من المياه ويُعطل محطات المعالجة."
"ENV-E028","environment","easy","لماذا تعتبر النوافذ الكبيرة مفيدة بيئياً في المنازل إذا وُجهت بشكل صحيح؟","تزيد من الإضاءة الطبيعية نهاراً وتوفر استهلاك الكهرباء","تمنع دخول الهواء النقي نهائياً","تزيد من وزن المبنى وتثبته","تمنع نمو النباتات الداخلية","تزيد من الإضاءة الطبيعية نهاراً وتوفر استهلاك الكهرباء","الاعتماد على ضوء الشمس (التصميم السلبي) يقلل فاتورة الطاقة ويرفع جودة السكن."
"ENV-E029","environment","easy","أي من هذه الطيور يعتبر صديقاً للبيئة الزراعية والمدنية لأنه يأكل الحشرات المزعجة؟","طائر السنونو (الخطاف)","الغراب الأسود","النسر الجارح","طائر النعام","طائر السنونو (الخطاف)","السنونو يتغذى على البعوض والحشرات الطائرة، ويعتبر مبيداً حشرياً طبيعياً بامتياز."
"ENV-E030","environment","easy","ما هو التصرف البيئي والأخلاقي الصحيح للتعامل مع الملابس القديمة التي لم نعد نحتاجها؟","التبرع بها أو إعادة تدويرها لاستخدامات أخرى (كمماسح)","رميها في حاوية القمامة العضوية","حرقها لتدفئة المنزل","دفنها في حديقة المنزل","التبرع بها أو إعادة تدويرها لاستخدامات أخرى (كمماسح)","صناعة النسيج تستهلك مياهاً هائلة، فإطالة عمر الملابس يقلل الضغط على البيئة."
"DEV-E016","development","easy","ماذا يعني مفهوم ""العمل الجماعي"" في تنمية وتطوير الحي؟","تكاتف جهود السكان لتحقيق هدف مشترك يحسن حياتهم","أن يعمل شخص واحد بينما يراقب الباقون","تأجيل كل الأعمال حتى تتدخل الحكومة","التنافس على من يهدم أكثر","تكاتف جهود السكان لتحقيق هدف مشترك يحسن حياتهم","العمل الجماعي يولد قوة ضخمة تنجز مشاريع تعجز الجهود الفردية عن تحقيقها."
"DEV-E017","development","easy","أي من هذه المبادرات تمثل ""تنمية ثقافية"" حقيقية في الحي؟","إنشاء مكتبة عامة صغيرة أو نادٍ للقراءة","فتح مقهى للألعاب الإلكترونية فقط","توزيع إعلانات تجارية للمطاعم","إغلاق المدارس للراحة","إنشاء مكتبة عامة صغيرة أو نادٍ للقراءة","التنمية الثقافية ترتقي بفكر الشباب وتوفر لهم بيئة آمنة لاكتساب المعرفة."
"DEV-E018","development","easy","لماذا يُعتبر الاهتمام بمرحلة ""الطفولة المبكرة"" استثماراً تنموياً شديد النجاح؟","لأنه يبني جيلاً سليماً جسدياً ونفسياً وعقلياً للمستقبل","لأنه يوفر المال في الوقت الحاضر","لأن الأطفال لا يتأثرون ببيئتهم","لأنه يمنع الأطفال من اللعب","لأنه يبني جيلاً سليماً جسدياً ونفسياً وعقلياً للمستقبل","السنوات الخمس الأولى تشكل دماغ الطفل ومستقبله، مما ينعكس إيجاباً على إنتاجية المجتمع لاحقاً."
"DEV-E019","development","easy","ما هو الأثر التنموي الفوري لتشجيع ""المشاريع الصغيرة"" في الحي (كالورش اليدوية)؟","توفير فرص عمل جديدة وتحريك العجلة الاقتصادية المحلية","زيادة استيراد البضائع الأجنبية","تفريغ الحي من سكانه","رفع نسبة البطالة","توفير فرص عمل جديدة وتحريك العجلة الاقتصادية المحلية","المشاريع الصغيرة هي عصب الاقتصاد المحلي، فهي توظف أبناء الحي وتبقي المال داخله."
"DEV-E020","development","easy","كيف يساهم ""ذوو الهمم (الاحتياجات الخاصة)"" في تنمية المجتمع إذا تم دمجهم وتأهيلهم؟","يتحولون إلى طاقات منتجة وفاعلة بدلاً من تهميشهم كعبء","لا يمكنهم المساهمة في أي عمل","يزيدون من استهلاك الموارد فقط","يحتاجون لمستشفيات طوال حياتهم","يتحولون إلى طاقات منتجة وفاعلة بدلاً من تهميشهم كعبء","الدمج المجتمعي يحفظ كرامة الإنسان ويستثمر قدراته مهما كانت، وهذا جوهر التنمية."
"DEV-E021","development","easy","ما المقصود بـ ""الوعي الصحي"" كأحد أهداف التنمية المستدامة؟","امتلاك الأفراد لمعلومات صحيحة لحماية أنفسهم من الأمراض السارية","شراء الأدوية بكميات كبيرة لتخزينها","الذهاب للمستشفى كل يوم دون سبب","تناول الوجبات السريعة يومياً","امتلاك الأفراد لمعلومات صحيحة لحماية أنفسهم من الأمراض السارية","الوقاية خير من العلاج؛ الوعي الصحي يقلل الأوبئة ويوفر تكاليف العلاج الباهظة."
"DEV-E022","development","easy","أي من التالي يُعد شكلاً من أشكال ""التنمية التكنولوجية"" الصحيحة في قطاع التعليم؟","تزويد المدارس بالحواسيب وتدريب الطلاب على برمجيات حديثة","السماح للطلاب باللعب على هواتفهم طوال الدرس","إلغاء الكتب المدرسية تماماً","منع الطلاب من استخدام الإنترنت","تزويد المدارس بالحواسيب وتدريب الطلاب على برمجيات حديثة","التكنولوجيا أداة لتعزيز المعرفة ومواكبة العصر، وليست مجرد وسيلة ترفيه."
"DEV-E023","development","easy","لماذا نعتبر مبادرات ""الرياضة للجميع"" جزءاً أساسياً من التنمية المجتمعية؟","لأنها تحسن الصحة العامة وتقلل من الأمراض وتكاليف العلاج الطبي","لأنها تضيع وقت الشباب","لأنها تزيد من العنف في الشوارع","لأنها حكر على الرياضيين المحترفين فقط","لأنها تحسن الصحة العامة وتقلل من الأمراض وتكاليف العلاج الطبي","المجتمع الرياضي هو مجتمع منتج، سليم البدن، ويتمتع بوعي وثقافة الروح الرياضية."
"DEV-E024","development","easy","ما هو الدور التنموي الأهم لـ ""المراكز الثقافية"" الموزعة في المحافظات؟","احتضان المواهب الشبابية وإقامة الندوات ونشر الوعي المعتدل","تأجير القاعات للأعراس فقط","تخزين الكتب القديمة دون قراءتها","توزيع الأموال على زوارها","احتضان المواهب الشبابية وإقامة الندوات ونشر الوعي المعتدل","المركز الثقافي هو حاضنة فكرية تحمي الشباب وتطور مهاراتهم الإبداعية والأدبية."
"DEV-E025","development","easy","أي تصرف يدل على وعي المواطن العميق بأهمية ""الممتلكات العامة""؟","المحافظة على الحديقة العامة ومقاعدها كأنها ملكية خاصة بمنزله","تخريب أعمدة الإنارة للتسلية","سرقة أزهار الزينة من الشوارع","كتابة الذكريات على جدران المدارس","المحافظة على الحديقة العامة ومقاعدها كأنها ملكية خاصة بمنزله","الممتلكات العامة دُفعت قيمتها من ضرائب المجتمع، وتخريبها هو سرقة لحق الجميع."
"DEV-E026","development","easy","ماذا يعني مصطلح ""محو الأمية"" في عصرنا الحالي؟","لا يقتصر على القراءة والكتابة، بل يشمل محو الأمية التكنولوجية والرقمية","معرفة القراءة فقط دون الكتابة","القدرة على شراء الكتب وتخزينها","تعلم لغة أجنبية دون اللغة الأم","لا يقتصر على القراءة والكتابة، بل يشمل محو الأمية التكنولوجية والرقمية","من لا يتقن أساسيات التكنولوجيا اليوم يعتبر ""أميّاً رقمياً"" معزولاً عن سوق العمل."
"DEV-E027","development","easy","كيف تساهم التوعية بـ ""ترشيد الاستهلاك"" في التنمية الاقتصادية للأسرة؟","توفر المال المهدور في الكماليات وتوجهه نحو احتياجات أكثر أهمية كالتعليم","تزيد من الديون المتراكمة","تمنع الأسرة من شراء الطعام كلياً","تجعل الأسرة أكثر إسرافاً","توفر المال المهدور في الكماليات وتوجهه نحو احتياجات أكثر أهمية كالتعليم","الترشيد هو الإدارة الذكية للموارد المتاحة لضمان استقرار الأسرة المالي."
"DEV-E028","development","easy","ما هو أثر تعزيز ""الأمان والسلامة"" في شوارع الحي على التنمية؟","يشجع الناس على الخروج والتفاعل وممارسة أعمالهم براحة وإنتاجية","يخيف السكان ويجعلهم يبقون في المنازل","يوقف الحركة التجارية تماماً","يمنع الأطفال من الذهاب للمدارس","يشجع الناس على الخروج والتفاعل وممارسة أعمالهم براحة وإنتاجية","الأمان هو الركيزة الأولى؛ فلا استثمار ولا عمل ولا تعليم ينجح في بيئة خائفة."
"DEV-E029","development","easy","لماذا تُعتبر مبادرات ""التدريب المهني"" للشباب خطوة تنموية بالغة الأهمية؟","تزودهم بحرف يدوية ومهنية تضمن لهم دخلاً مستقراً وتحميهم من الفقر","تضيع أوقاتهم دون شهادات جامعية","تزيد من أعداد العاطلين عن العمل","تُجبرهم على السفر للخارج","تزودهم بحرف يدوية ومهنية تضمن لهم دخلاً مستقراً وتحميهم من الفقر","سوق العمل يحتاج للحرفيين والمهنيين المهرة، والتدريب المهني هو أسرع طريق لتوظيفهم."
"DEV-E030","development","easy","ما معنى ""تكافؤ الفرص"" في سياق التنمية المجتمعية؟","إعطاء فرصة عادلة للجميع للتعلم والعمل دون تمييز بناءً على خلفيتهم","إعطاء الوظائف للأغنياء فقط","منع النساء من العمل في التجارة","نجاح الشخص المعتمد على الواسطة","إعطاء فرصة عادلة للجميع للتعلم والعمل دون تمييز بناءً على خلفيتهم","العدالة وتكافؤ الفرص يضمنان وضع الشخص المناسب في المكان المناسب، مما يرفع الكفاءة."
"INI-E016","initiative","easy","ما هي الميزة الأهم التي يجب أن تتوفر في قائد المبادرة التطوعية؟","القدرة على التواصل الإيجابي، تنظيم العمل، وتحفيز الفريق","التسلط وإصدار الأوامر الصارمة فقط","الغياب المستمر لترك الفريق يعتمد على نفسه","صرف أمواله الخاصة فقط","القدرة على التواصل الإيجابي، تنظيم العمل، وتحفيز الفريق","القائد الناجح هو المُلهم الذي يكتشف طاقات فريقه ويوجهها نحو الهدف بروح طيبة."
"INI-E017","initiative","easy","لماذا نحتاج لـجلسة ""العصف الذهني"" (Brainstorming) في بداية تخطيط المبادرة؟","لتوليد أكبر عدد ممكن من الأفكار الإبداعية قبل اختيار الأفضل منها","لمعاقبة من لا يمتلك فكرة","لإضاعة الوقت في النقاشات","لإلغاء المبادرة من الأساس","لتوليد أكبر عدد ممكن من الأفكار الإبداعية قبل اختيار الأفضل منها","العصف الذهني يسمح بحرية التفكير دون نقد، مما ينتج حلولاً مبتكرة للمشكلات."
"INI-E018","initiative","easy","ما هي الفائدة الحقيقية لاستخدام ""وسائل التواصل الاجتماعي"" لمبادرتك؟","نشر فكرة المبادرة بشفافية لجذب متطوعين وداعمين جدد","التنمر على مبادرات الأحياء المجاورة","نشر الشائعات والأخبار الكاذبة","إخفاء أسماء المتطوعين","نشر فكرة المبادرة بشفافية لجذب متطوعين وداعمين جدد","الإعلام الرقمي هو أداة قوية لتوسيع دائرة التأثير وكسب ثقة المجتمع المحلي."
"INI-E019","initiative","easy","ماذا نفعل كفريق إذا واجهنا مشكلة طارئة وغير متوقعة أثناء تنفيذ المبادرة الميدانية؟","نجتمع بسرعة لمناقشة المشكلة بهدوء وإيجاد حلول بديلة (خطة ب)","ننسحب فوراً ونلغي المبادرة","نلقي اللوم على قائد الفريق بصراخ","نتجاهل المشكلة ونكمل العمل كأن شيئاً لم يكن","نجتمع بسرعة لمناقشة المشكلة بهدوء وإيجاد حلول بديلة (خطة ب)","إدارة الأزمات والمرونة هما صفتان أساسيتان لنجاح أي فريق تطوعي ميداني."
"INI-E020","initiative","easy","لماذا من المهم جداً شكر المتطوعين وتكريمهم معنوياً بعد انتهاء المبادرة؟","تقديراً لجهودهم المجانية وتشجيعاً لهم على الاستمرار في العطاء","لإجبارهم على دفع التبرعات","لكي نطلب منهم استرداد المعدات","لإخبارهم بأن عملهم لم يكن جيداً","تقديراً لجهودهم المجانية وتشجيعاً لهم على الاستمرار في العطاء","المتطوع لا يتقاضى أجراً مادياً؛ فالتقدير المعنوي هو ""وقود"" العمل التطوعي."
"INI-E021","initiative","easy","في إدارة المبادرات، ما هو ""جدول المهام"" (Task Schedule)؟","قائمة واضحة توضح من سيفعل ماذا، ومتى ينتهي منها","ورقة فارغة نكتب عليها الخواطر","قائمة بأسماء المحلات التي تبيع الطعام للفريق","سجل الغياب والحضور فقط","قائمة واضحة توضح من سيفعل ماذا، ومتى ينتهي منها","توزيع المهام بوضوح يمنع الاتكالية ويضمن إنجاز العمل بالوقت المحدد."
"INI-E022","initiative","easy","أي من هذه الأفكار تمثل مبادرة تطوعية مدرسية بسيطة ومؤثرة؟","دهان المقاعد القديمة ورسم لوحات تعليمية هادفة على جدران الباحة","بيع الكتب المدرسية المستعملة بأسعار خيالية","الهروب من الحصص لتنظيف الشارع","كسر النوافذ لإدخال الهواء","دهان المقاعد القديمة ورسم لوحات تعليمية هادفة على جدران الباحة","التطوع يمكن أن يبدأ بأبسط الأدوات في المكان الذي نقضي فيه معظم وقتنا."
"INI-E023","initiative","easy","ما هو دور ""المتطوع الإعلامي"" في فريق المبادرة؟","توثيق الأنشطة بالصور والفيديو وكتابة محتوى لنشره للجمهور","تقديم الطعام والشراب للعمال","شراء مواد البناء والدهان","حراسة مقر المبادرة ليلاً","توثيق الأنشطة بالصور والفيديو وكتابة محتوى لنشره للجمهور","الإعلامي هو النافذة التي يرى منها المجتمع حجم الإنجاز وصدق النوايا."
"INI-E024","initiative","easy","كيف يجب أن يتعامل الفريق مع النقد السلبي (الهدام) من بعض الأشخاص السلبيين في الحي؟","نستمر بالتركيز على عملنا وأهدافنا الإيجابية ونتجاهل الإحباط المفتعل","ندخل في شجار يومي معهم","نصدقهم ونوقف المبادرة","ننتقم منهم بتشويه جدرانهم","نستمر بالتركيز على عملنا وأهدافنا الإيجابية ونتجاهل الإحباط المفتعل","العمل الناجح يثبت نفسه على الأرض، والرد الأفضل على المحبطين هو الإنجاز الملموس."
"INI-E025","initiative","easy","لماذا يجب تحديد ""الجمهور المستهدف"" بدقة قبل إطلاق المبادرة؟","لضمان أن جهود ووقت المبادرة تصل للأشخاص الذين يحتاجونها فعلاً","لمعرفة من سيدفع الضرائب","لكي نمنعهم من المشاركة","لإقصاء أهالي الحي المجاور","لضمان أن جهود ووقت المبادرة تصل للأشخاص الذين يحتاجونها فعلاً","مبادرة دعم تعليمي يجب أن تستهدف المتسربين دراسياً لتكون جهودها مثمرة وفي محلها."
"INI-E026","initiative","easy","ما هي أهمية وضع ""صندوق الاقتراحات"" في العمل التطوعي؟","توفير وسيلة آمنة لجمع أفكار وآراء المشاركين بصراحة لتحسين العمل","تخويف المتطوعين من الشكاوى","جمع الأموال سراً","تضييع الوقت في قراءة الأوراق","توفير وسيلة آمنة لجمع أفكار وآراء المشاركين بصراحة لتحسين العمل","الصندوق يعطي فرصة لمن يفضلون الكتابة على الكلام لتقديم أفكار تطويرية رائعة."
"INI-E027","initiative","easy","أي من التالي يُعتبر سلوكاً خاطئاً وغير احترافي في العمل التطوعي؟","الغياب المتكرر عن المهام والاجتماعات دون عذر مسبق أو تنسيق","المبادرة باقتراح حلول جديدة","مساعدة زميل متعب في إنجاز مهمته","الابتسامة والتعامل بلطف مع المستفيدين","الغياب المتكرر عن المهام والاجتماعات دون عذر مسبق أو تنسيق","التطوع ليس التزاماً مادياً ولكنه التزام أخلاقي؛ الغياب يربك خطة الفريق بأكمله."
"INI-E028","initiative","easy","كيف نضمن عدم نسيان أي أدوات هامة يوم تنفيذ المبادرة الميدانية؟","بإعداد ""قائمة تحقق"" (Checklist) ومراجعتها بدقة قبل التحرك","بالاعتماد على الذاكرة الشخصية فقط","بشراء أدوات جديدة كل يوم","بطلب الأدوات من المارة في الشارع","بإعداد ""قائمة تحقق"" (Checklist) ومراجعتها بدقة قبل التحرك","قائمة التحقق المكتوبة هي أداة إدارية بسيطة جداً لكنها تنقذ المبادرات من الفشل الميداني."
"INI-E029","initiative","easy","ما معنى أن تكون خطة المبادرة ""مرنة""؟","قدرتها على التكيف وتعديل الأنشطة فوراً إذا تغيرت الظروف (كالطقس)","أن تكون مكتوبة على ورق مرن قابل للطي","أن نسمح بتأجيل العمل لسنوات","أن لا نلتزم بأي هدف","قدرتها على التكيف وتعديل الأنشطة فوراً إذا تغيرت الظروف (كالطقس)","المرونة تعني ثبات ""الهدف"" مع إمكانية تغيير ""الوسيلة"" أو ""الجدول الزمني"" عند الضرورة."
"INI-E030","initiative","easy","لماذا نفضل استخدام ""المواد المُعاد تدويرها"" (كالعجلات والإطارات) في مبادرات تزيين الأحياء؟","لتقليل التكاليف المالية وتقديم رسالة بيئية توعوية مبتكرة بنفس الوقت","لأنها دائماً أجمل من المواد الجديدة","لأنها أثقل وزناً وتمنع السرقة","لأن القانون يجبرنا على ذلك","لتقليل التكاليف المالية وتقديم رسالة بيئية توعوية مبتكرة بنفس الوقت","تحويل إطار سيارة قديم إلى حوض زهور هو توفير للمال وإعادة إحياء للنفايات بلمسة فنية."
"DAM-E031","damascus","easy","ما هو المعلم البارز الذي يقع في حي الصالحية ويضم رفات المتصوف الشهير محي الدين ابن عربي؟","جامع الشيخ محي الدين","جامع بني أمية","التكية السليمانية","جامع درويش باشا","جامع الشيخ محي الدين","جامع الشيخ محي الدين بني في العهد العثماني تكريماً للعالم المتصوف ابن عربي."
"DAM-E032","damascus","easy","أي جسر في دمشق يُعد نقطة التقاء رئيسية للمواصلات ويربط بين منطقة البرامكة وساحة الأمويين؟","جسر الرئيس","جسر الثورة","جسر فيكتوريا","جسر الميدان","جسر الرئيس","جسر الرئيس حافظ الأسد يُعد العقدة المرورية الأهم لنقل الركاب في قلب دمشق."
"DAM-E033","damascus","easy","ما هو الاسم الذي يطلقه الدمشقيون على الحديقة الواسعة الممتدة بين ساحة الأمويين والربوة؟","حديقة تشرين","حديقة الجاحظ","حديقة السبكي","حديقة التجارة","حديقة تشرين","حديقة تشرين هي واحدة من أضخم وأجمل الحدائق العامة في دمشق وتستضيف معارض دورية كمعرض الزهور."
"DAM-E034","damascus","easy","أي من هذه الأبواب يقع في الجهة الجنوبية من سور دمشق القديمة ويجاور مقبرة تاريخية كبرى؟","باب الصغير","باب شرقي","باب توما","باب الفراديس","باب الصغير","باب الصغير سُمي بهذا الاسم لصغر حجمه قديماً، وتقع خارجه مقبرة الباب الصغير الشهيرة."
"DAM-E035","damascus","easy","ماذا تسمى أحواض المياه العامة المزخرفة التي كانت تُبنى في شوارع دمشق القديمة لسقاية المارة؟","السُّبُل (جمع سبيل)","النواعير","الطوالع","الآبار الارتوازية","السُّبُل (جمع سبيل)","سبيل الماء (مثل سبيل الخزنة) كان يُبنى كعمل خيري (وقف) لتوفير ماء الشرب النظيف للمارة."
"DAM-E036","damascus","easy","ما هو الشارع التاريخي الذي يخترق دمشق القديمة من الغرب إلى الشرق ويضم سوق مدحت باشا؟","الشارع المستقيم","شارع بغداد","شارع النصر","شارع الثورة","الشارع المستقيم","الشارع المستقيم ذُكر في الإنجيل، وهو المحور الرئيسي للتخطيط الروماني لمدينة دمشق."
"DAM-E037","damascus","easy","أي منطقة دمشقية تشتهر بكونها المدخل الغربي للمدينة وتعج بالمطاعم والمنتزهات على ضفاف بردى؟","الربوة","جوبر","القابون","برزة","الربوة","الربوة هي المتنفس التاريخي للدمشقيين، تتميز بمقاهيها المتناثرة بين مجرى نهر بردى والجبال."
"DAM-E038","damascus","easy","ما هي المنطقة التي تعتبر المركز التجاري الحديث في دمشق وتضم ساحة يوسف العظمة؟","منطقة المرجة والمحافظة","كفرسوسة","مشروع دمر","الدويلعة","منطقة المرجة والمحافظة","المرجة ومحيط مبنى المحافظة شكلا وسط دمشق الحديث منذ أواخر العهد العثماني وحتى اليوم."
"DAM-E039","damascus","easy","ما هي الوظيفة الأصلية الأساسية لمبنى ""التكية السليمانية"" في دمشق؟","إطعام الفقراء وإيواء عابري السبيل والحجاج","قصر للحاكم العثماني","سجن مركزي","مستشفى عسكري","إطعام الفقراء وإيواء عابري السبيل والحجاج","التكية السليمانية صُممت كـ ""مُجمّع خيري"" يضم مسجداً، غرفاً للضيوف، ومطعماً للفقراء والحجاج."
"DAM-E040","damascus","easy","ما هو الاسم الذي يُطلق على البيت الدمشقي التقليدي ذي الفسحة السماوية والنوافير؟","البيت العربي","البيت الحديث","الشقة السكنية","القبو الطابقي","البيت العربي","يُعرف البيت الدمشقي بـ ""البيت العربي"" لتميزه بالانفتاح على الداخل (أرض الديار) والانغلاق نحو الخارج."
"DAM-E041","damascus","easy","ما هو اسم السوق المتفرع من سوق المناخلية والمخصص لبيع المصنوعات النحاسية التقليدية بدمشق؟","سوق النحاسين","سوق الحرير","سوق الصاغة","سوق الهال","سوق النحاسين","سوق النحاسين يعج بأصوات طرق النحاس ويُعتبر معلماً للحرف اليدوية الدمشقية الأصيلة."
"DAM-E042","damascus","easy","ماذا تُسمى الغرفة المرتفعة والمفتوحة في البيت الدمشقي التي تُستخدم للجلوس واستقبال الضيوف صيفاً؟","الإيوان","المطبخ","القبو","المندلون","الإيوان","الإيوان هو قاعة مفتوحة باتجاه الشمال، ترتفع عن أرض الديار وتوفر هواءً عليلاً ومنظراً جميلاً صيفاً."
"DAM-E043","damascus","easy","أي منطقة بدمشق تضم ملعباً رياضياً دولياً كبيراً يُعرف باسمها؟","حي العباسيين","حي المزة","حي القدم","حي ركن الدين","حي العباسيين","ملعب العباسيين هو أحد أقدم وأشهر الملاعب الرياضية الدولية في العاصمة دمشق."
"DAM-E044","damascus","easy","ما هو فن الزخرفة الخشبية النافرة والمغلفة بعجينة خاصة تُزين قاعات البيوت الدمشقية الفاخرة؟","فن الخشب العجمي","فن الحفر بالليزر","فن التخريم البسيط","فن الأبلق الملون","فن الخشب العجمي","العجمي هو فن دمشقي عريق يعتمد على زخرفة الخشب بعجينة نباتية وتلوينها بماء الذهب والألوان الزاهية."
"DAM-E045","damascus","easy","أي من الأسواق التالية كان متخصصاً ببيع الأحذية والمصنوعات الجلدية في دمشق القديمة؟","سوق الخجا","سوق البزورية","سوق الصاغة","سوق الحرير","سوق الخجا","سوق الخجا القديم كان يقع بمحاذاة قلعة دمشق وكان المركز الأول للمصنوعات الجلدية والحقائب."
"ENV-E031","environment","easy","أي سلوك منزلي بسيط يساعد في تقليل هدر الكهرباء بشكل فوري ومباشر؟","إطفاء المصابيح والأجهزة عند مغادرة الغرفة","تشغيل المكيف على أبرد درجة دائماً","ترك التلفاز يعمل طوال الليل","فتح باب الثلاجة لفترات طويلة","إطفاء المصابيح والأجهزة عند مغادرة الغرفة","الترشيد يبدأ من العادات اليومية البسيطة التي توفر فاتورة الكهرباء وتقلل استهلاك الطاقة الوطنية."
"ENV-E032","environment","easy","كيف نساهم في حماية البيئة عند تسوق الخضار والفواكه يومياً؟","استخدام كيس قماشي واحد كبير بدلاً من عدة أكياس نايلون","شراء الخضار المغلفة بالبلاستيك المقوى فقط","طلب كيس بلاستيك منفصل لكل نوع خضار","رمي الأكياس في الشارع بعد تفريغها","استخدام كيس قماشي واحد كبير بدلاً من عدة أكياس نايلون","الكيس القماشي المتين يعيش لسنوات ويغني عن استهلاك مئات أكياس النايلون الضارة بالبيئة."
"ENV-E033","environment","easy","كيف يمكن الاستفادة بيئياً من مياه غسيل الخضار والفواكه الخالية من الصابون في المنزل؟","استخدامها لري النباتات المنزلية","شربها فوراً","غليها لصنع الشاي","سكبها في مجاري الشارع","استخدامها لري النباتات المنزلية","إعادة استخدام المياه النظيفة للزراعة يُعد من أرقى أشكال الترشيد المنزلي في ظل نقص المياه."
"ENV-E034","environment","easy","ما هي الفائدة البيئية الأبرز لاستخدام ""السخان الشمسي"" المائي على أسطح منازلنا؟","توفير الكهرباء والوقود وتقليل الانبعاثات الكربونية الضارة","تبريد مياه الشرب صيفاً","توليد الكهرباء لتشغيل المنزل كاملاً","زيادة استهلاك الغاز المنزلي","توفير الكهرباء والوقود وتقليل الانبعاثات الكربونية الضارة","السخان الشمسي يوفر مياهاً ساخنة مجانية ومستدامة بالاعتماد الكلي على حرارة الشمس."
"ENV-E035","environment","easy","أي نوع من النفايات المنزلية يمكن الاستفادة منه كغذاء لطيور أو حيوانات الشارع كقطط الحي؟","بقايا الطعام الصالحة ونثرات الخبز","العبوات الزجاجية المكسورة","البطاريات التالفة","الأكياس البلاستيكية","بقايا الطعام الصالحة ونثرات الخبز","عزل بقايا الطعام النظيفة وتقديمها للحيوانات يقلل من حجم القمامة العضوية المتعفنة في الحاويات."
"ENV-E036","environment","easy","ما هو الأثر السلبي المباشر لترك أكياس القمامة المنزلية مكشوفة في الشوارع خارج الحاوية؟","انتشار الحشرات والروائح الكريهة والأمراض المعدية","تلطيف هواء الحي","تجميل منظر الرصيف","زيادة نسبة الأكسجين","انتشار الحشرات والروائح الكريهة والأمراض المعدية","رمي القمامة خارج الحاوية يُعد تشويهاً بصرياً وخطراً صحياً مباشراً على سكان الحي والأطفال."
"ENV-E037","environment","easy","كيف يمكن أن تكون ""الصيانة الدورية"" للسيارة الخاصة عملاً صديقاً للبيئة؟","تقليل احتراق الزيت والدخان العادم وتخفيض استهلاك الوقود","تغيير لون السيارة بانتظام","رفع صوت المحرك لإخافة المارة","زيادة سرعة السيارة لأرقام قياسية","تقليل احتراق الزيت والدخان العادم وتخفيض استهلاك الوقود","المحرك الذي يعمل بكفاءة يحرق وقوداً أقل ويُصدر انبعاثات سامة أقل للهواء."
"ENV-E038","environment","easy","ما هو التصرف الصحيح والآمن عند التخلص من الأدوية منتهية الصلاحية في المنزل؟","رميها في عبوات محكمة لا تُسرب المواد الكيميائية للتربة","رميها في مجاري المياه أو الصرف الصحي مباشرة","حرقها في الشارع مع أوراق الأشجار","إعطاؤها للحيوانات الأليفة","رميها في عبوات محكمة لا تُسرب المواد الكيميائية للتربة","رمي الأدوية في الصرف الصحي يؤدي لتسرب الكيماويات السامة وتلوث المياه الجوفية والأنهار."
"ENV-E039","environment","easy","أي من هذه النباتات تُعتبر من المتسلقات الشهيرة التي تُزرع على شرفات البيوت السورية لتلطيف الهواء؟","ياسمين الشام المتسلق (الياسمين البلدي)","الصبار الصحراوي القاسي","شجر البلوط الضخم","نخل التمر الصحراوي","ياسمين الشام المتسلق (الياسمين البلدي)","عرائش الياسمين تلطف حرارة الصيف، وتمنح الشوارع الدمشقية رائحتها العطرة المميزة."
"ENV-E040","environment","easy","ما هي الفائدة البيئية لذهاب مجموعة جيران معاً بنفس السيارة إلى عملهم المشترك (التشارك بالركوب)؟","تقليل الازدحام المروري والانبعاثات الكربونية وتقليل صرف الوقود","زيادة استهلاك الوقود للسيارة الواحدة","تأخير الجميع عن أوقات عملهم","لا يوجد لها أي فائدة بيئية","تقليل الازدحام المروري والانبعاثات الكربونية وتقليل صرف الوقود","خروج سيارة واحدة بدلاً من أربع سيارات يعني انبعاثات أقل بـ 4 مرات وازدحاماً أخف."
"ENV-E041","environment","easy","أي طريقة ري تُعد الأفضل والأكثر توفيراً للحدائق المنزلية والعامة؟","الري بالتنقيط أسفل النبتة","الري بالغمر (فتح الخرطوم وترك الماء يجري)","رش الماء عالياً في الهواء","ري النباتات وقت الظهيرة الحارة","الري بالتنقيط أسفل النبتة","الري بالتنقيط يوصل الماء لجذور النبتة مباشرة ويمنع تبخر أو هدر كميات هائلة من المياه."
"ENV-E042","environment","easy","ماذا يُسمى الورق الذي يُصنع في المعامل عبر تجميع وعجن الأوراق والكرتون القديم المستعمل؟","الورق المُعاد تدويره","الورق الحريري الشفاف","الورق الزجاجي المقاوم للماء","الورق البلاستيكي","الورق المُعاد تدويره","الورق المُعاد تدويره ينقذ ملايين الأشجار من القطع ويوفر طاقة ومياهاً هائلة أثناء التصنيع."
"ENV-E043","environment","easy","ما هي المشكلة البيئية المرتبطة باستخدام الأكواب والصحون البلاستيكية ذات الاستخدام الواحد بكثرة؟","تتراكم في البيئة ولا تتحلل بسهولة وتسبب تلوثاً كبيراً","تتحلل وتتحول لسماد خلال أيام معدودة","تزيد من خصوبة التربة الزراعية","تعتبر مفيدة جداً لتنظيف مياه الأنهار","تتراكم في البيئة ولا تتحلل بسهولة وتسبب تلوثاً كبيراً","البلاستيك أحادي الاستخدام (Disposable) يستهلك لـ 5 دقائق ويبقى في البيئة لـ 500 عام."
"ENV-E044","environment","easy","ما هي الفائدة البيئية والاقتصادية من تنظيف فلتر (مصفاة) المكيف الهوائي بانتظام؟","تقليل استهلاك الكهرباء وتحسين جودة هواء الغرفة المنعش","زيادة استهلاك الكهرباء بشكل ملحوظ","رفع حرارة الغرفة وجعلها أكثر دفئاً","تغيير لون غاز التبريد داخل المكيف","تقليل استهلاك الكهرباء وتحسين جودة هواء الغرفة المنعش","الفلتر النظيف يسمح بمرور الهواء بسلاسة، مما يريح محرك المكيف ويقلل صرف الطاقة."
"ENV-E045","environment","easy","أي من هذه التصرفات يعتبر ""تلويثاً بصرياً وبيئياً"" للحي السكني؟","رمي مخلفات البناء (الردميات) بشكل عشوائي بين البيوت أو على الأرصفة","زراعة الأشجار الصغيرة على أطراف الأرصفة","طلاء جدران المدرسة بألوان متناسقة وزاهية","تعليق سلال الورد والنباتات على النوافذ","رمي مخلفات البناء (الردميات) بشكل عشوائي بين البيوت أو على الأرصفة","التلوث البصري كالردميات والقمامة يؤثر سلباً على الراحة النفسية للسكان ويشوه هوية المكان."
"DEV-E031","development","easy","أي من الأنشطة التالية يدعم ""الإنتاج المحلي"" كخطوة أساسية في التنمية المجتمعية؟","شراء المنتجات اليدوية والزراعية من أبناء الحي بدلاً من المستوردة الجاهزة","تشجيع شراء البضائع الأجنبية حصراً","إغلاق الورش المحلية والمحلات الصغيرة","الاعتماد على المعونات الخارجية بشكل دائم","شراء المنتجات اليدوية والزراعية من أبناء الحي بدلاً من المستوردة الجاهزة","دعم ابن الحي ومنتجه المحلي يضمن بقاء المال داخل الدورة الاقتصادية المجتمعية."
"DEV-E032","development","easy","كيف يساهم تخصيص غرفة كـ ""مكتبة صغيرة"" في الحي في عملية التنمية؟","نشر المعرفة والثقافة بين الأطفال والشباب بشكل مجاني وآمن","زيادة الازدحام والفوضى في الشارع","تقليل نسبة المتعلمين في المدارس","بيع الكتب بأسعار باهظة للربح المادي","نشر المعرفة والثقافة بين الأطفال والشباب بشكل مجاني وآمن","التنمية الثقافية تصنع جيلاً واعياً ومثقفاً يمتلك أدوات التفكير السليم للارتقاء بمجتمعه."
"DEV-E033","development","easy","ماذا يعني مصطلح ""الأمن الغذائي"" في أبسط صوره بالنسبة للمجتمع التنموي؟","توفر الغذاء الكافي والصحي والآمن لجميع أفراد المجتمع باستمرار","تخزين الأطعمة حتى تفسد في المستودعات","منع الزراعة والاعتماد على الأغذية المصنعة","تناول الطعام في المطاعم الفاخرة فقط","توفر الغذاء الكافي والصحي والآمن لجميع أفراد المجتمع باستمرار","الأمن الغذائي يعني ألا يجوع أحد في المجتمع، وأن يكون الغذاء المتوفر صحياً وبأسعار مقبولة."
"DEV-E034","development","easy","إذا قمنا بتعليم النساء في قرية مهارات ""تصنيع الألبان والأجبان""، ما هو العائد التنموي الأبرز؟","توفير مصدر دخل مستدام للأسر وتحسين التغذية","رفع نسبة البطالة في القرية","إضاعة أوقات الفراغ دون فائدة","إغلاق المصانع الكبرى في العاصمة","توفير مصدر دخل مستدام للأسر وتحسين التغذية","نقل المهارة (Know-How) يحول الفرد من مستهلك ينتظر المساعدة إلى منتج فاعل في السوق."
"DEV-E035","development","easy","ما هي الأهمية التنموية الكبرى لـ ""دور الأيتام والرعاية الاجتماعية"" الجيدة؟","حماية الفئات الفاقدة للسند ودمجهم في المجتمع ليصبحوا فاعلين وإيجابيين","عزلهم عن المجتمع وإبقاؤهم في الظل","استغلالهم في الأعمال الشاقة","تخفيف عدد سكان المدينة فقط","حماية الفئات الفاقدة للسند ودمجهم في المجتمع ليصبحوا فاعلين وإيجابيين","الرعاية الجيدة تمنع تسرب هؤلاء الأطفال للشارع وتحميهم من الاستغلال، ليكونوا بناة للمستقبل."
"DEV-E036","development","easy","أي من هذه الأنشطة يمثل استثماراً ممتازاً في التنمية ""البشرية"" للشباب؟","إرسال الشباب لحضور دورات تدريبية مهنية وتقنية ولغوية","بناء سور ضخم من الخرسانة حول الحي","تغيير ألوان سيارات الأجرة في المدينة","تغيير أسماء جميع شوارع الحي","إرسال الشباب لحضور دورات تدريبية مهنية وتقنية ولغوية","التنمية البشرية تعني الاستثمار في عقول ومهارات الناس، لأن الإنسان هو صانع التنمية الفعلي."
"DEV-E037","development","easy","ما هو الأثر التنموي الإيجابي لإنشاء ""ملاعب رياضية مجانية"" في الأحياء السكنية المكتظة؟","تفريغ طاقات الشباب بشكل صحي وإبعادهم عن العادات السيئة وجلوس الشوارع","زيادة معدلات الجريمة والفوضى","التسبب في مشاكل وضجيج يومي بين السكان","تدمير البنية التحتية للمدارس المجاورة","تفريغ طاقات الشباب بشكل صحي وإبعادهم عن العادات السيئة وجلوس الشوارع","الرياضة تهذب الأخلاق، تشغل وقت الفراغ بأسلوب مفيد، وتحسن الصحة العامة للشباب."
"DEV-E038","development","easy","ماذا نقصد بـ ""ترشيد الاستهلاك"" كأسلوب حياة ومسؤولية تنموية للمواطن؟","شراء ما نحتاجه فقط وتجنب التبذير المفرط في الطعام واللباس والكهرباء","حرمان النفس من الاحتياجات الأساسية تماماً كالطعام","شراء كل شيء بغض النظر عن الحاجة لزيادة النمو","رمي الفائض فوراً في سلة المهملات","شراء ما نحتاجه فقط وتجنب التبذير المفرط في الطعام واللباس والكهرباء","الترشيد هو العقلانية في الصرف لضمان استدامة الموارد الشخصية والوطنية وتقليل الهدر البيئي."
"DEV-E039","development","easy","كيف تساهم دورات ""الإسعافات الأولية"" في رفع المستوى التنموي والأمان في الحي؟","تساهم في إنقاذ الأرواح في الحوادث الطارئة قبل وصول سيارة الإسعاف","توفر الأدوية المهدئة للجميع مجاناً دون وصفة","تغني الناس عن الأطباء والمستشفيات بشكل كامل","لا يوجد لها أي أثر أو فائدة تذكر","تساهم في إنقاذ الأرواح في الحوادث الطارئة قبل وصول سيارة الإسعاف","وجود شخص واحد مدرب على الإسعاف في الحي قد ينقذ حياة إنسان، وهذا قمة التكافل الاجتماعي."
"DEV-E040","development","easy","أي فئة في المجتمع تُعتبر المؤشر الأول والأهم لقياس مدى نجاح خطط التنمية الصحية في أي بلد؟","الأطفال الرضع والأمهات (معدلات وفيات الأطفال والأمومة)","أصحاب المصانع والمؤسسات الكبرى","الموظفون الإداريون في البنوك","الرياضيون المحترفون في الأندية","الأطفال الرضع والأمهات (معدلات وفيات الأطفال والأمومة)","انخفاض وفيات الرضع والأمهات يعني وجود تغذية سليمة، ورعاية صحية، وتوعية طبية ممتازة."
"DEV-E041","development","easy","ما هي الأهمية التنموية لتخصيص ""أرصفة عريضة وآمنة للمشاة"" في شوارع المدن؟","تشجيع رياضة المشي، وتقليل حوادث السير، وحماية كبار السن والأطفال","إعاقة حركة السيارات السريعة بشكل متعمد","وضع المزيد من لوحات الإعلانات الطرقية الضخمة","تخصيصها كمواقف للسيارات الخاصة فقط","تشجيع رياضة المشي، وتقليل حوادث السير، وحماية كبار السن والأطفال","المدينة التنموية هي المدينة الصديقة للإنسان (المشاة) قبل أن تكون صديقة للسيارات والمركبات."
"DEV-E042","development","easy","ماذا يعني توجيه الدعم والمبادرات التنموية لـ ""الأسر المتعففة"" في الحي؟","مساعدة الأسر المحتاجة التي يمنعها خجلها وكرامتها من طلب المساعدة علناً","دعم الأسر الغنية لتزداد استثماراتها","إجبار الناس على التسول وطلب الدعم في الشوارع","تجاهل الفقراء والبحث عن أصحاب النفوذ","مساعدة الأسر المحتاجة التي يمنعها خجلها وكرامتها من طلب المساعدة علناً","التعفف هو صون الكرامة، والواجب التنموي هو البحث عن هذه الأسر ودعمها بسرية واحترام."
"DEV-E043","development","easy","في المشاريع التنموية التعليمية، ما هو الهدف الأسمى من مبادرة ""الحقيبة المدرسية المجانية""؟","تخفيف العبء المادي عن الأسر الفقيرة ومنع تسرب أو انقطاع الأطفال عن المدارس","إجبار الطلاب على حمل حقائب موحدة اللون والشكل","بيع الحقائب بأسعار مخفضة لتحقيق الربح","إثقال كاهل الطلاب بكتب مدرسية إضافية","تخفيف العبء المادي عن الأسر الفقيرة ومنع تسرب أو انقطاع الأطفال عن المدارس","التعليم حق للجميع، وتأمين اللوازم المدرسية يضمن عدم حرمان أي طفل بسبب فقر عائلته."
"DEV-E044","development","easy","ما هو المفهوم التنموي لاستخدام ""التكنولوجيا المناسبة واليسيرة"" للمزارعين في الأرياف؟","استخدام تقنيات زراعية فعالة، رخيصة، وسهلة الصيانة تناسب قدرة الفلاح المحلي","استيراد آلات أجنبية معقدة جداً لا يستطيع أحد تشغيلها أو صيانتها","التخلي التام عن الزراعة والاعتماد على الاستيراد الغذائي","منع دخول أي آلة حديثة والعمل بالأيدي فقط","استخدام تقنيات زراعية فعالة، رخيصة، وسهلة الصيانة تناسب قدرة الفلاح المحلي","التكنولوجيا المناسبة (Appropriate Technology) هي الأداة التي تخدم المجتمع دون أن تُغرقه بالديون أو التعقيد."
"DEV-E045","development","easy","أي من هذه السلوكيات يعزز ""الانتماء والمواطنة"" كقيمة تنموية عليا في الأحياء السورية؟","الحفاظ على المرافق العامة والمشاركة التطوعية في حل مشكلات وأزمات الحي","تخريب الممتلكات العامة والمقاعد كنوع من التسلية","التهرب الدائم من مساعدة الجيران في الأزمات","نشر الشائعات والخلافات المستمرة بين السكان","الحفاظ على المرافق العامة والمشاركة التطوعية في حل مشكلات وأزمات الحي","المواطنة الفاعلة تعني أن تعتبر شوارع وحدائق ومدارس الحي امتداداً لبيتك وتعتني بها كملكك الخاص."
"INI-E031","initiative","easy","ما هي الخطوة الإدارية الأهم فور الانتهاء من تنفيذ نشاط للمبادرة (مثل حملة للتبرع بالدم)؟","توثيق الحدث، شكر المتطوعين، وتقييم الإيجابيات والأخطاء التي حصلت","ترك المعدات في الشارع والعودة للمنازل مسرعين","نسيان الموضوع تماماً وعدم التواصل مع الفريق مجدداً","إغلاق المبادرة وإلغاء فكرتها للأبد","توثيق الحدث، شكر المتطوعين، وتقييم الإيجابيات والأخطاء التي حصلت","التقييم والشكر هما الختام السليم لأي عمل لضمان ولاء المتطوعين وتحسين الأداء مستقبلاً."
"INI-E032","initiative","easy","كيف يمكننا تنظيم مبادرة ""إفطار صائم"" للمارة في الشارع بشكل حضاري وناجح؟","تحديد نقاط التوزيع الآمنة مسبقاً، وتوزيع المهام على الشباب لتجنب الحوادث والازدحام","رمي وجبات الإفطار للسيارات من بعيد أثناء سيرها","توزيع كل الوجبات في حارة واحدة ضيقة لتوفير المشي","التركيز على التصوير فقط دون الاهتمام بالصائمين","تحديد نقاط التوزيع الآمنة مسبقاً، وتوزيع المهام على الشباب لتجنب الحوادث والازدحام","العمل الخيري العشوائي في الشوارع قد يسبب حوادث سير، والتنظيم المسبق يضمن سلامة الجميع وكرم الضيافة."
"INI-E033","initiative","easy","ماذا يستفيد فريق المبادرة من وضع ""ميزانية تقديرية"" قبل إطلاق مبادرة تلوين أرصفة المدرسة؟","معرفة التكلفة التقريبية للدهانات والأدوات لجمع التبرعات بشكل دقيق وشفاف","التهرب من دفع ثمن المواد للمحلات التجارية","إخافة المتطوعين من التكاليف الباهظة للعمل","جمع أموال فائضة وتوزيعها كأرباح شخصية","معرفة التكلفة التقريبية للدهانات والأدوات لجمع التبرعات بشكل دقيق وشفاف","الميزانية التقديرية تحمي المبادرة من التوقف المفاجئ بسبب نفاد المواد أو نقص التبرعات."
"INI-E034","initiative","easy","أي من الأنشطة التطوعية التالية يناسب ""الأطفال واليافعين"" لغرس قيم المبادرة في نفوسهم بأمان؟","المشاركة في زراعة الورود والشتلات الصغيرة في حديقة البناء أو المدرسة","تكليفهم بأعمال البناء وحمل الأكياس الإسمنتية الشاقة","إجبارهم على التبرع من مصروفهم الشخصي للمحتاجين","إبقاؤهم في المنازل بحجة عدم إزعاج المتطوعين الكبار","المشاركة في زراعة الورود والشتلات الصغيرة في حديقة البناء أو المدرسة","الأطفال يحبون رؤية نتيجة عملهم، وزراعة نبتة ومراقبتها تكبر يزرع فيهم حب الطبيعة والعطاء."
"INI-E035","initiative","easy","إذا أردنا إطلاق مبادرة لدعم ""كبار السن"" الوحيدين في الحي، ما هو النشاط الأكثر فائدة نفسياً لهم؟","تنظيم زيارات دورية لهم ومجالستهم وسماع حكاياتهم وذكرياتهم","إعطاؤهم المال عند الباب ثم تركهم وحيدين فوراً","إجبارهم على الخروج للركض وممارسة الرياضة القاسية","تجاهلهم تماماً بحجة عدم إزعاج راحتهم","تنظيم زيارات دورية لهم ومجالستهم وسماع حكاياتهم وذكرياتهم","كبار السن الذين فقدوا عائلاتهم يعانون من العزلة والوحدة، والاهتمام المعنوي يُحيي أرواحهم."
"INI-E036","initiative","easy","ما هي القاعدة الإنسانية والذهبية في العمل التطوعي عند التعامل مع الأسر المحتاجة والمتعففة؟","حفظ كرامتهم وسريتهم التامة وعدم تصوير وجوههم أثناء تقديم المساعدات","تصويرهم واستغلال صورهم على الإنترنت لكسب الإعجابات والدعم","إجبارهم على توجيه شكر علني للمتطوعين وللممولين","إعطاؤهم المساعدة أمام مرأى جميع جيرانهم في الشارع","حفظ كرامتهم وسريتهم التامة وعدم تصوير وجوههم أثناء تقديم المساعدات","كرامة الإنسان فوق كل اعتبار، وتصوير المعونات يجب أن يركز على الأشياء وليس على الوجوه المنكسرة."
"INI-E037","initiative","easy","كيف يجب حل خلاف حاد بين عضوين في فريق المبادرة حول آلية تنفيذ العمل؟","النقاش بهدوء، الاستماع للطرفين، واللجوء لقائد الفريق أو التصويت لحسم الأمر","طرد العضوين المتخاصمين من المبادرة فوراً دون نقاش","إيقاف العمل وتأجيل المبادرة لعدة أشهر حتى يهدأا","السماح لهما بالعراك واستخدام الألفاظ القاسية","النقاش بهدوء، الاستماع للطرفين، واللجوء لقائد الفريق أو التصويت لحسم الأمر","الخلاف في الرأي طبيعي جداً في العمل التطوعي، وفن إدارة الاختلاف هو ما يقوي تماسك الفريق."
"INI-E038","initiative","easy","ما هي الأداة التنظيمية الأبسط لجمع تبرعات عينية (مثل الملابس الشتوية المستعملة) من سكان الحي؟","تحديد نقطة تجميع معروفة (كالمسجد أو مركز الحي) والإعلان عن أوقات استلام محددة","التجول العشوائي على المنازل في أوقات متأخرة وإجبار الناس","وضع صندوق صغير في شارع مهجور ومظلم لا يراه أحد","أخذ الملابس وبيعها في الأسواق بدلاً من التبرع بها","تحديد نقطة تجميع معروفة (كالمسجد أو مركز الحي) والإعلان عن أوقات استلام محددة","تحديد الزمان والمكان يسهل العملية التنظيمية للمتطوعين ويوفر الوقت على المتبرعين."
"INI-E039","initiative","easy","لماذا نُطلق اسم ""حملة"" (Campaign) على بعض المبادرات مثل (حملة التلقيح الوطني ضد شلل الأطفال)؟","لأنها تكون مكثفة الجهد، موجهة لهدف واحد محدد، وتتم في فترة زمنية قصيرة","لأنها تتضمن استخدام القوة لإجبار الناس على الاستجابة","لأنها تستمر لسنوات طويلة جداً دون توقف أو إغلاق","لأنها تكون فردية يقوم بها شخص واحد دون أي فريق","لأنها تكون مكثفة الجهد، موجهة لهدف واحد محدد، وتتم في فترة زمنية قصيرة","الحملة هي استنفار شامل للطاقات والأشخاص لتحقيق هدف سريع وحيوي (مثل التوعية بأمر طارئ)."
"INI-E040","initiative","easy","ما هو الدور العملي لوجود ""صندوق الإسعافات الأولية"" في حقيبة فريق المبادرة الميدانية؟","ضمان سلامة المتطوعين وسرعة الاستجابة في حال حدوث أي جروح أو إصابات طفيفة أثناء العمل","استخدامه كزينة للديكور في الصور التذكارية","بيع الأدوية الموجودة فيه للمارة لجلب المال للمبادرة","لا حاجة له على الإطلاق في الأعمال التطوعية","ضمان سلامة المتطوعين وسرعة الاستجابة في حال حدوث أي جروح أو إصابات طفيفة أثناء العمل","سلامة المتطوعين هي الأولوية القصوى (Safety First) قبل إنجاز أي عمل، وخاصة في مشاريع النظافة والترميم."
"INI-E041","initiative","easy","كيف نحفز سكان الحي على المشاركة الفعالة في مبادرة ""تنظيف المسجد أو الساحة"" الأسبوعية؟","بالقدوة الحسنة؛ عندما يرون شباب الحي ينظفون بحماس وتفانٍ سيشاركونهم تلقائياً","بتوبيخهم المستمر عبر مكبرات الصوت لعدم مشاركتهم وكسلهم","بإغلاق المسجد أو الساحة حتى يتم تنظيفها من قبل شخص آخر","بطلب أجور مالية منهم مقابل قيام الفريق بالتنظيف","بالقدوة الحسنة؛ عندما يرون شباب الحي ينظفون بحماس وتفانٍ سيشاركونهم تلقائياً","المبادرة الذاتية مُعدية؛ الأفعال الإيجابية الصادقة تلهم الآخرين للمشاركة أكثر من آلاف الكلمات."
"INI-E042","initiative","easy","ما هي الفائدة من تخصيص ""شعار موحد"" (Logo) أو سترة موحدة (Vest) ملونة لفريق المبادرة؟","يعطي طابعاً احترافياً للعمل، يسهل التعرف على المتطوعين ميدانياً، ويعزز روح الفريق","لكي يُباع الشعار بأسعار غالية جداً للمستفيدين كنوع من التجارة","للتباهي به في الحفلات الخاصة والمناسبات الشخصية فقط","لا فائدة عملية منه ويعتبر إضاعة لأموال المبادرة","يعطي طابعاً احترافياً للعمل، يسهل التعرف على المتطوعين ميدانياً، ويعزز روح الفريق","الهوية البصرية توحد الفريق (Team Spirit) وتمنحهم غطاءً رسمياً وموثوقية أمام الأهالي والجهات المختصة."
"INI-E043","initiative","easy","مبادرة لجمع الأدوية الفائضة من المنازل لإعطائها للمستوصف الخيري، ما هو الشرط الطبي الأهم هنا؟","فرز الأدوية عبر صيدلي مختص والتأكد من تاريخ صلاحيتها وسلامة شروط حفظها","توزيع الأدوية المجمعة مباشرة على المرضى في الشارع لتوفير وقت الطبيب","خلط جميع أنواع الحبوب معاً في كيس واحد كبير وتقديمه للمستوصف","جمع الأدوية المنتهية الصلاحية فقط لأنها غير مكلفة للناس","فرز الأدوية عبر صيدلي مختص والتأكد من تاريخ صلاحيتها وسلامة شروط حفظها","المبادرات الطبية خطيرة جداً وتتطلب تدخلاً وإشرافاً من أصحاب الاختصاص لضمان عدم حدوث أي تسمم دوائي."
"INI-E044","initiative","easy","ما هو الهدف التنموي والإداري من مبادرة إنشاء ""صندوق شكاوى ومقترحات"" في الحي أو البناء السكني؟","منح السكان مساحة آمنة ومريحة للتعبير عن مشاكلهم وأفكارهم لتطوير الخدمات المشتركة","جمع شكاوى الناس وقراءتها سراً وتجاهلها تماماً فيما بعد","معرفة أسماء المشتكين لمعاقبتهم أو التضييق عليهم من قبل اللجنة","الطلب من الناس وضع الأموال الورقية فيها كنوع من التبرع الإجباري","منح السكان مساحة آمنة ومريحة للتعبير عن مشاكلهم وأفكارهم لتطوير الخدمات المشتركة","الصندوق يعطي صوتاً للجميع، وخاصة لأولئك الذين يفضلون عدم المواجهة المباشرة أو يمتلكون أفكاراً إبداعية."
"INI-E045","initiative","easy","إذا قام فريق من الشباب بتصليح المقاعد الخشبية المكسورة في الحديقة العامة بدهان ومسامير بسيطة، فهذا يعتبر مبادرة لـ:","حماية الممتلكات العامة وصيانتها بتكلفة بسيطة بدلاً من إهمالها لتتلف تماماً","تضييع أوقات الشباب في أعمال هي من مسؤولية البلدية فقط","تخريب الخشب وتفكيكه لبيعه كحطب في الشتاء","الاستيلاء على الحديقة وجعلها ملكية خاصة للفريق","حماية الممتلكات العامة وصيانتها بتكلفة بسيطة بدلاً من إهمالها لتتلف تماماً","المبادرات الاستباقية (الصيانة) توفر مبالغ طائلة على الدولة وتحافظ على جمالية ونظافة المرفق العام للجميع."
"DAM-M001","damascus","medium","أي حي دمشقي يُعرف بأنه أول حي بُني خارج أسوار المدينة القديمة، ولُقب تاريخياً بـ ""إسطنبول الصغرى"" لجمال قصوره؟","حي ساروجة","حي الميدان","حي الشاغور","حي القنوات","حي ساروجة","حي ساروجة بُني في العهد المملوكي وتوسع في العهد العثماني، وسكنته العائلات الارستقراطية."
"DAM-M002","damascus","medium","ما هو أصل تسمية حي ""الميدان"" الدمشقي العريق بهذا الاسم؟","لأنه كان ميداناً فسيحاً لسباق الخيل واستعراض الجيوش (ميدان الحصى)","لأنه يتوسط مدينة دمشق تماماً كالميدان","نسبة لعائلة دمشقية قديمة تدعى عائلة الميداني","لأنه كان مخصصاً لزراعة القمح فقط","لأنه كان ميداناً فسيحاً لسباق الخيل واستعراض الجيوش (ميدان الحصى)","حي الميدان كان خارج السور، واستُخدم كميدان واسع لتدريب الخيول وتجمع قوافل الحج."
"DAM-M003","damascus","medium","بماذا كان يشتهر حي ""القنوات"" الدمشقي، وما سبب تسميته؟","نسبة للقنوات المائية الرومانية التي كانت تمر منه لتوزيع مياه بردى","نسبة لقنوات التلفزيون والإذاعة","لأنه كان طريقاً للقوافل التجارية القادمة من الغرب","نسبة لكثرة الأقنية الخشبية في بيوته","نسبة للقنوات المائية الرومانية التي كانت تمر منه لتوزيع مياه بردى","القنوات حي عريق تميز بشبكة الأقنية المائية القديمة التي تمد البيوت الدمشقية بالماء."
"DAM-M004","damascus","medium","من هم المؤسسون الأوائل لحي ""الصالحية"" على سفوح جبل قاسيون في القرن الثاني عشر الميلادي؟","المهاجرون المقادسة (الحنابلة) الذين قدموا من القدس إبان الغزو الصليبي","العثمانيون في أواخر عهدهم","الرومان لبناء معابدهم","الفرنسيون خلال فترة الانتداب","المهاجرون المقادسة (الحنابلة) الذين قدموا من القدس إبان الغزو الصليبي","المقادسة (آل قدامة) أسسوا الصالحية وسميت بذلك لصلاحهم، وبنوا فيها المدارس والجوامع كالمظفري."
"DAM-M005","damascus","medium","أي منطقة دمشقية حديثة سُميت نسبة إلى ""نوري الشعلان"" أحد شيوخ قبيلة الرولة؟","حي الشعلان","حي أبو رمانة","حي المالكي","حي المزة","حي الشعلان","حي الشعلان بدأ بالظهور أواخر العشرينيات، وارتبط اسمه بالشيخ نوري الشعلان الذي بنى قصراً هناك."
"DAM-M006","damascus","medium","حي ""المزة"" الدمشقي قبل أن يتحول لأبراج حديثة، بماذا كان يشتهر تاريخياً؟","ببساتينه الخضراء الواسعة وصبارته الشهيرة (صبارة المزة)","بمصانع النسيج والحرير","بكونه مقبرة تاريخية كبرى","بأنه منطقة صناعية بحتة","ببساتينه الخضراء الواسعة وصبارته الشهيرة (صبارة المزة)","المزة كانت قرية غوطية شهيرة جداً ببساتينها، ولا تزال ""صبارة المزة"" مضرباً للمثل بجودتها."
"DAM-M007","damascus","medium","ما هو الاسم التاريخي الروماني لـ ""سوق مدحت باشا""؟","الشارع المستقيم (Via Recta)","شارع الأعمدة","طريق الحرير","سوق التوابل","الشارع المستقيم (Via Recta)","الشارع المستقيم ذُكر في النصوص القديمة، ويمتد من شرق دمشق إلى غربها بتخطيط روماني."
"DAM-M008","damascus","medium","ما الذي يُميز ""قلعة دمشق"" عن معظم قلاع سوريا والعالم؟","أنها شُيدت على مستوى الأرض (منبسطة) واعتمدت على نهر بانياس كخندق حماية","أنها القلعة الوحيدة التي ليس لها أبواب","أنها مبنية بالكامل من الخشب اللبن","أنها تقع على قمة جبل قاسيون","أنها شُيدت على مستوى الأرض (منبسطة) واعتمدت على نهر بانياس كخندق حماية","قلعة دمشق نادرة معمارياً لأنها لا تعتلي تلة، بل حصنت نفسها بالأسوار المزدوجة وخنادق المياه."
"DAM-M009","damascus","medium","متى ظهر ""الترامواي"" (الترام) كوسيلة نقل حديثة ربطت أحياء دمشق كالميدان والصالحية ببعضها؟","في عام 1907 أواخر العهد العثماني","في السبعينيات من القرن العشرين","خلال العهد الأموي","في عام 2000","في عام 1907 أواخر العهد العثماني","الترامواي الكهربائي كان نقلة نوعية في عمران دمشق ومواصلاتها، واستمر حتى الستينيات."
"DAM-M010","damascus","medium","أي الأبواب التالية يُعد من أبواب دمشق التي أُضيفت في العهود الإسلامية (ليس رومانياً)؟","باب الفرج","باب توما","باب شرقي","باب الجابية","باب الفرج","باب الفرج استحدثه السلطان نور الدين زنكي لتسهيل التواصل العسكري مع قلعة دمشق."
"DAM-M011","damascus","medium","في أي حي من أحياء دمشق يقع مقام السيدة زينب؟","حي السيدة زينب (جنوب دمشق)","حي العمارة","حي الميدان","حي المهاجرين","حي السيدة زينب (جنوب دمشق)","المنطقة سُميت نسبة للمقام، وتعتبر من أهم المزارات الدينية وتتميز بكثافة حركة الزوار."
"DAM-M012","damascus","medium","حي ""العمارة"" الدمشقي القديم، بماذا يشتهر تاريخياً؟","بمدارسه التاريخية العريقة ومكتباته ومقامات العلماء","بمصانع الحديد والصلب","بكونه حياً للملاهي الليلية قديماً","بوجود ملاعب كرة القدم فيه","بمدارسه التاريخية العريقة ومكتباته ومقامات العلماء","حي العمارة (الجوانية والبرانية) احتضن كبار علماء دمشق وتميز بالمدرسة الظاهرية والمكتبات."
"DAM-M013","damascus","medium","ما هو التغير العمراني الأبرز الذي طرأ على بناء البيوت الدمشقية عند الانتقال للأحياء الحديثة كأبو رمانة؟","استبدال ""أرض الديار"" الداخلية المفتوحة بـ ""الشرفات/البلكون"" المطلة على الشارع","إلغاء النوافذ بشكل كامل","بناء البيوت تحت الأرض (أقبية)","استخدام الخيم بدلاً من الإسمنت","استبدال ""أرض الديار"" الداخلية المفتوحة بـ ""الشرفات/البلكون"" المطلة على الشارع","التحول من الانغلاق نحو الداخل (البيت القديم) إلى الانفتاح نحو الخارج (الشقق الحديثة الشرفات)."
"DAM-M014","damascus","medium","نهر بردى يتفرع لسبعة فروع، أي من هذه الفروع ليس من قنوات بردى؟","الخابور","تورا","يزيد","بانياس","الخابور","فروع بردى السبعة هي: بردى، بانياس، قنوات، عقرباني، ديراني، يزيد، وتورا."
"DAM-M015","damascus","medium","أين يقع ""قصر النعسان"" الذي يُعد من التحف المعمارية الدمشقية؟","بالقرب من باب شرقي","في حي المهاجرين","في حي كفرسوسة","داخل قلعة دمشق","بالقرب من باب شرقي","قصر بيت النعسان في باب شرقي هو نموذج باهر للبيت الدمشقي، ويشتهر بمصانع الموزاييك والنحاسيات فيه."
"ENV-M001","environment","medium","ما هو السبب الرئيسي الذي يهدد مياه نهر بردى اليوم بيئياً؟","التصريف العشوائي لمياه الصرف الصحي والمخلفات الصناعية المباشرة فيه","كثرة الأسماك الكبيرة فيه","تبخر المياه بسبب الاحتباس الحراري فقط","زراعة الأشجار على ضفافه","التصريف العشوائي لمياه الصرف الصحي والمخلفات الصناعية المباشرة فيه","صب مخلفات المعامل والصرف غير المعالج أدى لاختناق النهر بيئياً وتدمير تنوعه الحيوي."
"ENV-M002","environment","medium","ما هو السبب الأساسي لتناقص منسوب المياه الجوفية في ""حوض دمشق"" بشكل خطير؟","حفر الآبار العشوائية وغير المرخصة بكثافة للاستخدام الزراعي والصناعي","شرب السكان للمياه بكثرة","قلة هطول الأمطار ليوم واحد فقط","بناء سدود ضخمة في دول الجوار","حفر الآبار العشوائية وغير المرخصة بكثافة للاستخدام الزراعي والصناعي","الضخ الجائر من الآبار العشوائية يستنزف الخزان المائي أسرع بكثير من قدرة الأمطار على تعويضه."
"ENV-M003","environment","medium","ظاهرة ""العشوائيات"" على أطراف دمشق، ما هو أثرها البيئي الأكبر؟","التمدد الإسمنتي الذي قضى على مساحات شاسعة من أراضي الغوطة الزراعية الخصبة","زيادة مساحة الغابات في دمشق","تنظيم حركة المرور وتوسيع الشوارع","تقليل الكثافة السكانية في المدينة","التمدد الإسمنتي الذي قضى على مساحات شاسعة من أراضي الغوطة الزراعية الخصبة","الزحف العمراني غير المخطط أدى لابتلاع الغوطة، مما رفع حرارة المدينة وزاد التلوث."
"ENV-M004","environment","medium","ما هو المفهوم الهندسي والبيئي لـ ""العمارة الخضراء"" في الأبنية الحديثة؟","تصميم مباني تستهلك أقل طاقة ممكنة وتعتمد على الإضاءة والتهوية الطبيعية والعزل","طلاء جميع جدران المبنى باللون الأخضر فقط","بناء بيوت من أغصان الشجر حصراً","بناء أبراج عالية جداً","تصميم مباني تستهلك أقل طاقة ممكنة وتعتمد على الإضاءة والتهوية الطبيعية والعزل","العمارة الخضراء تقلل البصمة الكربونية للمبنى وتجعله صديقاً للبيئة طوال فترة استخدامه."
"ENV-M005","environment","medium","لماذا يُعتبر استبدال الأشجار المثمرة بأشجار الزينة الدخيلة في الأرصفة سلوكاً بيئياً خاطئاً؟","لأن الأشجار الدخيلة قد تستهلك مياهاً أكثر ولا تدعم طيور وحشرات البيئة المحلية","لأن أشجار الزينة أرخص ثمناً","لأنها تمنع الناس من المشي","لأنها تطرح غازات سامة","لأن الأشجار الدخيلة قد تستهلك مياهاً أكثر ولا تدعم طيور وحشرات البيئة المحلية","النباتات المحلية (كالنارنج) متكيفة مع المناخ وتدعم التوازن البيئي للطيور والحشرات المحلية."
"ENV-M006","environment","medium","ما هو الفرق بين ""المكب العشوائي"" للنفايات و""المطمر الصحي""؟","المطمر الصحي يُبطّن بمواد تمنع تسرب عصارة النفايات السامة للمياه الجوفية، ويُغلف يومياً","المكب العشوائي أفضل للبيئة","لا يوجد أي فرق بينهما","المطمر الصحي يستخدم لحرق القمامة فقط","المطمر الصحي يُبطّن بمواد تمنع تسرب عصارة النفايات السامة للمياه الجوفية، ويُغلف يومياً","المطمر الصحي هندسة بيئية تحمي الأرض والماء وتعالج الغازات المنبعثة من القمامة."
"ENV-M007","environment","medium","ما هو مفهوم ""الزراعة الحضرية"" (Urban Agriculture) الذي بدأ ينتشر في المدن السورية؟","زراعة الأسطح والشرفات بالخضار لتوفير غذاء محلي وتقليل حرارة المباني","زراعة القمح في الشوارع الرئيسية","إنشاء مزارع أبقار داخل الشقق السكنية","إلغاء الحدائق العامة وتحويلها لمقاهي","زراعة الأسطح والشرفات بالخضار لتوفير غذاء محلي وتقليل حرارة المباني","الزراعة الحضرية تدعم الأمن الغذائي المنزلي وتعمل كعازل حراري طبيعي للأسقف."
"ENV-M008","environment","medium","عند الحديث عن التلوث المروري، لماذا تكون ""فترات الازدحام الخانق"" (الوقوف والانطلاق المتكرر) هي الأسوأ بيئياً؟","لأن الاحتراق غير الكامل للوقود يزيد من تركيز أول أكسيد الكربون والرصاص في الهواء","لأن السيارات تستهلك كهرباء أكثر","لأن صوت محركات السيارات يقل في الازدحام","لأن السيارات الحديثة لا تلوث أبداً","لأن الاحتراق غير الكامل للوقود يزيد من تركيز أول أكسيد الكربون والرصاص في الهواء","الوقوف الطويل والسرعات المنخفضة تضاعف الانبعاثات السامة مقارنة بالانسيابية المرورية."
"ENV-M009","environment","medium","ما هو ""التلوث الضوئي"" في المدن وتأثيره البيئي؟","الاستخدام المفرط وغير الموجه للإنارة ليلاً، مما يشوش هجرة الطيور ويحجب رؤية النجوم","استخدام مصابيح ملونة فقط","ظاهرة طبيعية تحدث بسبب القمر","انقطاع الكهرباء المستمر","الاستخدام المفرط وغير الموجه للإنارة ليلاً، مما يشوش هجرة الطيور ويحجب رؤية النجوم","الإنارة العشوائية ليلاً تهدر الطاقة وتخل بالساعة البيولوجية للإنسان والحيوان."
"ENV-M010","environment","medium","في المستشفيات والعيادات، لماذا يجب فصل ""النفايات الطبية"" عن النفايات العادية تماماً؟","لأنها شديدة العدوى وتحوي مواد خطرة تتطلب معالجة خاصة كالحرق في محارق طبية","لأن وزنها ثقيل جداً على عمال النظافة","لأن النفايات الطبية قابلة لإعادة الاستخدام بسهولة","لأنها تحوي مواد ثمينة يمكن بيعها","لأنها شديدة العدوى وتحوي مواد خطرة تتطلب معالجة خاصة كالحرق في محارق طبية","رمي الإبر والمخلفات الطبية في المكبات العادية يهدد حياة نابشي القمامة وعمال النظافة وينقل الأوبئة."
"ENV-M011","environment","medium","ما هي مشكلة ""الأكياس البلاستيكية القابلة للتحلل الحيوي"" (Biodegradable) إذا رُميت عشوائياً؟","أنها تحتاج لظروف حرارة ورطوبة خاصة (في مصانع الكومبوست) لتتحلل، وإلا فستبقى لسنوات","أنها تذوب في الماء فوراً وتلوثه","أنها تتحول لذهب مع مرور الوقت","لا توجد لها أي مشكلة","أنها تحتاج لظروف حرارة ورطوبة خاصة (في مصانع الكومبوست) لتتحلل، وإلا فستبقى لسنوات","الكثير من البلاستيك الذي يُسوق كـ ""صديق للبيئة"" يحتاج لمعالجة صناعية لكي يتحلل فعلياً."
"ENV-M012","environment","medium","كيف يساهم تركيب ""قطع توفير المياه"" على صنابير المساجد والمدارس في البيئة؟","تخلط الهواء بالماء فتعطي دفعاً قوياً يقلل استهلاك المياه بنسبة تتجاوز 50%","تجعل الماء ساخناً دائماً","تغير طعم الماء ليصبح ألذ","تمنع المياه من النزول نهائياً","تخلط الهواء بالماء فتعطي دفعاً قوياً يقلل استهلاك المياه بنسبة تتجاوز 50%","هذه القطع البسيطة والرخيصة (Aerators) هي ثورة في ترشيد المياه للمرافق العامة."
"ENV-M013","environment","medium","ما هو مفهوم ""المتسوق المستدام"" عند شراء احتياجاته من السوق المحلي؟","شراء المنتجات المحلية الموسمية لتقليل التلوث الناتج عن النقل والشحن الدولي","شراء الفواكه المستوردة فقط لضمان جودتها","شراء كل شيء مغلف بالبلاستيك لحمايته","رفض شراء الخضار تماماً","شراء المنتجات المحلية الموسمية لتقليل التلوث الناتج عن النقل والشحن الدولي","دعم المنتج المحلي يوفر الوقود المستخدم في استيراد البضائع عبر الطائرات والسفن."
"ENV-M014","environment","medium","لماذا يُمنع صيد بعض الطيور والحيوانات في مواسم معينة في سوريا؟","لأنها تكون في فترة التكاثر والتزاوج، وصيدها يهدد بانقراض النوع واختلال البيئة","لأن لحومها تكون سامة في هذا الموسم","لأنها تهاجر ولا يمكن العثور عليها","لأن الصيد يحتاج لترخيص دائم فقط","لأنها تكون في فترة التكاثر والتزاوج، وصيدها يهدد بانقراض النوع واختلال البيئة","فترات المنع البيئية تضمن تجدد الحياة البرية وحماية التنوع الحيوي السوري."
"ENV-M015","environment","medium","ما هي المشكلة الأساسية في زراعة أنواع واحدة من المحاصيل بكثافة (الزراعة الأحادية) بدلاً من التنوع؟","تُجهد التربة، وتستنزف عناصر غذائية محددة، وتجعل المحصول عرضة لآفة واحدة تدمره بالكامل","تجعل المزرعة أجمل من حيث المظهر","لا تحتاج إلى مياه ري أبداً","تُنتج فواكه أكبر حجماً دائماً","تُجهد التربة، وتستنزف عناصر غذائية محددة، وتجعل المحصول عرضة لآفة واحدة تدمره بالكامل","التنوع الزراعي هو خط الدفاع الأول للتربة ضد التصحر والأمراض الزراعية."
"DEV-M001","development","medium","في سياق التنمية، ماذا يقيس ""مؤشر الفقر متعدد الأبعاد"" (MPI) بدلاً من الاعتماد على الدخل المادي فقط؟","يقيس الحرمان في الصحة، جودة التعليم، ومستوى المعيشة (كالكهرباء والماء النظيف)","يقيس كمية النقود في الحسابات البنكية فقط","يقيس عدد السيارات التي تمتلكها الأسرة","يقيس نسبة الذكور إلى الإناث في المجتمع","يقيس الحرمان في الصحة، جودة التعليم، ومستوى المعيشة (كالكهرباء والماء النظيف)","الفقر ليس نقصاً في المال فحسب، بل هو الحرمان من أساسيات الحياة الكريمة والتعليم والصحة."
"DEV-M002","development","medium","ما هو مفهوم ""التمويل الأصغر"" (Microfinance) ودوره في التنمية السورية؟","تقديم قروض صغيرة للأفراد لإنشاء مشاريع صغيرة مولدة للدخل، خاصة لمن لا يملكون ضمانات بنكية","تمويل المشاريع الحكومية الكبرى كالسدود","إعطاء مبالغ مالية كصدقات لا تُرد","تمويل شراء السيارات الفارهة","تقديم قروض صغيرة للأفراد لإنشاء مشاريع صغيرة مولدة للدخل، خاصة لمن لا يملكون ضمانات بنكية","التمويل الأصغر يُمكّن أصحاب الحرف والنساء من بدء ورشهم الخاصة وإعالة أسرهم بكرامة."
"DEV-M003","development","medium","ماذا نقصد بـ ""التعافي المبكر"" (Early Recovery) في المجتمعات التي مرت بأزمات؟","استعادة الخدمات الأساسية، وتأهيل البنية التحتية، ودعم سبل العيش ليعتمد الناس على أنفسهم مجدداً","توزيع السلال الغذائية للأبد","بناء ناطحات السحاب فوراً","تجاهل الأضرار والبدء من مدينة جديدة","استعادة الخدمات الأساسية، وتأهيل البنية التحتية، ودعم سبل العيش ليعتمد الناس على أنفسهم مجدداً","التعافي المبكر هو الجسر الذي ينقل المجتمع من مرحلة الإغاثة الطارئة إلى مرحلة التنمية المستدامة."
"DEV-M004","development","medium","كيف تؤدي ظاهرة ""تسرب الأطفال من المدارس"" للعمل، إلى تدمير خطط التنمية المستقبلية؟","تحرمهم من التعليم مما يخلق جيلاً يفتقر للمهارات، ويزيد من معدلات الفقر والأمية والبطالة مستقبلاً","توفر أيدي عاملة رخيصة تفيد الاقتصاد","تزيد من ذكاء الأطفال العملي على حساب النظري","لا تؤثر على التنمية إذا تعلموا مهنة","تحرمهم من التعليم مما يخلق جيلاً يفتقر للمهارات، ويزيد من معدلات الفقر والأمية والبطالة مستقبلاً","التعليم هو الرافعة الوحيدة لكسر حلقة الفقر المتوارث عبر الأجيال."
"DEV-M005","development","medium","ما هو ""رأس المال الاجتماعي"" (Social Capital) في أحياء دمشق وأهميته التنموية؟","شبكة العلاقات، الثقة، والتكافل بين أبناء الحي، والتي تُسّهل العمل الجماعي وتخطي الأزمات","المبالغ المالية التي يجمعها مختار الحي","البنوك والشركات الاستثمارية في المنطقة","عدد المؤسسات الحكومية في الحي","شبكة العلاقات، الثقة، والتكافل بين أبناء الحي، والتي تُسّهل العمل الجماعي وتخطي الأزمات","جمعيات الحارة، وصناديق التكافل، والتعاون بين الجيران، كلها أشكال لرأس مال اجتماعي يدعم صمود الحي."
"DEV-M006","development","medium","كيف يساهم تطوير ""الحرف التقليدية"" (كصناعة البروكار والموزاييك) في التنمية الاقتصادية؟","يخلق فرص عمل، يجلب عملات أجنبية عبر التصدير والسياحة، ويحمي الهوية الثقافية السورية","يزيد من تلوث البيئة بسبب الآلات","يجعل الاقتصاد يعتمد على تكنولوجيا الفضاء","يحد من فرص عمل الشباب الجامعي","يخلق فرص عمل، يجلب عملات أجنبية عبر التصدير والسياحة، ويحمي الهوية الثقافية السورية","الحرف اليدوية التراثية هي صناعة خضراء وصديقة للبيئة ولها قيمة اقتصادية عالمية."
"DEV-M007","development","medium","التخطيط ""من القاعدة إلى القمة"" (Bottom-Up Approach) في تنمية الأحياء يعني:","أن يُشارك السكان في تحديد احتياجاتهم وتصميم الحلول بأنفسهم، وتدعمهم السلطات لاحقاً","أن تتخذ الحكومة قرارات دون سؤال أحد وتنفذها","أن يتم العمل في الطوابق السفلية أولاً","أن يخطط الأطفال للحي","أن يُشارك السكان في تحديد احتياجاتهم وتصميم الحلول بأنفسهم، وتدعمهم السلطات لاحقاً","هذا النهج يضمن أن التنمية تلبي الحاجة الحقيقية لأن أصحاب المشكلة هم من صمموا الحل."
"DEV-M008","development","medium","ما هو تحدي ""التعليم الموازي لسوق العمل"" الذي يواجه التنمية الشبابية اليوم؟","تخريج طلاب بشهادات نظرية لا تتناسب مع المهارات التقنية والعملية التي تطلبها الشركات","نقص عدد المدارس في العاصمة","دراسة الطلاب في مدارس مسائية","منع الشباب من دخول الجامعات","تخريج طلاب بشهادات نظرية لا تتناسب مع المهارات التقنية والعملية التي تطلبها الشركات","الفجوة بين مخرجات التعليم واحتياجات السوق تسبب بطالة هيكلية رغم وجود شهادات جامعية."
"DEV-M009","development","medium","ما المقصود بـ ""الاقتصاد غير الرسمي"" (اقتصاد الظل) وتأثيره على التنمية؟","الأعمال والبسطات غير المسجلة التي توفر دخلاً للناس لكنها تحرم الدولة من الضرائب ولا توفر ضماناً للعامل","البنوك التي تفتح أبوابها ليلاً","التجارة الإلكترونية المشروعة","الشركات الحكومية الكبرى","الأعمال والبسطات غير المسجلة التي توفر دخلاً للناس لكنها تحرم الدولة من الضرائب ولا توفر ضماناً للعامل","تسهيل ترخيص الأعمال الصغيرة يدمجها في الاقتصاد الرسمي، مما يحمي العامل ويدعم ميزانية الدولة."
"DEV-M010","development","medium","في التطوير العمراني العشوائي، ما هو الحل التنموي الأفضل للتعامل مع ""العشوائيات"" القائمة؟","الارتقاء بالبنية التحتية وإدخال الخدمات الأساسية (الصرف والماء) وتطويرها بدلاً من هدمها وتشريد سكانها","هدمها بالكامل فوراً وتجاهل مصير السكان","إحاطتها بأسوار وعزلها عن المدينة","تلوين واجهاتها من الخارج فقط","الارتقاء بالبنية التحتية وإدخال الخدمات الأساسية (الصرف والماء) وتطويرها بدلاً من هدمها وتشريد سكانها","التطوير التشاركي للعشوائيات (Upgrading) يعترف بحق الناس في السكن ويحسن بيئتهم بأقل تكلفة اجتماعية."
"DEV-M011","development","medium","ماذا نعني بـ ""التهيئة المكانية"" عند الحديث عن إدماج ذوي الإعاقة تنموياً؟","تجهيز الشوارع والمرافق بـ(منحدرات، إشارات مرئية وسمعية) ليتمكنوا من الاعتماد على أنفسهم","بناء مستشفيات خاصة بهم بعيداً عن المدينة","إبقاؤهم في منازلهم مع توفير راتب شهري","توظيف مرافق خاص لكل شخص","تجهيز الشوارع والمرافق بـ(منحدرات، إشارات مرئية وسمعية) ليتمكنوا من الاعتماد على أنفسهم","التهيئة المكانية هي ما تحول المعاق إلى شخص مستقل وقادر على العمل والاندماج في المجتمع."
"DEV-M012","development","medium","كيف تُعتبر ""اللامركزية الإدارية"" (نقل الصلاحيات للبلديات والمحافظات) داعماً للتنمية؟","لأن الإدارات المحلية أقدر على فهم مشاكل أحيائها وتخصيص الميزانية بدقة وسرعة","لأنها تلغي دور الحكومة نهائياً","لأنها تزيد من التعقيدات والأوراق المطلوبة","لأنها توفر فرص عمل لعمال النظافة فقط","لأن الإدارات المحلية أقدر على فهم مشاكل أحيائها وتخصيص الميزانية بدقة وسرعة","التنمية المحلية تتسارع عندما يمتلك أبناء المحافظة أو البلدية صلاحية اتخاذ القرارات التي تخصهم."
"DEV-M013","development","medium","ما هو الأثر التنموي لانتشار ""السياحة البيئية"" في الأرياف والمناطق الطبيعية السورية؟","تنمية الريف اقتصادياً، حماية البيئة من التلوث الصناعي، وتوفير فرص عمل للسكان المحليين","بناء فنادق ضخمة من الأسمنت تدمر الغابات","منع السكان المحليين من دخول أراضيهم","تحويل الأنهار لمسابح صناعية","تنمية الريف اقتصادياً، حماية البيئة من التلوث الصناعي، وتوفير فرص عمل للسكان المحليين","السياحة البيئية تعتمد على الطبيعة والثقافة المحلية، وتستفيد اقتصادياً مع الحفاظ على التوازن البيئي."
"DEV-M014","development","medium","لماذا يعتبر دعم الزراعة الأسرية (Smallholder Farming) مهماً جداً للأمن الغذائي المحلي؟","لأنها توفر غذاءً محلياً مباشراً للأسرة وللحي، وتخفف الاعتماد على الأسواق والأسعار العالمية","لأنها تنتج محاصيل قابلة للتصدير بكميات ضخمة","لأنها تقضي على الحشرات بالكامل","لأنها لا تحتاج لأي مياه","لأنها توفر غذاءً محلياً مباشراً للأسرة وللحي، وتخفف الاعتماد على الأسواق والأسعار العالمية","المزارع الصغيرة والمنازل الريفية هي خط الدفاع الأول ضد الجوع وتقلبات أسعار الغذاء."
"DEV-M015","development","medium","ماذا يقيس مؤشر ""الكفاءة الداخلية"" (Internal Efficiency) للنظام التعليمي التنموي؟","مدى قدرة النظام على تقليل نسب الرسوب والتسرب وإيصال الطالب للتخرج بنجاح","حجم المباني المدرسية وألوانها","عدد المعلمين الذين يحملون شهادات دكتوراه","عدد الساعات التي يقضيها الطالب في الملعب","مدى قدرة النظام على تقليل نسب الرسوب والتسرب وإيصال الطالب للتخرج بنجاح","النظام التعليمي الكفء هو الذي يستثمر الأموال بشكل صحيح ولا يسمح بضياع طاقات الطلاب."
"INI-M001","initiative","medium","في التخطيط الإداري للمبادرات، ماذا تعني أداة (SWOT Analysis)؟","تحليل: نقاط القوة، الضعف، الفرص، والتهديدات للمبادرة","تحليل: الميزانية، الوقت، المكان، والفريق","تقييم المتطوعين وطردهم","تصميم الشعار واسم المبادرة","تحليل: نقاط القوة، الضعف، الفرص، والتهديدات للمبادرة","(SWOT) هي بوصلة المبادرة؛ تعرف عبرها ما يميز فريقك (قوة) وما يعيقه (ضعف) والبيئة المحيطة (فرص وتهديدات)."
"INI-M002","initiative","medium","ما الفرق الإداري الأساسي بين ""المبادرة الشبابية"" و ""المنظمة/المؤسسة الأهلية""؟","المبادرة أكثر مرونة وعفوية ومؤقتة غالباً، بينما المؤسسة ذات هيكل قانوني دائم ومعقد","المبادرة مسموح لها بجمع ملايين الدولارات بحرية","المؤسسة لا تقبل المتطوعين","لا يوجد أي فرق قانوني أو إداري","المبادرة أكثر مرونة وعفوية ومؤقتة غالباً، بينما المؤسسة ذات هيكل قانوني دائم ومعقد","المبادرة تمثل روح الشباب وسرعة استجابتهم، وقد تتطور لاحقاً لتتأسس قانونياً وتتحول لمنظمة."
"INI-M003","initiative","medium","ما هو المقصود بحملات ""المناصرة"" (Advocacy) كنوع من المبادرات المجتمعية؟","العمل على توعية الجمهور لحشد الدعم وتغيير سياسة أو قانون أو سلوك مجتمعي ضار","توزيع مساعدات مالية للمرضى","تنظيف الحدائق العامة والمدارس","بناء مستوصفات طبية مجانية","العمل على توعية الجمهور لحشد الدعم وتغيير سياسة أو قانون أو سلوك مجتمعي ضار","المناصرة (مثل حملة لمنع التدخين بالأماكن العامة) تهدف للتغيير عبر الضغط الإيجابي وتغيير القوانين والوعي."
"INI-M004","initiative","medium","في تصميم الاستبيانات القبلية (قبل إطلاق المبادرة)، لماذا نستخدم ""الأسئلة المغلقة"" في الغالب؟","لسهولة تحليل بياناتها إحصائياً واستخراج نسب مئوية دقيقة لاحتياج الحي","لأنها تسمح للمستفيد بكتابة قصة حياته الطويلة","لإخافة السكان من الإجابة","لأنها أرخص في تكلفة الطباعة","لسهولة تحليل بياناتها إحصائياً واستخراج نسب مئوية دقيقة لاحتياج الحي","الأسئلة المغلقة (نعم/لا/متعدد) تساعد المبادرة على تحديد أرقام وأولويات دقيقة بسرعة."
"INI-M005","initiative","medium","ما أهمية مفهوم (CSR) ""المسؤولية المجتمعية للشركات"" بالنسبة لمبادرتك؟","بناء شراكات مع الشركات الخاصة لتمويل المبادرة كجزء من واجب الشركة تجاه المجتمع","دفع ضرائب للحكومة","تحويل المبادرة إلى شركة تجارية تهدف للربح","محاربة الشركات الخاصة ومقاطعتها","بناء شراكات مع الشركات الخاصة لتمويل المبادرة كجزء من واجب الشركة تجاه المجتمع","الشركات تُخصص ميزانيات لدعم مبادرات الأحياء (CSR) لتحسين صورتها ورد الجميل للمجتمع."
"INI-M006","initiative","medium","كيف يمكن لقائد الفريق حماية متطوعيه من ""الاحتراق التطوعي"" (Volunteer Burnout)؟","بتوزيع المهام بعدالة، توفير أوقات للراحة، والتقدير المعنوي المستمر لجهودهم","بإجبارهم على العمل ليل نهار لإنجاز المشروع","بتهديدهم بالطرد إن تأخروا","بتجاهل تذمرهم ومطالبتهم بالصبر","بتوزيع المهام بعدالة، توفير أوقات للراحة، والتقدير المعنوي المستمر لجهودهم","المتطوع إنسان يبذل طاقته مجاناً؛ الضغط النفسي والإرهاق دون تقدير يفقده الشغف ويُحرق طاقته."
"INI-M007","initiative","medium","ماذا نقصد بـ ""التقييم المرحلي"" (Monitoring) أثناء فترة تنفيذ المبادرة؟","مراقبة سير العمل بانتظام للتأكد من أننا على المسار الصحيح وتدارك الأخطاء فوراً","الانتظار حتى انتهاء المبادرة لكتابة التقرير النهائي","مراقبة المتطوعين لخصم رواتبهم","تصوير الافتتاح والختام فقط","مراقبة سير العمل بانتظام للتأكد من أننا على المسار الصحيح وتدارك الأخطاء فوراً","التقييم المرحلي يشبه النظر إلى بوصلة السيارة أثناء القيادة لضمان عدم الانحراف عن الهدف."
"INI-M008","initiative","medium","إذا كان التمويل المالي ضعيفاً جداً، كيف تنجو المبادرة وتكمل عملها؟","عبر التشبيك، واستقطاب ""الموارد العينية"" (مواد/تجهيزات) وتقديم الخبرات التطوعية","بإيقاف المبادرة والجلوس في المنزل","بأخذ قروض بنكية بفوائد عالية","بفرض رسوم إجبارية على السكان","عبر التشبيك، واستقطاب ""الموارد العينية"" (مواد/تجهيزات) وتقديم الخبرات التطوعية","لا تقتصر الموارد على المال؛ يمكن لمحط أخشاب أن يقدم مواداً، ولمدرب أن يقدم وقتاً كبديل للتمويل."
"INI-M009","initiative","medium","في أسلوب التدخل المجتمعي، ما هو مفهوم ""تأثير كرة الثلج"" (Snowball Effect)؟","البدء بنشاط صغير وناجح يكسب ثقة الناس، مما يدفع المزيد للانضمام ودعم المبادرة فتكبر","تدمير كل شيء في طريق المبادرة ككرة الثلج","تجميد عمل المبادرة في فصل الشتاء","طلب مبالغ خيالية من أول يوم","البدء بنشاط صغير وناجح يكسب ثقة الناس، مما يدفع المزيد للانضمام ودعم المبادرة فتكبر","النجاحات الصغيرة (Quick Wins) هي أفضل تسويق للمبادرة وتجذب المتطوعين والداعمين تلقائياً."
"INI-M010","initiative","medium","عند تحليل المشكلة قبل إطلاق المبادرة، ما هي أداة ""شجرة المشكلات"" (Problem Tree)؟","رسم بياني يحدد المشكلة الرئيسية في الجذع، وأسبابها في الجذور، وآثارها في الفروع","شجرة حقيقية تُزرع في الحي لتنقية الهواء","رسم يوضح التسلسل الإداري لأعضاء الفريق","قائمة بأسماء الممولين والداعمين","رسم بياني يحدد المشكلة الرئيسية في الجذع، وأسبابها في الجذور، وآثارها في الفروع","شجرة المشكلات تضمن أن جهود المبادرة تتجه لمعالجة ""الجذور"" (السبب) وليس ""الفروع"" (الأعراض الظاهرية)."
"INI-M011","initiative","medium","ما أهمية إعداد ""التقرير المالي"" بشفافية وإرساله للداعمين بعد المبادرة؟","بناء الثقة والمصداقية، مما يشجعهم على التبرع ودعم الفريق في المشاريع القادمة","لأن القانون يعاقب بالسجن لكل مبادرة لا تكتبه","للتباهي بالمبالغ التي تم صرفها","لكي نطلب منهم استرداد أموالهم","بناء الثقة والمصداقية، مما يشجعهم على التبرع ودعم الفريق في المشاريع القادمة","الشفافية المالية (القرش وين انصرف) هي الرصيد الحقيقي لأي فريق تطوعي باحث عن الاستدامة."
"INI-M012","initiative","medium","ما هي مهارة ""التواصل الفعال"" التي يحتاجها الفريق عند التعامل مع الفئات المهمشة؟","الاستماع الفعال، التعاطف دون شفقة، واحترام كرامتهم وثقافتهم المحلية","الاستعلاء وإخبارهم بأن الفريق جاء لإنقاذهم","إجبارهم على الموافقة على خطة الفريق دون نقاش","تصوير معاناتهم ونشرها فوراً للجمهور","الاستماع الفعال، التعاطف دون شفقة، واحترام كرامتهم وثقافتهم المحلية","التعاطف المهني يركز على تمكين المستفيدين ودعمهم نفسياً، بينما الشفقة تكسر كبرياءهم."
"INI-M013","initiative","medium","ما الفرق بين ""المخرج"" (Output) و""النتيجة المباشرة"" (Outcome) لورشة توعوية حول الإسعافات؟","المخرج: إنجاز الورشة لـ 20 شخصاً. النتيجة: اكتسابهم مهارة الإسعاف وثقتهم بتطبيقها","المخرج والنتيجة هما شيء واحد","النتيجة هي عدد الساعات التي استغرقتها الورشة","المخرج هو الطعام الذي قُدم في الورشة","المخرج: إنجاز الورشة لـ 20 شخصاً. النتيجة: اكتسابهم مهارة الإسعاف وثقتهم بتطبيقها","المخرجات رقمية (ماذا فعلنا)، أما النتائج فهي التغير السلوكي أو المعرفي (ماذا استفادوا)."
"INI-M014","initiative","medium","لماذا يُنصح دائماً بإعداد ""خطة إدارة المخاطر"" (Risk Management) لأي مبادرة ميدانية؟","لتوقع العقبات (كسوء الطقس أو غياب التمويل) وتجهيز حلول بديلة (خطة ب) قبل حدوثها","لتخويف المتطوعين من المشاركة","لإلغاء المبادرة في حال وجود أي خطر بسيط","لكي نعاقب الشخص المتسبب بالخطأ","لتوقع العقبات (كسوء الطقس أو غياب التمويل) وتجهيز حلول بديلة (خطة ب) قبل حدوثها","العمل الميداني مليء بالمفاجآت؛ الإدارة الناجحة لا تنتظر الكارثة بل تستعد لها مسبقاً."
"INI-M015","initiative","medium","أي من المنصات الرقمية يُعد الأداة الأمثل في عصرنا لتوثيق أنشطة المبادرة وإطلاق حملات حشد الدعم (Crowdfunding)؟","وسائل التواصل الاجتماعي (مثل فيسبوك وإنستغرام) عبر محتوى بصري وقصص نجاح مؤثرة","الصحف الورقية المطبوعة بالأبيض والأسود فقط","التلفزيون والإذاعات الحكومية حصراً","الرسائل النصية القصيرة (SMS) العشوائية","وسائل التواصل الاجتماعي (مثل فيسبوك وإنستغرام) عبر محتوى بصري وقصص نجاح مؤثرة","الإعلام الرقمي يتجاوز الحدود الجغرافية للحي، ويستطيع الوصول لممولين ومناصرين في كل مكان بتكلفة شبه معدومة."
"DAM-M016","damascus","medium","ما هو التنظيم المدني الذي شكله شباب الأحياء في دمشق عام 2011 لتنظيم الحراك السلمي والعمل الإغاثي والإعلامي؟","لجان التنسيق المحلية","النقابات العمالية الرسمية","الجمعيات الخيرية التقليدية","فرق الكشافة المدرسية","لجان التنسيق المحلية","لجان التنسيق المحلية كانت شبكة مدنية شبابية لا مركزية، أدارت الحراك السلمي ووثقت الأحداث في أحياء دمشق وريفها."
"DAM-M017","damascus","medium","أي حي دمشقي عريق يُعرف بـ ""حي القبة"" وكان من أوائل الأحياء التي شهدت مظاهرات سلمية حاشدة عام 2011؟","حي الميدان","حي أبو رمانة","حي المالكي","حي المهاجرين","حي الميدان","حي الميدان، وخاصة محيط جامع الحسن، كان نقطة انطلاق كبرى للمظاهرات السلمية المطالبة بالحرية والكرامة."
"DAM-M018","damascus","medium","ما هي إحدى الوسائل السلمية المبتكرة التي استخدمها شباب دمشق عام 2011 لإيصال صوتهم في سوق الحميدية؟","رمي كرات البينغ بونغ وتلوين مياه النوافير بالأحمر","إشعال الألعاب النارية الصاخبة","إغلاق المحلات بالقوة","توزيع الهدايا الثمينة","رمي كرات البينغ بونغ وتلوين مياه النوافير بالأحمر","استخدم الشباب حيلاً سلمية مبتكرة ككرات البينغ بونغ المكتوب عليها عبارات الحرية لتصعب مصادرتها."
"DAM-M019","damascus","medium","في غوطة دمشق (تحديداً داريا)، ماذا قدم شباب الحراك السلمي عام 2011 للقوات الأمنية كرسالة على سلمية مطالبهم؟","الورود وقوارير المياه المكتوب عليها عبارات السلمية","الحلويات الدمشقية فقط","دروعاً تذكارية","مبالغ مالية","الورود وقوارير المياه المكتوب عليها عبارات السلمية","مبادرة ""الورود والماء"" التي ارتبطت باسم الناشط غياث مطر كانت رمزاً عالمياً لنقاء وسلمية ثورة 2011."
"DAM-M020","damascus","medium","ما هو الهتاف الأشهر الذي ميز بدايات الحراك المدني في دمشق عام 2011 للتأكيد على نبذ العنف والوحدة الوطنية؟","سلمية، سلمية","الشعب يريد الإصلاح الاقتصادي فقط","لا للتعليم","الحرية لمن يدفع","سلمية، سلمية","هتاف ""سلمية سلمية"" كان الإجماع الوطني الذي صدحت به حناجر المتظاهرين في كل أحياء العاصمة."
"DAM-M021","damascus","medium","ما هو الفن الدمشقي العريق الذي يعتمد على تطعيم الخشب (كالجوز) بالصدف لتشكيل لوحات هندسية؟","فن الموزاييك (الموزاييك الدمشقي)","فن الزجاج المعشق","فن الخزف","فن النحت على الحجر","فن الموزاييك (الموزاييك الدمشقي)","الموزاييك الدمشقي هو حرفة يدوية دقيقة ومسجلة عالمياً باسم دمشق، وتُزين به الصناديق والأثاث."
"DAM-M022","damascus","medium","أي حي في دمشق يضم ""التكية السليمانية"" التي تعتبر من روائع العمارة العثمانية؟","حي البرامكة","حي القنوات","حي الصالحية","حي الشاغور","حي البرامكة","تقع التكية السليمانية في منطقة البرامكة على ضفاف نهر بردى، وبُنيت في عهد السلطان سليمان القانوني."
"DAM-M023","damascus","medium","ما هو النبع الرئيسي الصافي الذي يغذي مدينة دمشق بمياه الشرب منذ أواخر الثلاثينيات؟","نبع الفيجة","نبع بقين","نبع السن","نبع بردى","نبع الفيجة","نبع عين الفيجة في وادي بردى هو المصدر الأساسي والأنقى لمياه الشرب في العاصمة دمشق."
"DAM-M024","damascus","medium","ما هي ""البروكار الدمشقي""؟","نسيج حريري فاخر يُنسج يدوياً بخيوط الذهب والفضة","نوع من أنواع الحلويات الشامية","آلة موسيقية وترية قديمة","نوع من الرخام المستخدم في أرض الديار","نسيج حريري فاخر يُنسج يدوياً بخيوط الذهب والفضة","البروكار نسيج ملكي دمشقي معقد جداً، واستُخدم في صناعة فستان زفاف ملكة بريطانيا إليزابيث الثانية."
"DAM-M025","damascus","medium","ماذا يسمى الجدار الجنوبي للجامع الأموي بدمشق، والذي يضم نقوشاً ومحاريب تاريخية؟","جدار القبلة","حائط البراق","السور العظيم","جدار العروس","جدار القبلة","جدار القبلة هو الجدار الأساسي الذي يتجه نحو مكة، ويحتوي على محراب الصحابة والمحراب الرئيسي."
"DAM-M026","damascus","medium","أي سوق يمتد بمحاذاة الجدار الجنوبي للجامع الأموي ويختص ببيع الذهب؟","سوق الصاغة","سوق الحرير","سوق البزورية","سوق تفضلي","سوق الصاغة","سوق الصاغة يقع في قلب المدينة القديمة، ويعتبر المركز الرئيسي لتجارة الذهب والمجوهرات."
"DAM-M027","damascus","medium","ما هي الوظيفة التاريخية لـ ""البيمارستان النوري"" الذي يقع في دمشق القديمة؟","مستشفى وجامعة طبية متطورة تُعالج المرضى مجاناً وتُخرج الأطباء","سجن عسكري","دار لسك العملة","قصر للضيافة","مستشفى وجامعة طبية متطورة تُعالج المرضى مجاناً وتُخرج الأطباء","أسسه نور الدين زنكي، وكان منارة للطب في العالم الإسلامي، ويضم حالياً متحف الطب والعلوم عند العرب."
"DAM-M028","damascus","medium","ما اسم الباب الذي يقع في نهاية ""الشارع المستقيم"" من الجهة الغربية؟","باب الجابية","باب شرقي","باب كيسان","باب توما","باب الجابية","يمتد الشارع المستقيم (ديكومانوس) من باب شرقي شرقاً، وينتهي بباب الجابية غرباً."
"DAM-M029","damascus","medium","ما هو ""القبقاب"" الدمشقي؟","حذاء خشبي تراثي يُصنع من خشب الحور أو الجوز ويُزين بالصدف، ويُستخدم في الحمامات والبيوت","نوع من القبعات الصوفية","أداة لطحن القهوة","نافذة خشبية صغيرة","حذاء خشبي تراثي يُصنع من خشب الحور أو الجوز ويُزين بالصدف، ويُستخدم في الحمامات والبيوت","القبقاب جزء من التراث الدمشقي، صُمم ليرفع مرتديه عن الماء في الحمامات ولحماية القدمين."
"DAM-M030","damascus","medium","من هو المعماري السوري الذي صمم ساحة ""يوسف العظمة"" ومبنى المحافظة بدمشق؟","أبو الفضل الإدلبي (بالتشارك مع مهندسين آخرين كفرناند أربيش)","أسعد باشا العظم","سنان باشا","أبولودوروس الدمشقي","أبو الفضل الإدلبي (بالتشارك مع مهندسين آخرين كفرناند أربيش)","ساحات دمشق الحديثة كالمحافظة صُممت وفق المدارس المعمارية الحديثة أوائل القرن العشرين لتنظيم المدينة."
"ENV-M016","environment","medium","ماذا يعني مفهوم ""إعادة التدوير للأفضل"" (Upcycling)؟","تحويل المواد القديمة إلى منتجات ذات قيمة وجودة أعلى من المنتج الأصلي","تذويب البلاستيك لإنتاج مواد أقل جودة","حرق النفايات لتوليد الكهرباء","دفن النفايات بطريقة صحية","تحويل المواد القديمة إلى منتجات ذات قيمة وجودة أعلى من المنتج الأصلي","كتحويل إطار سيارة قديم إلى طاولة أنيقة، هنا ارتفعت القيمة المادية والجمالية للمادة (Upcycling)."
"ENV-M017","environment","medium","ما هي ""النفايات الإلكترونية"" (E-waste) ولماذا تُعد خطيرة؟","الأجهزة القديمة كالهواتف المليئة بالمعادن السامة (كالرصاص والزئبق) التي تلوث التربة إن رُميت عشوائياً","نفايات البرامج والتطبيقات على الإنترنت","البطاريات القابلة لإعادة الشحن فقط","الأسلاك البلاستيكية فقط","الأجهزة القديمة كالهواتف المليئة بالمعادن السامة (كالرصاص والزئبق) التي تلوث التربة إن رُميت عشوائياً","النفايات الإلكترونية تتطلب إعادة تدوير دقيقة لاستخراج المعادن الثمينة ومنع تسرب السموم للبيئة."
"ENV-M018","environment","medium","ما هو الدور البيئي البالغ الأهمية للنحل في الطبيعة والأمن الغذائي؟","تلقيح حوالي 70% من المحاصيل الزراعية التي يعتمد عليها غذاء الإنسان","إنتاج العسل كغذاء فقط","التخلص من الحشرات الضارة","تحسين جودة الهواء","تلقيح حوالي 70% من المحاصيل الزراعية التي يعتمد عليها غذاء الإنسان","بدون التلقيح الطبيعي الذي يقوم به النحل، ستنهار الزراعة ولن تثمر معظم الأشجار."
"ENV-M019","environment","medium","عند شراء الأجهزة الكهربائية، إلى ماذا يشير الملصق البيئي (A+++)؟","إلى أن الجهاز يحقق أعلى درجات كفاءة وتوفير استهلاك الطاقة","إلى أن الجهاز يستهلك كهرباء أكثر ويعمل بشكل أسرع","إلى أن الجهاز مصنوع من مواد بلاستيكية","إلى أنه يجب استخدامه ليلاً فقط","إلى أن الجهاز يحقق أعلى درجات كفاءة وتوفير استهلاك الطاقة","أجهزة (A+++) تكون أغلى قليلاً عند الشراء، لكنها توفر مبالغ طائلة من فاتورة الكهرباء على المدى الطويل."
"ENV-M020","environment","medium","كيف تؤدي إزالة الغابات وقطع الأشجار إلى ""انجراف التربة""؟","جذور الأشجار تثبت التربة، وبدونها تجرف مياه الأمطار والرياح الطبقة الخصبة","الأشجار تمنع هطول الأمطار الغزيرة","الأشجار تمتص الصخور وتفتتها","إزالة الغابات لا تؤثر على التربة","جذور الأشجار تثبت التربة، وبدونها تجرف مياه الأمطار والرياح الطبقة الخصبة","التربة الخصبة تستغرق آلاف السنين لتتكون، وانجرافها يحول الأراضي الزراعية إلى صحاري قاحلة."
"ENV-M021","environment","medium","ما هو الفرق بين ""المياه الرمادية"" و ""المياه السوداء"" في المنازل؟","الرمادية من المغاسل ويمكن معالجتها للري، السوداء من المراحيض وتحتاج معالجة معقدة","الرمادية للزراعة، والسوداء مياه شرب معقمة","لا يوجد فرق، كلاهما يصلح للشرب","الرمادية مياه أمطار، والسوداء مياه بحر","الرمادية من المغاسل ويمكن معالجتها للري، السوداء من المراحيض وتحتاج معالجة معقدة","فصل شبكات المياه الرمادية في البناء الحديث يسمح بإعادة استخدامها لري الحدائق وتوفير مياه الشرب."
"ENV-M022","environment","medium","كيف يقلل استهلاك ""المنتجات المحلية الموسمية"" من البصمة الكربونية؟","لأنها لا تحتاج للشحن والنقل الجوي لمسافات طويلة ولا للتبريد المكثف كالمنتجات المستوردة","لأنها تُزرع بدون مياه","لأنها أرخص ثمناً وتزيد أرباح التجار","لأنها معلبة بمواد بلاستيكية","لأنها لا تحتاج للشحن والنقل الجوي لمسافات طويلة ولا للتبريد المكثف كالمنتجات المستوردة","كلما سافرت التفاحة مسافة أطول لتصل إلى طبقك، كلما زاد احتراق الوقود والانبعاثات الضارة في الغلاف الجوي."
"ENV-M023","environment","medium","ما هو الخطر البيئي لظاهرة ""الموضة السريعة"" (Fast Fashion)؟","تشجع على الاستهلاك المفرط للملابس الرخيصة مما يضاعف استهلاك المياه وينتج جبالاً من نفايات النسيج","تجعل الملابس باهظة الثمن جداً","تمنع الناس من شراء الملابس","تزيد من عدد مصانع الخياطة اليدوية","تشجع على الاستهلاك المفرط للملابس الرخيصة مما يضاعف استهلاك المياه وينتج جبالاً من نفايات النسيج","صناعة النسيج هي ثاني أكبر ملوث للمياه في العالم، والموضة السريعة حولت الملابس إلى نفايات سريعة الرمي."
"ENV-M024","environment","medium","ما هي الفائدة البيئية لنظام ""الأسطح الخضراء"" (Green Roofs) في المباني؟","تعمل كعازل حراري يخفض حرارة المبنى صيفاً، وتمتص جزءاً من مياه الأمطار وتصفي الهواء","تمنع هطول الأمطار على الشوارع","توفر مكاناً لركن السيارات","تزيد من وزن المبنى لجعله أقوى","تعمل كعازل حراري يخفض حرارة المبنى صيفاً، وتمتص جزءاً من مياه الأمطار وتصفي الهواء","زراعة الأسطح تقلل استهلاك المكيفات، وتخفف ظاهرة الجزر الحرارية في المدن المكتظة."
"ENV-M025","environment","medium","ما الذي يسبب ظاهرة ""ثقب طبقة الأوزون""؟","انبعاث غازات الكلوروفلوروكربون (CFCs) المستخدمة قديماً في التبريد والمبيدات","كثرة الطيران المدني","حرق الأخشاب في المنازل","استخدام الطاقة الشمسية","انبعاث غازات الكلوروفلوروكربون (CFCs) المستخدمة قديماً في التبريد والمبيدات","تآكل طبقة الأوزون يسمح بمرور الأشعة فوق البنفسجية الضارة، وقد تعافت الطبقة بفضل حظر هذه الغازات دولياً."
"ENV-M026","environment","medium","كيف تساهم أنظمة ""النقل العام السريع"" (كالمترو والباصات السريعة) في تقليل ظاهرة ""الضباب الدخاني"" (Smog)؟","تقليل آلاف السيارات الفردية العالقة في الازدحام، مما يحد من انبعاثات أكاسيد النيتروجين الملوثة","عبر استخدام أبواق أقل إزعاجاً","لأنها تسير في شوارع تحت الأرض","لا تؤثر على الضباب الدخاني","تقليل آلاف السيارات الفردية العالقة في الازدحام، مما يحد من انبعاثات أكاسيد النيتروجين الملوثة","الضباب الدخاني يتكون من تفاعل عوادم السيارات مع أشعة الشمس، والنقل العام هو الحل الجذري له."
"ENV-M027","environment","medium","ما هي تكنولوجيا ""حصاد مياه الأمطار"" (Rainwater Harvesting)؟","نظام يجمع مياه الأمطار من الأسطح ويخزنها في خزانات أرضية لاستخدامها في الري والتنظيف","صنع غيوم اصطناعية لزيادة الأمطار","تبخير مياه البحر","استيراد المياه المعبأة شتاءً","نظام يجمع مياه الأمطار من الأسطح ويخزنها في خزانات أرضية لاستخدامها في الري والتنظيف","حصاد الأمطار تقنية قديمة حديثة، تقلل الضغط على شبكات المياه الحكومية وتستفيد من مياه مجانية ونظيفة."
"ENV-M028","environment","medium","لماذا يُفضل استخدام مواد البناء ""المحلية"" (كالحجر الطبيعي) من منظور العمارة الخضراء؟","لأنها متكيفة مع المناخ المحلي، ولا تحتاج لطاقة شحن هائلة كالمواد المستوردة","لأنها دائماً أغلى ثمناً","لأنها أسرع في البناء فقط","لأنها تتغير ألوانها مع الفصول","لأنها متكيفة مع المناخ المحلي، ولا تحتاج لطاقة شحن هائلة كالمواد المستوردة","مواد البناء المحلية كالحجر أو الطين توفر عزلاً حرارياً ممتازاً، وتقلل البصمة الكربونية لعملية البناء."
"ENV-M029","environment","medium","ماذا نعني بمصطلح ""التنوع الحيوي"" (Biodiversity) ولماذا هو مهم للمدينة؟","تنوع النباتات والحيوانات والحشرات؛ وهو ضروري لتوازن النظام البيئي واستقراره","زراعة نوع واحد من الأزهار في كل شوارع المدينة","كثرة أعداد البشر في الحي","وجود أنواع كثيرة من السيارات","تنوع النباتات والحيوانات والحشرات؛ وهو ضروري لتوازن النظام البيئي واستقراره","التنوع الحيوي يمنع انتشار الآفات؛ فوجود الطيور يقلل الحشرات الضارة دون الحاجة لمبيدات كيميائية."
"ENV-M030","environment","medium","ما هو الأثر البيئي لاستنزاف الأراضي الرطبة (الأهوار والمستنقعات)؟","فقدان فلاتر طبيعية تنقي المياه، وتدمير موائل آلاف الطيور المهاجرة","زيادة مساحات التسوق التجاري","تحسين جودة الهواء","لا يوجد لها أي أثر","فقدان فلاتر طبيعية تنقي المياه، وتدمير موائل آلاف الطيور المهاجرة","الأراضي الرطبة تعمل كإسفنجة طبيعية تمتص الفيضانات وتنقي المياه الجوفية."
"DEV-M016","development","medium","ماذا يقيس مؤشر ""التنمية البشرية"" (HDI) المعتمد دولياً؟","متوسط العمر المتوقع (الصحة)، سنوات الدراسة (التعليم)، ونصيب الفرد من الدخل القومي","عدد ناطحات السحاب وحجم الجيش","نسبة استيراد السيارات الفارهة","عدد سكان الدولة فقط","متوسط العمر المتوقع (الصحة)، سنوات الدراسة (التعليم)، ونصيب الفرد من الدخل القومي","هذا المؤشر غيّر نظرة العالم للتنمية، ليؤكد أن الثروة وحدها لا تكفي إن كان الشعب مريضاً أو جاهلاً."
"DEV-M017","development","medium","ما هو مفهوم ""هجرة الأدمغة"" (Brain Drain) وكيف يؤثر على التنمية الوطنية؟","هجرة الكفاءات والخبراء للخارج، مما يحرم البلاد من العقول القادرة على التخطيط والابتكار والتنمية","هجرة العمالة غير الماهرة للعمل في الزراعة","انتقال السكان من الريف للمدينة","السفر بقصد السياحة المؤقتة","هجرة الكفاءات والخبراء للخارج، مما يحرم البلاد من العقول القادرة على التخطيط والابتكار والتنمية","الدول النامية تدفع تكاليف تعليم خبرائها، ثم تفقدهم لصالح دول أخرى تستفيد من جاهزيتهم وإنتاجيتهم."
"DEV-M018","development","medium","إلى ماذا يهدف الهدف رقم 4 من أهداف التنمية المستدامة (SDG 4)؟","ضمان التعليم الجيد المنصف والشامل وتعزيز فرص التعلم مدى الحياة للجميع","ضمان توفير الغذاء","بناء المدن الذكية","القضاء على الأوبئة","ضمان التعليم الجيد المنصف والشامل وتعزيز فرص التعلم مدى الحياة للجميع","التعليم الجيد هو السلاح الأمضى لكسر دوائر الفقر المتوارثة وبناء قدرات المجتمع التنموية."
"DEV-M019","development","medium","في التخطيط المالي للمدن، ما هي ""الموازنة التشاركية"" (Participatory Budgeting)؟","آلية ديمقراطية تسمح للمواطنين بتحديد أولويات إنفاق جزء من ميزانية بلديتهم على المشاريع العامة","أن تدفع الشركات الخاصة ميزانية البلدية كاملة","أن يشارك السكان في دفع الضرائب فقط","تقاسم ميزانية البلدية بين الموظفين كأرباح","آلية ديمقراطية تسمح للمواطنين بتحديد أولويات إنفاق جزء من ميزانية بلديتهم على المشاريع العامة","الموازنة التشاركية تعزز الشفافية وتضمن أن أموال البلدية تُنفق على ما يحتاجه السكان (كمدرسة أو حديقة)."
"DEV-M020","development","medium","ماذا نقصد بـ ""الريادة المجتمعية"" (Social Entrepreneurship)؟","إنشاء شركات أو مشاريع ربحية لحل مشاكل اجتماعية أو بيئية بأسلوب مبتكر ومستدام مالياً","العمل التطوعي المجاني تماماً","تأسيس شركات تهدف للربح المادي الصرف للمالكين","تنظيم الحفلات والمهرجانات فقط","إنشاء شركات أو مشاريع ربحية لحل مشاكل اجتماعية أو بيئية بأسلوب مبتكر ومستدام مالياً","الرائد المجتمعي يجمع بين قلب المؤسسة الخيرية وعقل الشركة التجارية (مثل مصنع أطراف صناعية رخيص ومستدام)."
"DEV-M021","development","medium","ما هو الدور الاقتصادي الذي تلعبه ""التعاونيات"" (Cooperatives) كتعاونيات المزارعين؟","تجميع قدرات صغار المنتجين وتقليل تكاليف شرائهم للمواد وضمان تسويق عادل لمنتجاتهم","احتكار السوق ورفع الأسعار على المواطنين","العمل لصالح تاجر واحد كبير","الاستغناء عن الزراعة","تجميع قدرات صغار المنتجين وتقليل تكاليف شرائهم للمواد وضمان تسويق عادل لمنتجاتهم","التعاونية تحمي المزارع الصغير من جشع الوسطاء وتوفر له آلات زراعية لا يستطيع شراءها بمفرده."
"DEV-M022","development","medium","ما المقصود بمصطلح ""بناء القدرات"" (Capacity Building) للمنظمات المحلية؟","تطوير مهارات فريق العمل وأنظمتهم الإدارية والمالية لضمان كفاءة واستدامة عمل المنظمة","بناء مقرات خرسانية جديدة للمنظمة","زيادة عدد الموظفين بشكل عشوائي","طباعة كتب تعريفية فقط","تطوير مهارات فريق العمل وأنظمتهم الإدارية والمالية لضمان كفاءة واستدامة عمل المنظمة","المنظمة القوية إدارياً قادرة على جلب تمويل وإدارة مشاريع معقدة بكفاءة وشفافية أعلى."
"DEV-M023","development","medium","كيف تؤثر ""الفجوة الرقمية"" (Digital Divide) بين شرائح المجتمع على تحقيق التنمية؟","تزيد من اللامساواة، حيث يُحرم من لا يملك التكنولوجيا من فرص التعليم والعمل الحديثة","تزيد من التركيز على القراءة الورقية","توفر وقت الناس للراحة","تمنع الأمراض البصرية","تزيد من اللامساواة، حيث يُحرم من لا يملك التكنولوجيا من فرص التعليم والعمل الحديثة","الإنترنت اليوم كالماء والكهرباء؛ من يُحرم منه يفقد فرصته في المنافسة في اقتصاد المعرفة."
"DEV-M024","development","medium","لماذا تعتبر ""المشاركة المدنية"" (Civic Engagement) للشباب ركيزة تنموية؟","تخلق لديهم شعوراً بالمسؤولية والمواطنة وتستثمر طاقاتهم في التغيير الإيجابي لمجتمعهم","تضيع وقتهم عن الدراسة","تزيد من الفوضى السياسية","تستخدم لجمع الضرائب منهم","تخلق لديهم شعوراً بالمسؤولية والمواطنة وتستثمر طاقاتهم في التغيير الإيجابي لمجتمعهم","الشاب المشارك في مجتمعه هو شاب يبني ولا يهدم، ويدافع عن مقدرات بلده لأنه ساهم في صنعها."
"DEV-M025","development","medium","ما المقصود بـ ""مرونة المدن"" (Urban Resilience) في مواجهة الأزمات؟","قدرة المدينة وخدماتها على الصمود أمام الكوارث (المناخية/الاقتصادية) والتعافي منها بسرعة","بناء جدران إسمنتية ضخمة تعزل المدينة","مرونة قوانين المرور","تغيير شكل المباني باستمرار","قدرة المدينة وخدماتها على الصمود أمام الكوارث (المناخية/الاقتصادية) والتعافي منها بسرعة","المدينة المرنة تمتلك بنية تحتية قوية ومجتمعاً واعياً قادرين على تجاوز الصدمات بأقل الخسائر."
"DEV-M026","development","medium","في تقييم المشاريع، ما الفرق بين قياس ""الأثر"" (Impact) وقياس ""المخرجات"" (Outputs)؟","المخرج هو عدد الأنشطة المنجزة، والأثر هو التغير الجذري الدائم في حياة المجتمع","لا يوجد فرق بينهما علمياً","الأثر هو التكلفة المالية للمخرج","المخرج يتم قياسه بعد 10 سنوات","المخرج هو عدد الأنشطة المنجزة، والأثر هو التغير الجذري الدائم في حياة المجتمع","حفر بئر ماء هو (مخرج)؛ تحسن صحة الأطفال وانخفاض الأوبئة هو الـ (أثر)."
"DEV-M027","development","medium","كيف يعزز الاستثمار في ""النقل العام الموثوق"" التنمية الاقتصادية والاجتماعية؟","يقلل هدر الوقت والوقود، ويمنح الفئات الأقل دخلاً قدرة على الوصول لفرص العمل والتعليم","يقلل من مبيعات السيارات الفارهة","يسبب ضوضاء في الشوارع","لا يؤثر إلا على الطبقة الغنية","يقلل هدر الوقت والوقود، ويمنح الفئات الأقل دخلاً قدرة على الوصول لفرص العمل والتعليم","النقل العام الفعال هو شريان المدينة؛ فهو يحقق العدالة المكانية ويربط الناس بالفرص."
"DEV-M028","development","medium","ما هو المفهوم الاقتصادي للنمو الشامل (Inclusive Growth)؟","نمو اقتصادي تتوزع فوائده بعدالة على جميع شرائح المجتمع ويخلق فرص عمل لائقة","نمو أرباح الشركات الكبرى فقط","النمو الذي يعتمد على تصدير الموارد الطبيعية حصراً","النمو السكاني المرتفع","نمو اقتصادي تتوزع فوائده بعدالة على جميع شرائح المجتمع ويخلق فرص عمل لائقة","النمو الشامل يضمن أن الفئات الفقيرة والمهمشة تستفيد وتشارك في الازدهار الاقتصادي للدولة."
"DEV-M029","development","medium","لماذا يُعتبر دعم ""التعليم المهني"" (Vocational Training) ضرورة ملحة للتنمية في سوريا اليوم؟","لتوفير عمالة فنية ماهرة تحتاجها مشاريع إعادة الإعمار والتصنيع وتقليل البطالة الشبابية","لأن التعليم الجامعي أصبح سهلاً جداً","لإلغاء الجامعات الأكاديمية","لأنه أرخص من حيث التكلفة فقط","لتوفير عمالة فنية ماهرة تحتاجها مشاريع إعادة الإعمار والتصنيع وتقليل البطالة الشبابية","سوق العمل يحتاج للحرفيين والتقنيين المهرة أكثر بكثير من احتياجه للشهادات النظرية غير التطبيقية."
"DEV-M030","development","medium","ما دور ""الحاضنات التكنولوجية"" (Tech Incubators) في التنمية الاقتصادية للشباب؟","توفير مساحة، وتوجيه، ودعم مبدئي لأصحاب الأفكار الريادية لتحويلها لشركات ناشئة ناجحة","تعليم الأطفال استخدام الحاسوب","بيع الأجهزة الإلكترونية بأسعار رخيصة","استيراد التكنولوجيا من الخارج","توفير مساحة، وتوجيه، ودعم مبدئي لأصحاب الأفكار الريادية لتحويلها لشركات ناشئة ناجحة","الحاضنات تقلل من مخاطر فشل المشاريع الشبابية في بداياتها وتضعهم على طريق الابتكار والاستقلال المالي."
"INI-M016","initiative","medium","في تقييم الاحتياجات، ما هي فائدة أسلوب ""مجموعات التركيز"" (Focus Groups)؟","جمع 8-10 أشخاص من المعنيين بنقاش موجه للتعمق في فهم مشاعرهم وأسباب المشكلة الحقيقية","توزيع استبيانات ورقية على آلاف الأشخاص عشوائياً","التركيز على تصوير المستفيدين","جمع تبرعات من الحاضرين","جمع 8-10 أشخاص من المعنيين بنقاش موجه للتعمق في فهم مشاعرهم وأسباب المشكلة الحقيقية","النقاش المفتوح مع فئة مستهدفة يكشف تفاصيل خفية وعقبات لا يمكن للاستبيان الورقي المغلق اكتشافها."
"INI-M017","initiative","medium","في معايير الأهداف الذكية (SMART)، إلى ماذا يشير حرف ""A"" (Achievable)؟","أن يكون الهدف واقعياً وقابلاً للتحقيق ضمن قدرات وموارد الفريق المتاحة","أن يكون الهدف غامضاً","أن يكون متاحاً للجميع","أن يوافق عليه المدير","أن يكون الهدف واقعياً وقابلاً للتحقيق ضمن قدرات وموارد الفريق المتاحة","الهدف غير الواقعي (مثل القضاء على الفقر في العالم خلال شهر) يحبط الفريق ويؤدي لفشل المبادرة."
"INI-M018","initiative","medium","ما هي الاستراتيجية الأفضل لـ ""الاحتفاظ بالمتطوعين"" (Volunteer Retention) ومنع تسربهم؟","دمجهم في اتخاذ القرارات، توفير بيئة مريحة، وتقدير جهودهم بشكل مستمر","دفع رواتب مالية عالية لهم","إجبارهم على توقيع عقود جزائية","تجاهل ملاحظاتهم","دمجهم في اتخاذ القرارات، توفير بيئة مريحة، وتقدير جهودهم بشكل مستمر","المتطوع يبحث عن الإنجاز والشعور بالانتماء؛ البيئة السامة والتهميش يدفعانه للمغادرة فوراً."
"INI-M019","initiative","medium","كيف يفيد أسلوب ""التمويل الجماعي"" (Crowdfunding) المبادرات المجتمعية؟","جمع مبالغ مالية صغيرة من عدد كبير من أفراد المجتمع عبر منصات رقمية لتمويل مشروع","أخذ قروض من بنوك دولية","إجبار التجار على الدفع","طباعة عملات جديدة","جمع مبالغ مالية صغيرة من عدد كبير من أفراد المجتمع عبر منصات رقمية لتمويل مشروع","التمويل الجماعي يضمن استقلالية المبادرة ويجعل آلاف الأشخاص شركاء وداعمين معنويين للمشروع."
"INI-M020","initiative","medium","في ""نموذج المنطق"" (Logic Model)، ما هي العلاقة بين الأنشطة والمخرجات؟","الأنشطة هي الأفعال التي نقوم بها (كالتدريب)، والمخرجات هي المنتجات المباشرة (كمتدرب مؤهل)","لا توجد أي علاقة بينهما","المخرجات تسبق الأنشطة","الأنشطة مالية والمخرجات اجتماعية","الأنشطة هي الأفعال التي نقوم بها (كالتدريب)، والمخرجات هي المنتجات المباشرة (كمتدرب مؤهل)","الأنشطة هي الجهد المبذول، والمخرجات هي الحصيلة الرقمية والمباشرة لهذا الجهد."
"INI-M021","initiative","medium","ما أهمية توقيع ""مذكرة تفاهم"" (MoU) بين المبادرة الشبابية وجمعية داعمة؟","توثيق الشراكة وتوضيح مسؤوليات وحقوق كل طرف لحماية سير العمل ومنع الخلافات","الحصول على راتب شهري لأعضاء المبادرة","نقل ملكية المبادرة للجمعية بالكامل","لا أهمية لها سوى التصوير","توثيق الشراكة وتوضيح مسؤوليات وحقوق كل طرف لحماية سير العمل ومنع الخلافات","العمل المؤسسي يتطلب توثيق الأدوار المتبادلة لضمان الشفافية والمساءلة بين الشركاء."
"INI-M022","initiative","medium","كيف تتعامل إدراة المبادرة مع ظاهرة ""زحف النطاق"" (Scope Creep) أثناء التنفيذ؟","الالتزام بخطة العمل الأصلية ورفض الإضافات العشوائية التي تشتت الجهد وتستنزف الميزانية","الموافقة على أي فكرة جديدة فوراً","إيقاف العمل بالكامل","طرد المتطوع الذي يقترح فكرة","الالتزام بخطة العمل الأصلية ورفض الإضافات العشوائية التي تشتت الجهد وتستنزف الميزانية","التوسع غير المخطط للمشروع (كمبادرة تنظيف تتحول فجأة للتشجير والدهان بلا ميزانية) يؤدي لفشل ذريع."
"INI-M023","initiative","medium","لماذا يُنصح بتنفيذ ""مرحلة تجريبية"" (Pilot Phase) قبل إطلاق مبادرة ضخمة ومعقدة؟","لاختبار الفكرة على نطاق صغير واكتشاف الأخطاء وتعديلها قبل صرف ميزانية ضخمة","لإخافة المنافسين","لإضاعة الوقت وجمع التبرعات","لتجنب العمل الجاد","لاختبار الفكرة على نطاق صغير واكتشاف الأخطاء وتعديلها قبل صرف ميزانية ضخمة","المشروع التجريبي (Pilot) هو مختبر عملي يقلل المخاطر ويثبت للداعمين أن الفكرة قابلة للتطبيق."
"INI-M024","initiative","medium","ما الفرق الأساسي بين ""حملات المناصرة"" (Advocacy) ومبادرات ""تقديم الخدمات""؟","المناصرة تهدف لتغيير سياسات أو وعي عام (كمنع التدخين)، والخدمات تقدم مساعدة ملموسة (كتوزيع أدوية)","المناصرة تحتاج مالاً، والخدمات مجانية","لا فرق، كلاهما يقدم طعاماً","المناصرة عنيفة، والخدمات سلمية","المناصرة تهدف لتغيير سياسات أو وعي عام (كمنع التدخين)، والخدمات تقدم مساعدة ملموسة (كتوزيع أدوية)","المناصرة تسعى لإحداث تغيير منهجي وجذري في القوانين أو الثقافة المجتمعية لحل أساس المشكلة."
"INI-M025","initiative","medium","كيف نقيس ""رضا المستفيدين"" من المبادرة بشكل علمي وشفاف؟","عبر استبيانات مجهولة الاسم، أو مقابلات فردية، أو صناديق اقتراحات لمعرفة تقييمهم الحقيقي","بسؤالهم أمام الكاميرا لتوجيه الشكر","باستنتاج ذلك من وجوههم","بإجبارهم على التوقيع على ورقة الرضا","عبر استبيانات مجهولة الاسم، أو مقابلات فردية، أو صناديق اقتراحات لمعرفة تقييمهم الحقيقي","المستفيد قد يجامل خوفاً من انقطاع المساعدة؛ الاستبيان السري يمنحه الأمان لقول الحقيقة لتطوير العمل."
"INI-M026","initiative","medium","في إعداد التقارير، ما أهمية ربط ""التقرير المالي"" بـ ""التقرير السردي"" للمبادرة؟","لإثبات الشفافية وتوضيح كيف تُرجمت المبالغ المصروفة إلى أنشطة ونتائج حقيقية على الأرض","لزيادة عدد صفحات التقرير","لتعقيد الأمور على الداعمين","لكي نطلب رواتب أعلى","لإثبات الشفافية وتوضيح كيف تُرجمت المبالغ المصروفة إلى أنشطة ونتائج حقيقية على الأرض","الداعم لا يريد فقط أن يرى فواتير؛ هو يريد أن يرى القصة والأثر الإنساني الذي صنعته أمواله."
"INI-M027","initiative","medium","ماذا تعني ""استراتيجية الخروج/التسليم"" (Exit Strategy) في نهاية عمر المبادرة؟","خطة لتسليم المشروع للمجتمع المحلي أو جهة أخرى لضمان استمراره دون الاعتماد على فريق المبادرة","الهروب سراً بأموال المبادرة","إلغاء كل ما تم بناؤه لتنظيف المكان","إقامة حفل وداعي فقط","خطة لتسليم المشروع للمجتمع المحلي أو جهة أخرى لضمان استمراره دون الاعتماد على فريق المبادرة","التخطيط الجيد يعني أن تعرف كيف تخرج من المشروع تاركاً إياه قادراً على العمل الذاتي المستدام."
"INI-M028","initiative","medium","في إدارة اجتماعات الفريق، ما هي فائدة أنشطة ""كسر الجليد"" (Ice-breakers)؟","تخفيف التوتر، تعارف المتطوعين، وخلق جو من الألفة والمرح قبل بدء العمل الجدي","إجبار المتطوعين على إحضار الثلج","معاقبة المتأخرين","إضاعة الوقت للتسلية","تخفيف التوتر، تعارف المتطوعين، وخلق جو من الألفة والمرح قبل بدء العمل الجدي","العمل التطوعي يعتمد على الروح الجماعية؛ الألعاب القصيرة تبني الروابط وتسهل التواصل لاحقاً."
"INI-M029","initiative","medium","كيف يُستخدم ""السرد القصصي"" (Storytelling) بفعالية في تسويق المبادرة؟","عبر نقل قصة إنسانية مؤثرة توضح معاناة مستفيد وكيف غيرت المبادرة حياته، لجذب تعاطف ودعم الجمهور","عبر كتابة روايات خيالية لا علاقة لها بالواقع","عبر نشر البيانات المالية المملة","عبر نشر صور الفريق وهم يأكلون","عبر نقل قصة إنسانية مؤثرة توضح معاناة مستفيد وكيف غيرت المبادرة حياته، لجذب تعاطف ودعم الجمهور","الأرقام تقنع العقل، لكن القصة الإنسانية الحقيقية تلامس القلب وتدفع الناس للتحرك والتبرع."
"INI-M030","initiative","medium","في التخطيط المسبق، ما هي فائدة إعداد ""مصفوفة إدارة المخاطر"" (Risk Matrix) للمبادرة؟","تحديد المخاطر المحتملة وتقييم شدتها ووضع خطط استباقية للتعامل معها لتجنب فشل العمل","تخويف الداعمين من الفشل","تحديد المتطوعين الخطرين لطردهم","تصميم شكل الحواجز في مكان العمل","تحديد المخاطر المحتملة وتقييم شدتها ووضع خطط استباقية للتعامل معها لتجنب فشل العمل","توقع المشكلة (كاحتمال هطول مطر يوم النشاط المفتوح) ووضع خطة (كحجز صالة مغلقة) ينقذ المبادرة."
"DAM-M031","damascus","medium","أي حي دمشقي ارتبط اسمه بـ ""المقادسة"" الذين هاجروا من فلسطين في القرن الثاني عشر وأسسوا فيه المدارس والجوامع؟","حي الصالحية","حي الشاغور","حي الميدان","حي القنوات","حي الصالحية","تأسس حي الصالحية على سفوح قاسيون على يد آل قدامة (المقادسة)، وسُمي بالصالحية لصلاح أهله وكثرة علمائه."
"DAM-M032","damascus","medium","سوق ""الجزماتية"" هو أحد أشهر الأسواق الشعبية في دمشق، في أي حي يقع وبماذا يشتهر؟","يقع في حي الميدان ويشتهر ببيع الحلويات الدمشقية والمأكولات التراثية","يقع في باب توما ويشتهر ببيع الأحذية الجلدية","يقع في حي العمارة ويشتهر ببيع الكتب","يقع في الصالحية ويشتهر ببيع الأقمشة","يقع في حي الميدان ويشتهر ببيع الحلويات الدمشقية والمأكولات التراثية","سوق الجزماتية هو قلب حي الميدان النابض، ويُعد الوجهة الأولى للذواقة وعشاق الحلويات الشامية كالبرازق."
"DAM-M033","damascus","medium","ماذا كان يُمثل مقهى ""النوفرة"" تاريخياً بالنسبة لسكان دمشق القديمة المجاورين للجامع الأموي؟","مركزاً اجتماعياً وثقافياً يشتهر بوجود ""الحكواتي"" الذي يقص السير الشعبية","مقهى لبيع المشروبات الأجنبية فقط","مركزاً لتجارة الأقمشة الحريرية","مكاناً مخصصاً لتبديل العملات","مركزاً اجتماعياً وثقافياً يشتهر بوجود ""الحكواتي"" الذي يقص السير الشعبية","مقهى النوفرة هو الأقدم في دمشق، واحتفظ بتقليد الحكواتي (القصاص) الذي يروي ملاحم كعنترة بن شداد."
"DAM-M034","damascus","medium","متى تم إدراج ""مدينة دمشق القديمة"" ضمن قائمة التراث العالمي التابعة لمنظمة اليونسكو لحمايتها؟","عام 1979 كواحدة من أقدم المدن المأهولة باستمرار في العالم","عام 2011 بعد بدء الأزمة","عام 1946 بعد الاستقلال","عام 2000 في الألفية الجديدة","عام 1979 كواحدة من أقدم المدن المأهولة باستمرار في العالم","اليونسكو أدرجت دمشق القديمة لحماية نسيجها العمراني الفريد وأسوارها وأسواقها من الزحف العمراني الحديث."
"DAM-M035","damascus","medium","من هو المعماري العثماني الشهير الذي وضع تصاميم مبدئية لـ ""التكية السليمانية"" في دمشق؟","المعمار سنان (سنان باشا)","أبولودوروس الدمشقي","أسعد باشا العظم","نور الدين زنكي","المعمار سنان (سنان باشا)","صُممت التكية السليمانية بتوجيه من المعمار سنان، ونفذها مهندسون محليون دمشقيون ببراعة."
"DAM-M036","damascus","medium","حي ""الشاغور"" من أقدم أحياء دمشق خارج السور، بأي الأبواب الدمشقية يرتبط تاريخياً؟","باب الصغير وباب كيسان","باب توما وباب شرقي","باب الفرج وباب الفراديس","باب الجابية وباب السلام","باب الصغير وباب كيسان","الشاغور يقع في الجهة الجنوبية لدمشق، وارتبط تاريخياً بحركة باب الصغير وباب كيسان التجارية."
"DAM-M037","damascus","medium","ما هو التغير العمراني الذي فرضه التخطيط الفرنسي (الانتداب) على أحياء دمشق الحديثة مثل أبو رمانة؟","إدخال الطراز الكولونيالي بشوارع عريضة وأبنية طابقية متفرقة ذات شرفات خارجية","العودة لبناء البيوت العربية ذات أرض الديار","بناء أسوار جديدة حول كل حي حديث","إلغاء النوافذ المطلة على الشارع تماماً","إدخال الطراز الكولونيالي بشوارع عريضة وأبنية طابقية متفرقة ذات شرفات خارجية","التخطيط الحديث أنهى الانغلاق نحو الداخل، وجعل المباني تنفتح على الشوارع الواسعة والحدائق المفتوحة."
"DAM-M038","damascus","medium","ما هو المَعلم الذي يتوسط ساحة ""المرجة"" ويُعد رمزاً لدخول دمشق عصر التكنولوجيا في العهد العثماني؟","نصب عمود التلغراف (البرق) الذي ربط دمشق بالمدينة المنورة","ساعة ميكانيكية ضخمة","تمثال حجري للوالي العثماني","نافورة مياه راقصة","نصب عمود التلغراف (البرق) الذي ربط دمشق بالمدينة المنورة","العمود البرونزي نُصب بمناسبة تدشين خط التلغراف، وتتوسطه مجسمات لجامع يلدز في إسطنبول."
"DAM-M039","damascus","medium","كيف كانت ""الخانـات"" (مثل خان أسعد باشا) تعمل كمنظومة اقتصادية متكاملة في دمشق؟","كانت فندقاً للتجار، ومستودعاً للبضائع، وبورصة لتبادل السلع والعملات","كانت مجرد مطاعم شعبية لتقديم الطعام السريع","كانت مخصصة لسكن الوالي وجنوده فقط","كانت أسواقاً لبيع الخضار المفرقة","كانت فندقاً للتجار، ومستودعاً للبضائع، وبورصة لتبادل السلع والعملات","الخانات هي المولات التجارية والتخزينية القديمة، وكانت تشكل العصب الاقتصادي للقوافل التجارية."
"DAM-M040","damascus","medium","في دمشق الحديثة، كيف تحول حي ""كفرسوسة"" عمرانيّاً خلال العقود الأخيرة؟","من قرية غوطية زراعية إلى واحد من أحدث المراكز الإدارية والسكنية الفاخرة","من منطقة صناعية للحديد إلى منطقة تعليمية","من حي سكني إلى مكب للنفايات الصلبة","بقي قرية زراعية نائية لم تتغير","من قرية غوطية زراعية إلى واحد من أحدث المراكز الإدارية والسكنية الفاخرة","كفرسوسة فقدت بساتينها التاريخية وتحولت إلى مركز إداري حديث يضم وزارات ومجمعات تجارية ضخمة."
"DAM-M041","damascus","medium","أين يقع ""البيمارستان القيمري"" الذي يدل على التوسع العمراني لدمشق في العهد الأيوبي؟","في حي الصالحية (سفح قاسيون)","في قلب دمشق القديمة بجوار الأموي","في حي الميدان","في حي الشاغور","في حي الصالحية (سفح قاسيون)","بناء مستشفى ضخم في الصالحية قديماً يدل على أن هذا الحي أصبح مدينة متكاملة قائمة بحد ذاتها."
"DAM-M042","damascus","medium","ماذا يُمثل ""سوق تفضلي"" في دمشق القديمة؟","يُعرف بسوق الخياطين، ويتميز بسقفه المقبب الجميل ودكاكينه المتخصصة بالأقمشة والتفصيل","سوق مخصص لبيع التوابل والبهارات الهندية","سوق مخصص لبيع النحاسيات والسيوف","سوق لبيع الطيور والحيوانات الأليفة","يُعرف بسوق الخياطين، ويتميز بسقفه المقبب الجميل ودكاكينه المتخصصة بالأقمشة والتفصيل","سوق الخياطين يحافظ على طابعه التراثي الهادئ بعيداً عن صخب الأسواق الأخرى."
"DAM-M043","damascus","medium","ما هو التفسير المعماري لوجود ""المشربيات"" (الشناشيل) الخشبية البارزة في طوابق البيوت الدمشقية القديمة المطلة على الزقاق؟","توفير التهوية والظل، والسماح برؤية الشارع دون كشف خصوصية أهل البيت","إضافة وزن للمبنى ليصبح مقاوماً للزلازل","منع دخول ضوء الشمس نهائياً","تخزين مياه الأمطار في فصل الشتاء","توفير التهوية والظل، والسماح برؤية الشارع دون كشف خصوصية أهل البيت","المشربية حل هندسي ذكي يوفر الراحة المناخية والخصوصية الاجتماعية للمرأة الدمشقية قديماً."
"DAM-M044","damascus","medium","كيف تأثر ""قصر العظم"" بدمشق بأحداث الثورة السورية الكبرى عام 1925؟","تعرض لقصف فرنسي عنيف أدى لتدمير أجزاء واسعة منه، ثم أُعيد ترميمه لاحقاً","لم يتأثر أبداً وبقي بمنأى عن الأحداث","تم بناؤه من جديد في منطقة أخرى","تحول إلى مستشفى عسكري فرنسي","تعرض لقصف فرنسي عنيف أدى لتدمير أجزاء واسعة منه، ثم أُعيد ترميمه لاحقاً","القصف الفرنسي لدمشق ألحق أضراراً جسيمة بالتراث، ولكن أعمال الترميم الدقيقة أعادت للقصر ألقه."
"DAM-M045","damascus","medium","لماذا كانت أبواب دمشق السبعة تُغلق مع غروب الشمس في العصور القديمة؟","لأسباب أمنية بحتة لحماية المدينة من الغزوات واللصوص ليلاً","لمنع خروج التجارة من المدينة","كجزء من الطقوس الدينية القديمة","لأن الشوارع لم تكن مضاءة","لأسباب أمنية بحتة لحماية المدينة من الغزوات واللصوص ليلاً","إغلاق الأبواب كان إجراءً عسكرياً وأمنياً يحول المدينة إلى قلعة محصنة لا يمكن اختراقها ليلاً."
"ENV-M031","environment","medium","كيف تؤثر طوبوغرافية (شكل التضاريس) دمشق على مستوى تلوث الهواء فيها شتاءً؟","دمشق محاطة بالجبال كالحوض، مما يحبس الهواء البارد والملوثات في الأسفل (ظاهرة الانقلاب الحراري)","الجبال تزيد من سرعة الرياح وتطرد التلوث فوراً","طبيعة الأرض المنبسطة تمنع تراكم أي دخان","الجبال تمتص الانبعاثات الكربونية وتقضي عليها","دمشق محاطة بالجبال كالحوض، مما يحبس الهواء البارد والملوثات في الأسفل (ظاهرة الانقلاب الحراري)","ظاهرة الانقلاب الحراري تمنع تشتت دخان السيارات والمصانع، مما يخلق سحابة ضباب دخاني فوق المدينة."
"ENV-M032","environment","medium","ما هي الفائدة الاقتصادية والبيئية لـ ""اقتصاد الإصلاح"" (Repair Economy) الذي يشتهر به المجتمع السوري؟","صيانة وإصلاح الأجهزة المعطلة بدل رميها يطيل عمرها ويقلل النفايات الإلكترونية وهدر الموارد","يؤدي إلى انهيار مصانع الأجهزة الجديدة","يزيد من استهلاك الكهرباء في المنازل","لا توجد له أي فائدة بيئية حقيقية","صيانة وإصلاح الأجهزة المعطلة بدل رميها يطيل عمرها ويقلل النفايات الإلكترونية وهدر الموارد","ثقافة ""التصليح"" السورية هي تطبيق عملي قوي للاقتصاد الدائري الذي يرفض الاستهلاك المفرط."
"ENV-M033","environment","medium","كيف أثرت التغطية الإسمنتية وتضييق مجرى ""نهر بردى"" في بعض أحياء دمشق على البيئة المائية؟","أدت لغياب التنظيف الطبيعي لأشعة الشمس، وتدمير التنوع الحيوي وزيادة نسبة التلوث فيه","حسنت جودة المياه وجعلتها صالحة للشرب","وسعت مجرى النهر ومنعت جفافه","سهلت حركة الأسماك في النهر","أدت لغياب التنظيف الطبيعي لأشعة الشمس، وتدمير التنوع الحيوي وزيادة نسبة التلوث فيه","تغطية النهر بالإسمنت حولته في بعض المناطق إلى ما يشبه قنوات الصرف الصحي المحرومة من الأكسجين."
"ENV-M034","environment","medium","كيف تساهم فئة ""نابشي القمامة"" (القطاع غير الرسمي) في المدن بالتأثير على إدارة النفايات؟","يقومون بعملية فرز أولي واستخراج للمواد القابلة للتدوير (كالبلاستيك)، رغم المخاطر الصحية لعملهم","يقومون بحرق النفايات بالكامل في المكبات","يطمرون النفايات في الحدائق العامة","يمنعون سيارات البلدية من أداء عملها","يقومون بعملية فرز أولي واستخراج للمواد القابلة للتدوير (كالبلاستيك)، رغم المخاطر الصحية لعملهم","رغم قسوة عملهم، هم يشكلون الحلقة الأولى (غير الرسمية) في سلسلة إعادة التدوير في الدول النامية."
"ENV-M035","environment","medium","ما هو الحل الهندسي البيئي المتبع في بعض مساجد دمشق لترشيد استهلاك المياه؟","تدوير ""المياه الرمادية"" الناتجة عن الوضوء واستخدامها لري حدائق المسجد وتنظيف الباحات","منع المصلين من الوضوء بالماء الجاري","تعبئة مياه الأمطار في قوارير بلاستيكية","تبخير مياه الصرف الصحي الثقيلة","تدوير ""المياه الرمادية"" الناتجة عن الوضوء واستخدامها لري حدائق المسجد وتنظيف الباحات","مياه الوضوء نظيفة نسبياً، وإعادة توجيهها للري يوفر آلاف الليترات من المياه العذبة يومياً."
"ENV-M036","environment","medium","ما هي المشكلة البيئية المرتبطة بزراعة أشجار ""عالية الاستهلاك المائي"" كأشجار الزينة الدخيلة في شوارع دمشق؟","تستنزف المياه الجوفية ولا تقدم فوائد ظل حقيقية أو دعماً للبيئة المحلية المتكيفة مع الجفاف","تكبر بسرعة وتدمر المباني السكنية العالية","أوراقها تتساقط طوال فصول السنة","لا يوجد لها أي مشكلة بيئية","تستنزف المياه الجوفية ولا تقدم فوائد ظل حقيقية أو دعماً للبيئة المحلية المتكيفة مع الجفاف","الاعتماد على نباتات غريبة عن البيئة الشامية يزيد فاتورة الري ويفقد المدينة هويتها النباتية المستدامة."
"ENV-M037","environment","medium","كيف يؤثر ""التغير المناخي"" العالمي على الأمن المائي في حوض دمشق؟","يؤدي لتذبذب معدلات الهطول المطري، وتوالي سنوات الجفاف، وانخفاض تغذية الينابيع الجوفية","يزيد من كميات الثلوج على جبل قاسيون بشكل دائم","يرفع مستوى نهر بردى ليفيض على المدينة","لا يؤثر أبداً على الموارد المائية","يؤدي لتذبذب معدلات الهطول المطري، وتوالي سنوات الجفاف، وانخفاض تغذية الينابيع الجوفية","الجفاف المتكرر هو ناقوس خطر يهدد الأمن الغذائي والمائي في المنطقة بأكملها."
"ENV-M038","environment","medium","في تصميم المباني، ما هو ""العزل الحراري"" وكيف يحمي البيئة؟","استخدام مواد تمنع تسرب الحرارة للداخل صيفاً وللخارج شتاءً، مما يقلل تشغيل المكيفات والمدافئ","تغليف المبنى بالبلاستيك الشفاف لإدخال الشمس","بناء نوافذ ضخمة لا يمكن إغلاقها","استخدام ألوان داكنة جداً للواجهات","استخدام مواد تمنع تسرب الحرارة للداخل صيفاً وللخارج شتاءً، مما يقلل تشغيل المكيفات والمدافئ","العزل الجيد هو خط الدفاع الأول لترشيد الطاقة، ويُعتبر استثماراً مالياً ممتازاً على المدى الطويل."
"ENV-M039","environment","medium","ما هي مشكلة ""البلاستيك الدقيق"" (Microplastics) في مصادر المياه؟","جزيئات بلاستيكية صغيرة جداً لا تُرى بالعين، تتسرب للسلسلة الغذائية وتهدد صحة الإنسان والكائنات","بلاستيك مفيد جداً في تنقية الشوائب من الماء","نوع من أنواع الأسماك البحرية الصغيرة","تتحلل وتتحول لغذاء طبيعي للنباتات","جزيئات بلاستيكية صغيرة جداً لا تُرى بالعين، تتسرب للسلسلة الغذائية وتهدد صحة الإنسان والكائنات","العبوات البلاستيكية تتحلل في الطبيعة إلى مايكرو-بلاستيك، وينتهي بها المطاف في المياه وأجسامنا."
"ENV-M040","environment","medium","ما هو التبرير البيئي لإعادة تفعيل وتطوير شبكات ""النقل السككي"" (القطارات والترام) داخل المدن المزدحمة؟","تعمل بالكهرباء، تنقل أعداداً هائلة، وتقلل الاعتماد على الميكروباصات الملوثة والسيارات الخاصة","لتشجيع الناس على السفر بين الدول فقط","لأنها تزيد من الازدحام في الشوارع الضيقة","لأن تكلفة صيانتها مجانية تماماً","تعمل بالكهرباء، تنقل أعداداً هائلة، وتقلل الاعتماد على الميكروباصات الملوثة والسيارات الخاصة","النقل السككي هو العمود الفقري لأي مدينة مستدامة، فهو الأقل تلويثاً والأكثر كفاءة مكانية."
"ENV-M041","environment","medium","ما هو الغرض من ""تقييم الأثر البيئي"" (EIA) قبل البدء بإنشاء أي مشروع صناعي كبير بالقرب من حي سكني؟","دراسة المخاطر المتوقعة للمشروع على هواء وماء وصحة السكان، ووضع حلول استباقية لمنع التلوث","إحصاء أرباح المشروع لتوزيعها على السكان","تحديد موعد حفل الافتتاح الرسمي للمشروع","الحصول على إعفاءات ضريبية من البلدية","دراسة المخاطر المتوقعة للمشروع على هواء وماء وصحة السكان، ووضع حلول استباقية لمنع التلوث","تقييم الأثر البيئي هو وثيقة ملزمة قانونياً تمنع الكوارث البيئية قبل وقوعها."
"ENV-M042","environment","medium","أي من التكتيكات التالية يمثل نهجاً مستداماً في التخفيف من النفايات الورقية في المؤسسات التعليمية؟","رقمنة المناهج والامتحانات واعتماد أنظمة الإدارة الإلكترونية بدلاً من الطباعة الورقية المستمرة","شراء ورق مصنوع من البلاستيك ليدوم أطول","حرق الكتب المدرسية نهاية كل عام","تخزين كل الأوراق في مستودعات ضخمة","رقمنة المناهج والامتحانات واعتماد أنظمة الإدارة الإلكترونية بدلاً من الطباعة الورقية المستمرة","التحول الرقمي (Digital Transformation) هو خطوة بيئية وإدارية توفر الموارد وتقلل البصمة الكربونية."
"ENV-M043","environment","medium","كيف تؤثر ""الزراعة العضوية"" الخالية من الكيماويات إيجاباً على صحة البيئة المحيطة؟","تحافظ على خصوبة التربة، وتحمي المياه الجوفية من التسمم بالنيترات والمبيدات","تزيد من حجم المحصول بأضعاف مضاعفة فوراً","تتطلب كميات هائلة من مياه الري","تجعل النباتات تنمو في الظلام التام","تحافظ على خصوبة التربة، وتحمي المياه الجوفية من التسمم بالنيترات والمبيدات","الزراعة العضوية تعيد التوازن للطبيعة وتحمي الموارد المائية من التسربات الكيميائية السامة."
"ENV-M044","environment","medium","ما هي الفائدة من تبني سياسات ""المشتريات الخضراء"" في الشركات والبلديات؟","إعطاء الأولوية لشراء منتجات صديقة للبيئة، معاد تدويرها، وموفرة للطاقة لتشجيع الأسواق المستدامة","شراء منتجات ذات لون أخضر فقط للزينة","استيراد البضائع الأجنبية حصراً لرخصها","الامتناع التام عن الشراء وتجميد العمل","إعطاء الأولوية لشراء منتجات صديقة للبيئة، معاد تدويرها، وموفرة للطاقة لتشجيع الأسواق المستدامة","قوة الشراء الحكومية والمؤسسية قادرة على تغيير السوق ودعم الشركات التي تحترم المعايير البيئية."
"ENV-M045","environment","medium","في التخطيط الحضري، كيف نحد من خطر ""الفيضانات المفاجئة"" الناتجة عن الأمطار الغزيرة في المدن المتعرقة بالإسفلت؟","بزيادة المساحات الخضراء والأسطح المنفذة للمياه (كالأرصفة المفرغة) للسماح بتسرب المياه للتربة","بتغطية جميع الحدائق بالإسفلت لمنع الطين","بإغلاق مصارف المياه في الشوارع","ببناء سدود ضخمة داخل الأحياء السكنية","بزيادة المساحات الخضراء والأسطح المنفذة للمياه (كالأرصفة المفرغة) للسماح بتسرب المياه للتربة","المدن الأسفلتية تمنع التربة من امتصاص الأمطار؛ الأسطح النفوذة (Permeable surfaces) تمنع تشكل السيول."
"DEV-M031","development","medium","كيف يساهم تطوير مشاريع ""المؤونة المنزلية"" (المكدوس، المربيات) التي تقوم بها النساء السوريات في التنمية المحلية؟","يُمثل استثماراً للخبرات التراثية في مشاريع متناهية الصغر تدر دخلاً، وتدعم الأمن الغذائي للأسرة","يؤدي إلى انهيار المعامل والمصانع الغذائية الكبرى","يتطلب رؤوس أموال ضخمة بالدولار للبدء به","يعتبر تضييعاً لوقت المرأة وتهميشاً لدورها","يُمثل استثماراً للخبرات التراثية في مشاريع متناهية الصغر تدر دخلاً، وتدعم الأمن الغذائي للأسرة","الصناعات المنزلية (المونة) هي ركيزة للاقتصاد غير الرسمي الذي حوّل الكثير من النساء لمعيلات ناجحات."
"DEV-M032","development","medium","ما هو الأثر التنموي لمشكلة ""عدم توافق المهارات"" (Skills Mismatch) بين الخريجين وسوق العمل السوري؟","ارتفاع البطالة بين الجامعيين ونقص حاد في الكوادر التقنية والمهنية التي تحتاجها المصانع والشركات","انعدام الحاجة لبناء جامعات جديدة كلياً","زيادة رواتب جميع الموظفين في القطاع الخاص","تطور سريع جداً في القطاع الزراعي البحت","ارتفاع البطالة بين الجامعيين ونقص حاد في الكوادر التقنية والمهنية التي تحتاجها المصانع والشركات","التنمية تتطلب ربط مناهج التعليم باحتياجات السوق الحقيقية لتجنب هدر طاقات الشباب في بطالة مقنعة."
"DEV-M033","development","medium","في اقتصاد الأحياء السورية، ماذا يمثل ""صندوق العائلة"" أو ""الجمعية المالية الشهرية"" بين الجيران؟","شكل من أشكال التكافل الاجتماعي والتمويل الأصغر غير الرسمي لمواجهة الأزمات أو بدء مشاريع صغيرة","عملية مصرفية دولية معقدة جداً","نوع من أنواع الضرائب الحكومية الإجبارية","احتيال مالي غير منظم يجب منعه","شكل من أشكال التكافل الاجتماعي والتمويل الأصغر غير الرسمي لمواجهة الأزمات أو بدء مشاريع صغيرة","الجمعيات الأهلية المالية هي حل مجتمعي ذكي لتجميع الموارد المالية بعيداً عن فوائد البنوك المعقدة."
"DEV-M034","development","medium","كيف تؤثر جودة ""الإنارة الطرقية"" في الشوارع على الدورة الاقتصادية والاجتماعية للحي؟","تعزز الإحساس بالأمان، تزيد من ساعات النشاط التجاري ليلاً، وتحمي المشاة من الحوادث","ترفع فاتورة الكهرباء فقط دون أي فوائد مجتمعية","تمنع الناس من النوم بشكل مريح ليلاً","لا يوجد لها أي ارتباط بعلم التنمية والتطوير","تعزز الإحساس بالأمان، تزيد من ساعات النشاط التجاري ليلاً، وتحمي المشاة من الحوادث","الشارع المضاء هو شارع آمن ونابض بالحياة؛ الإنارة تعزز حيوية الأسواق والمقاهي وتقلل الجريمة."
"DEV-M035","development","medium","ماذا يقصد بالتخطيط ""الدامج"" (Inclusive Planning) عند إعادة تأهيل حي متضرر؟","تخطيط يراعي احتياجات كبار السن، الأطفال، وذوي الإعاقة (كممرات الكراسي المتحركة) في كل التفاصيل","تخطيط يقتصر على بناء المدارس فقط","تخطيط يركز على تجميل الواجهات الخارجية فقط","تخطيط يستبعد مشاركة سكان الحي الأصليين","تخطيط يراعي احتياجات كبار السن، الأطفال، وذوي الإعاقة (كممرات الكراسي المتحركة) في كل التفاصيل","التنمية الشاملة تضمن أن المرفق العام (كالحديقة أو الرصيف) متاح وسهل الاستخدام لكل شرائح المجتمع."
"DEV-M036","development","medium","كيف تتحول ""الفنادق البوتيكية"" (البيوت الدمشقية المحولة لفنادق) إلى سلاح ذي حدين تنموياً (Gentrification)؟","تجذب السياح وترمم التراث، لكنها قد ترفع الأسعار وتطرد السكان الأصليين وتلغي الطابع السكني للحي","تدمر البيوت الدمشقية بالكامل وتعيد بناءها بالإسمنت","تمنع دخول الأجانب إلى دمشق القديمة","لا تؤثر على الاقتصاد المحلي بأي شكل","تجذب السياح وترمم التراث، لكنها قد ترفع الأسعار وتطرد السكان الأصليين وتلغي الطابع السكني للحي","التحسين المفرط (الاستطباق) يهدد بتحويل المدينة القديمة إلى متحف سياحي بلا روح أو سكان أصليين."
"DEV-M037","development","medium","في مفاهيم التنمية، ما هو دور ""مؤسسات المجتمع المدني"" (CSOs) في الأزمات؟","تلعب دور الوسيط بين المواطن والدولة، وتستجيب سريعاً للاحتياجات الإغاثية والتنموية بمرونة عالية","تتحول إلى شركات تجارية هادفة للربح المالي","تحتكر استيراد المواد الغذائية من الخارج","تمنع العمل التطوعي وتحاربه","تلعب دور الوسيط بين المواطن والدولة، وتستجيب سريعاً للاحتياجات الإغاثية والتنموية بمرونة عالية","المجتمع المدني الفاعل هو شريك أساسي في التنمية، يمتلك مرونة وقدرة على الوصول للفئات الأكثر ضعفاً."
"DEV-M038","development","medium","كيف يؤثر انتقال العمالة من ""القطاع المنظم"" إلى ""القطاع غير المنظم"" (كالبسطات) على مؤشرات التنمية؟","يقلل من ضمانات العمال الاجتماعية والصحية، ويضعف الإيرادات الضريبية اللازمة لتمويل الخدمات العامة","يرفع مستوى الرفاهية والصحة للعمال فوراً","يزيد من تنظيم الشوارع وانسيابية المرور","يعتبر مؤشراً قوياً على نجاح الاقتصاد الصناعي","يقلل من ضمانات العمال الاجتماعية والصحية، ويضعف الإيرادات الضريبية اللازمة لتمويل الخدمات العامة","رغم أنه يوفر دخلاً للعيش، إلا أن الاقتصاد غير المنظم يحرم العامل من حقوقه التقاعدية والطبية."
"DEV-M039","development","medium","ماذا نعني بالانتقال من مبدأ ""الإغاثة"" (Relief) إلى مبدأ ""سبل العيش"" (Livelihoods)؟","التوقف عن توزيع المعونات المباشرة والانتقال لتعليم الناس مهناً ودعمهم لتأسيس مشاريع تدر دخلاً مستداماً","الاستمرار في توزيع السلال الغذائية لعشرات السنين","إيقاف كل المساعدات وترك الناس لمصيرهم المجهول","تقديم الدعم للشركات الكبرى فقط","التوقف عن توزيع المعونات المباشرة والانتقال لتعليم الناس مهناً ودعمهم لتأسيس مشاريع تدر دخلاً مستداماً","مشاريع سبل العيش تعيد الكرامة للإنسان، وتحوله من متلقٍ للمساعدة إلى عضو منتج ومكتفٍ ذاتياً."
"DEV-M040","development","medium","لماذا يعتبر الاستثمار في توفير ""مواصلات عامة آمنة"" داعماً مباشراً لعمل المرأة ومساهمتها التنموية؟","لأنه يزيل عوائق التنقل والخوف، ويتيح للمرأة الوصول لفرص العمل والتعليم البعيدة بأمان وتكلفة معقولة","لأنه يمنع النساء من قيادة السيارات الخاصة","لأن المواصلات العامة مخصصة للنساء فقط","لأنه يزيد من الازدحام المروري في الأسواق","لأنه يزيل عوائق التنقل والخوف، ويتيح للمرأة الوصول لفرص العمل والتعليم البعيدة بأمان وتكلفة معقولة","الأمان والتكلفة في قطاع النقل هما من التحديات الكبرى التي تعيق مشاركة المرأة الاقتصادية."
"DEV-M041","development","medium","ما هو الأثر السلبي طويل الأمد لاعتماد الجمعيات التنموية السورية كلياً على ""المنح الخارجية المتقطعة""؟","يُفقدها استقلاليتها، ويجعل مشاريعها مهددة بالتوقف المفاجئ فور انتهاء مدة المنحة","يجعلها الأكثر غنى ونجاحاً في العالم","يسمح لها بفتح فروع في قارات أخرى","لا يوجد له أي أثر سلبي على الإطلاق","يُفقدها استقلاليتها، ويجعل مشاريعها مهددة بالتوقف المفاجئ فور انتهاء مدة المنحة","الاستدامة تتطلب تنويع مصادر التمويل وبناء استثمارات وقفية محلية (أوقاف) لضمان استمرار التدخلات."
"DEV-M042","development","medium","في تخطيط الأحياء السكنية، كيف يعزز وجود ""المراكز المجتمعية المفتوحة"" من صمود الحي؟","توفر مساحة آمنة لاجتماع السكان، مناقشة مشاكلهم، وتدريب الشباب، مما يعزز التماسك الاجتماعي","تُستخدم كمقرات سرية لتخزين البضائع التجارية","تزيد من الانعزال والتفكك الأسري","ترفع من أسعار العقارات السكنية بشكل مبالغ فيه","توفر مساحة آمنة لاجتماع السكان، مناقشة مشاكلهم، وتدريب الشباب، مما يعزز التماسك الاجتماعي","المركز المجتمعي هو القلب النابض للحي، حيث يتم بناء رأس المال الاجتماعي وتنسيق المبادرات."
"DEV-M043","development","medium","ماذا يسمى المبدأ التنموي الذي يؤكد على ضرورة تصميم المباني لتكون صديقة للبيئة وللإنسان معاً؟","التصميم المستدام (Sustainable Design)","التصميم العشوائي المؤقت","التصميم الكولونيالي القديم","التصميم الزخرفي البحت","التصميم المستدام (Sustainable Design)","التصميم المستدام يراعي تقليل استهلاك الطاقة، توفير الإضاءة الطبيعية، وضمان صحة الساكنين."
"DEV-M044","development","medium","كيف تساهم ""رياض الأطفال المجتمعية"" ذات الأسعار الرمزية في تنمية الأحياء الشعبية؟","تؤسس لنمو سليم للطفل، وتتيح للأمهات وقتاً آمناً للخروج للعمل والمساهمة في دخل الأسرة","تزيد من الأعباء المالية على الأسرة الفقيرة","تحرم الأطفال من اللعب في الشوارع","تغلق المدارس الابتدائية نهائياً","تؤسس لنمو سليم للطفل، وتتيح للأمهات وقتاً آمناً للخروج للعمل والمساهمة في دخل الأسرة","رعاية الطفولة المبكرة هي استثمار مزدوج: تنمية قدرات الطفل، وتمكين اقتصادي للأم."
"DEV-M045","development","medium","في علم التنمية الحضرية، ما هي ظاهرة ""البطالة المقنعة"" التي ترهق القطاع العام؟","وجود أعداد كبيرة من الموظفين يتقاضون أجوراً دون أن يقدموا إضافة إنتاجية حقيقية للعمل","عدم وجود وظائف نهائياً في البلد","استخدام الموظفين للأقنعة أثناء العمل الرسمي","عمل الموظف في ثلاث وظائف مختلفة يومياً","وجود أعداد كبيرة من الموظفين يتقاضون أجوراً دون أن يقدموا إضافة إنتاجية حقيقية للعمل","البطالة المقنعة تستنزف ميزانية الدولة في دفع رواتب لإنتاجية شبه معدومة، بدلاً من استثمارها في التنمية."
"INI-M031","initiative","medium","في إدارة المبادرات، لماذا نعتبر خطوة ""تحليل أصحاب المصلحة"" (Stakeholder Analysis) حاسمة قبل البدء؟","لمعرفة من سيدعم المبادرة (للتعاون معه) ومن سيعارضها (لإدارة مخاوفه وتجنب عرقلة العمل)","لمعرفة أرقام حساباتهم البنكية وسرقتها","لدعوتهم جميعاً لحفل عشاء مكلف فقط","لإقصاء كل شخص لا ينتمي لفريق العمل","لمعرفة من سيدعم المبادرة (للتعاون معه) ومن سيعارضها (لإدارة مخاوفه وتجنب عرقلة العمل)","تجاهل شخصية مؤثرة في الحي (كمختار أو إمام مسجد) قد يؤدي إلى إفشال المبادرة حتى لو كانت نواياها حسنة."
"INI-M032","initiative","medium","عند إجراء جلسة ""عصف ذهني"" (Brainstorming) لحل مشكلة في الحي، ما هي القاعدة الذهبية الأولى؟","يُمنع النقد أو السخرية من أي فكرة في المرحلة الأولى، لتشجيع الجميع على التفكير بحرية وإبداع","يجب معاقبة صاحب الفكرة الضعيفة بالطرد","يجب أن يوافق القائد على الفكرة مسبقاً قبل طرحها","تحديد دقيقة واحدة فقط لانتهاء الجلسة","يُمنع النقد أو السخرية من أي فكرة في المرحلة الأولى، لتشجيع الجميع على التفكير بحرية وإبداع","العصف الذهني يعتمد على الكمية أولاً ثم النوعية؛ فالفكرة التي تبدو ساذجة قد تلهم فكرة عبقرية."
"INI-M033","initiative","medium","كيف نُطبق مبدأ ""المساءلة"" (Accountability) داخل فريق المبادرة التطوعية؟","عبر تقارير واضحة تُبين ما تم إنجازه مقارنة بالخطة، وكيف صُرفت الأموال، ومحاسبة المقصرين مهنياً","عبر تخوين الآخرين واتهامهم بالسرقة دون أدلة","بإخفاء الأخطاء خوفاً من انتقاد الداعمين","بإلغاء الاجتماعات الدورية لتوفير الوقت","عبر تقارير واضحة تُبين ما تم إنجازه مقارنة بالخطة، وكيف صُرفت الأموال، ومحاسبة المقصرين مهنياً","المساءلة والشفافية هما صمام الأمان الذي يحمي سمعة الفريق ويضمن استمرار ثقة المجتمع والممولين."
"INI-M034","initiative","medium","مبادرة لتوزيع السلال الغذائية تلقت شكاوى من مستفيدين لسوء الجودة. ما هو الرد الإداري السليم؟","استقبال الشكاوى بمهنية، التحقق من الموردين، تعويض المتضررين، ووضع آلية لضبط الجودة مستقبلاً","تجاهل الشكاوى وتذكير المستفيدين بأنها مجانية","شتم المشتكين وإلغاء أسمائهم من القوائم","التوقف عن العمل الخيري تماماً","استقبال الشكاوى بمهنية، التحقق من الموردين، تعويض المتضررين، ووضع آلية لضبط الجودة مستقبلاً","آلية ""الشكاوى والتغذية الراجعة"" ليست هجوماً على المبادرة، بل أداة لتطوير جودة الخدمة وحفظ الكرامة."
"INI-M035","initiative","medium","في تصميم المشاريع، ما هو ""الإطار المنطقي"" (Logical Framework / LogFrame)؟","مصفوفة (جدول) تُلخص بشكل مترابط: أنشطة المبادرة، مخرجاتها، أهدافها، ومؤشرات قياس النجاح","لوحة خشبية تُعلق عليها صور المتطوعين","إطار مالي يحدد رواتب المدراء فقط","قائمة بأسماء الأحياء المجاورة للمبادرة","مصفوفة (جدول) تُلخص بشكل مترابط: أنشطة المبادرة، مخرجاتها، أهدافها، ومؤشرات قياس النجاح","الإطار المنطقي هو خريطة المشروع؛ يقرؤها أي داعم فيفهم فوراً كيف ستتحول المدخلات إلى أثر تنموي."
"INI-M036","initiative","medium","كيف نتعامل مع ظاهرة ""الاحتراق الوظيفي/التطوعي"" (Burnout) لدى أعضاء الفريق الميداني؟","نطبق التناوب في المهام، نحدد أوقاتاً للراحة، ونعقد جلسات تفريغ نفسي وتقدير للجهود المبذولة","نجبرهم على العمل لساعات أطول كعقاب","نتجاهل تعبهم لأن العمل التطوعي يتطلب التضحية","نطردهم ونستبدلهم بمتطوعين جدد فوراً","نطبق التناوب في المهام، نحدد أوقاتاً للراحة، ونعقد جلسات تفريغ نفسي وتقدير للجهود المبذولة","إرهاق المتطوع وتجاهل صحته النفسية يؤديان لتسربه وفقدان كفاءات مدربة يصعب تعويضها."
"INI-M037","initiative","medium","ما هي استراتيجية ""بناء التحالفات"" (Coalition Building) في العمل المجتمعي؟","توحيد جهود عدة مبادرات وجمعيات محلية للعمل معاً نحو هدف استراتيجي أكبر يعجزون عنه منفردين","منافسة الجمعيات الأخرى وإسقاطها إعلامياً","تفكيك الفريق الواحد لعدة فرق متناحرة","الاعتماد على جهة خارجية أجنبية للقيام بالعمل","توحيد جهود عدة مبادرات وجمعيات محلية للعمل معاً نحو هدف استراتيجي أكبر يعجزون عنه منفردين","التحالفات توحد الأصوات والموارد، وهي الطريقة الأمثل لحملات ""المناصرة"" وتغيير القوانين."
"INI-M038","initiative","medium","في دورة حياة المشروع، ما أهمية مرحلة ""الإغلاق والتوثيق"" (Closure) رغم انتهاء العمل الميداني؟","أرشفة الملفات المالية والإدارية، توثيق قصص النجاح، وتسجيل الدروس المستفادة للمشاريع القادمة","توزيع الأموال المتبقية كأرباح شخصية للمؤسسين","التخلص من جميع الأوراق وإتلافها لسرية العمل","تغيير أرقام هواتف الفريق للهروب من المستفيدين","أرشفة الملفات المالية والإدارية، توثيق قصص النجاح، وتسجيل الدروس المستفادة للمشاريع القادمة","المبادرة التي لا تُوثَق هي مبادرة بلا ذاكرة؛ التوثيق يحفظ الخبرات التراكمية للمجتمع."
"INI-M039","initiative","medium","ماذا نعني بالوصف الوظيفي (Job Description) للمتطوع ولماذا هو ضروري؟","تحديد مهامه، مسؤولياته، لمن يقدم تقاريره، وما هي المهارات المطلوبة منه لمنع التخبط الإداري","تحديد نوع الطعام الذي يفضله يومياً","ورقة تُلزمه بدفع اشتراك شهري للمبادرة","شهادة شكر تُقدم له بعد انتهاء العمل","تحديد مهامه، مسؤولياته، لمن يقدم تقاريره، وما هي المهارات المطلوبة منه لمنع التخبط الإداري","المتطوع يحتاج لمعرفة دوره بدقة لكي يبدع؛ الغموض في المهام يخلق تضارباً واتكالية داخل الفريق."
"INI-M040","initiative","medium","عند تنظيم حملة تبرع بالدم، ما هو الخطر الأكبر لعدم التنسيق المسبق مع ""الجهات المعنية"" (بنك الدم/المستشفيات)؟","إهدار كميات الدم المتبرع بها لعدم وجود قدرة تخزينية كافية أو أكياس حفظ مناسبة لديهم","زيادة عدد المتبرعين بشكل مبالغ فيه","رفض الناس للمشاركة في المبادرة نهائياً","تحقيق نجاح ساحق وغير متوقع","إهدار كميات الدم المتبرع بها لعدم وجود قدرة تخزينية كافية أو أكياس حفظ مناسبة لديهم","المبادرات الصحية لا تحتمل الارتجال؛ التنسيق المسبق يضمن أن الجهد المبذول يذهب لمكانه الصحيح وفق الأصول الطبية."
"INI-M041","initiative","medium","كيف تُستخدم ""مؤشرات الأداء الرئيسية"" (KPIs) في تقييم نجاح المبادرة؟","هي مقاييس قابلة للقياس (كالنسبة المئوية لانخفاض التسرب المدرسي) تُثبت مدى اقترابنا من تحقيق الهدف","هي صور فوتوغرافية التُقطت يوم الافتتاح","هي مبالغ مالية تُدفع للمدير","هي شعارات رنانة تُكتب على جدران الحي","هي مقاييس قابلة للقياس (كالنسبة المئوية لانخفاض التسرب المدرسي) تُثبت مدى اقترابنا من تحقيق الهدف","المؤشرات تترجم الأهداف النظرية إلى أرقام وحقائق يمكن قياسها ومقارنتها علمياً وإدارياً."
"INI-M042","initiative","medium","إذا اكتشفت المبادرة أن ميزانيتها لن تكفي لإكمال ترميم المدرسة. ما هو التصرف الإداري الأسلم؟","إيقاف العمل مؤقتاً، مصارحة المستفيدين والمجتمع، والبحث فوراً عن مصادر تمويل بديلة لتغطية العجز","إكمال الترميم بمواد تالفة أو سيئة لتوفير المال سراً","الهروب والتوقف عن الرد على اتصالات إدارة المدرسة","اقتراض مبالغ بفوائد شخصية دون إعلام أحد","إيقاف العمل مؤقتاً، مصارحة المستفيدين والمجتمع، والبحث فوراً عن مصادر تمويل بديلة لتغطية العجز","الشفافية في الأزمات تبني الثقة؛ مصارحة المجتمع قد تدفع الأهالي أو التجار المحليين للتدخل وتغطية العجز."
"INI-M043","initiative","medium","ما فائدة إجراء ""دراسة الجدوى"" (Feasibility Study) قبل تبني فكرة مشروع مجتمعي مكلف؟","التأكد من أن المشروع قابل للتنفيذ مالياً، تقنياً، وقانونياً، وأن فوائده تبرر تكاليفه ومخاطره","التأكد من أن المشروع سيكسب إعجابات فيسبوك","معرفة إن كان الفريق سيخرج في رحلة سياحية أم لا","استنساخ مشروع أجنبي وتطبيقه حرفياً","التأكد من أن المشروع قابل للتنفيذ مالياً، تقنياً، وقانونياً، وأن فوائده تبرر تكاليفه ومخاطره","دراسة الجدوى تمنع الفريق من الغرق في أحلام خيالية أو هدر الموارد على مشروع مستحيل التنفيذ."
"INI-M044","initiative","medium","كيف يساهم ""التسويق الاجتماعي"" (Social Marketing) في إنجاح المبادرات السلوكية كترشيد المياه؟","استخدام أدوات التسويق التجاري الجذابة (إعلانات، رسائل مؤثرة) لتغيير سلوكيات مجتمعية بدلاً من بيع منتج","بيع زجاجات المياه المعبأة بأسعار غالية","شتم من يهدرون المياه علناً","إلغاء الاشتراكات الحكومية للمياه","استخدام أدوات التسويق التجاري الجذابة (إعلانات، رسائل مؤثرة) لتغيير سلوكيات مجتمعية بدلاً من بيع منتج","تسويق ""فكرة توفير المياه"" يتطلب إقناعاً وإبداعاً لا يقل عن الإبداع المطلوب لتسويق سيارة أو هاتف حديث."
"INI-M045","initiative","medium","ماذا نعني بالانتقال من التخطيط ""القائم على الاحتياج"" إلى التخطيط ""القائم على الأصول/الموارد"" في الحي؟","بدل التركيز على ما ينقص الحي (فقر/مشاكل)، نركز على ما يملكه (طاقات شبابية/حرفيين) لنبني عليها حلولاً","استغلال أموال الناس لتأسيس شركات","تجاهل مشاكل الفقراء والاهتمام بالأغنياء","بيع أملاك البلدية لشركات أجنبية","بدل التركيز على ما ينقص الحي (فقر/مشاكل)، نركز على ما يملكه (طاقات شبابية/حرفيين) لنبني عليها حلولاً","النهج القائم على الموارد (Asset-Based) يرفع معنويات المجتمع ويجعله يرى طاقاته الكامنة قبل أن يشحذ الحلول."
"DAM-H001","damascus","hard","عند دراسة النسيج العمراني لدمشق القديمة، ما هو التفسير الهندسي لتعرجات الأزقة والزواريب وانتهائها أحياناً بـ ""أطراف مسدودة"" (طريق غير ممهد للاختراق)؟","توفير الخصوصية المطلقة للعائلات، كسر سرعة الرياح الشتوية، وتوفير الأمان الدفاعي","سوء تخطيط هندسي وافتقار الرومان لأدوات القياس","لأن الأرض كانت صخرية وغير قابلة للشق","لتخصيص الأزقة كمرائب للخيول والجمال","توفير الخصوصية المطلقة للعائلات، كسر سرعة الرياح الشتوية، وتوفير الأمان الدفاعي","الأزقة غير المستقيمة تكسر قوة الرياح الباردة شتاءً، تمنع كشف البيوت، وتحول الحي لشبكة دفاعية."
"DAM-H002","damascus","hard","في هيكلية البيت الدمشقي التقليدي، لماذا يُبنى طابق ""السلاملك"" منفصلاً عن ""الحرملك"" أحياناً؟","لتخصيص قسم لاستقبال الضيوف الرجال الغرباء بعيداً عن حرمة وخصوصية العائلة (الحرملك)","لأن قسم السلاملك مخصص للمطبخ فقط","لأن الحرملك يبنى تحت الأرض حصراً","بسبب اختلاف مواد البناء بين القسمين","لتخصيص قسم لاستقبال الضيوف الرجال الغرباء بعيداً عن حرمة وخصوصية العائلة (الحرملك)","السلاملك مخصص لاستقبال الضيوف والرجال الغرباء، والحرملك هو حرم العائلة الداخلي."
"DAM-H003","damascus","hard","ما هو التحدي الهندسي والأثري الأكبر عند إدخال شبكات الصرف الصحي والكهرباء الحديثة إلى أعماق دمشق القديمة؟","خطر انهيار الطبقات الأثرية التاريخية تحت الأرض وتداخل التمددات مع القنوات القديمة","ارتفاع تكلفة الحفر باليد العاملة فقط","رفض السكان وجود أي أنابيب بلاستيكية","عدم توفر مهندسين محليين","خطر انهيار الطبقات الأثرية التاريخية تحت الأرض وتداخل التمددات مع القنوات القديمة","تحت دمشق القديمة توجد مدن أثرية فوق بعضها، والحفر العشوائي يهدد بتدمير طبقات تاريخية نادرة."
"DAM-H004","damascus","hard","كيف كانت شبكة ""قنوات بردى التوزيعية"" داخل دمشق القديمة تحافظ على نظافتها الذاتية دون انسداد؟","عبر الانحدار الطبيعي المدروس بدقة هندسية تسمح لجريان الماء المستمر بجرف الرواسب","عبر وضع مضخات كهربائية ضخمة","عبر منع استخدام الماء في البيوت نهائياً","عبر تجفيف القنوات شهرياً","عبر الانحدار الطبيعي المدروس بدقة هندسية تسمح لجريان الماء المستمر بجرف الرواسب","المهندسون الأوائل اعتمدوا على الميل الهندسي الطبيعي لينظف النهر مجراه ذاتياً بفضل قوة الجريان."
"DAM-H005","damascus","hard","ما هو التأثير التخطيطي والعمراني لتوسع مدينة دمشق الحديثة على حساب ""الغوطة الشرقية والغربية""؟","فقدان الرئة البيئية للمدينة، ارتفاع درجات الحرارة، وتراجع الإنتاج الزراعي المحلي","تحسين مناخ المدينة وزيادة المساحات الخضراء","توسيع مجرى نهر بردى طبيعياً","لا يوجد أي تأثير سلبي للزحف الإسمنتي","فقدان الرئة البيئية للمدينة، ارتفاع درجات الحرارة، وتراجع الإنتاج الزراعي المحلي","الزحف الإسمنتي العشوائي ابتلع مساحات كبرى من بساتين الغوطة، مما غير مناخ دمشق وأضر ببيئتها."
"DAM-H006","damascus","hard","في عمارة ""الخانk"" بدمشق (كخان أسعد باشا)، ما هي الحكمة من جعل الطابق الأرضي مستودعات والطابق العلوي غرفاً؟","الطابق الأرضي لحفظ البضائع والثقوب للتخزين والحيوانات، والعلوي لنوم التجار وإدارة أعمالهم","الطابق العلوي للمخلفات والسفلي للسكن","لا توجد حكمة سوى شكل المبنى","الطابق الأرضي مخصص للمكاتب الإدارية والعلوي للطبخ","الطابق الأرضي لحفظ البضائع والثقوب للتخزين والحيوانات، والعلوي لنوم التجار وإدارة أعمالهم","تصميم الخان وظيفي بامتياز؛ يفصل بين أمان البضائع وحركة الدواب سفلياً، وراحة التجار علوياً."
"DAM-H007","damascus","hard","ما هي مشكلة ""الملكية المشاعة"" (الشيوع) في عقارات دمشق القديمة وأثرها على ترميمها؟","تعدد الورثة واختلاف آرائهم يمنع ترميم العقار، مما يؤدي لانهياره البطء رغم قيمته التاريخية","يسهل عملية بيع البيت وترميمه في ساعة واحدة","يُلزم الدولة بترميم البيت مجاناً فوراً","يمنع هدم البيت القانوني حصراً","تعدد الورثة واختلاف آرائهم يمنع ترميم العقار، مما يؤدي لانهياره البطء رغم قيمته التاريخية","الشيوع العقاري هو العدو الأول لصيانة التراث؛ فتعدد العشرات من الورثة المتناثرين يعطل أي قرار ترميم."
"DAM-H008","damascus","hard","لماذا كانت ""سقوف البيوت الدمشقية القديمة"" تُصنع بطبقات سميكة من التراب المدكوك فوق جذوع الخشب (العليق والصفصاف)؟","لتوفير عزل حراري طبيعي ممتاز (بارد صيفاً دافئ شتاءً) ومنع تسرب مياه الأمطار","لأن التراب أثقل وزناً ويمنع طيران البيت في العواصف","لتخزين الحبوب والمحاصيل الزراعية فوق السقف","لأنه لم تكن توجد أي مواد أخرى للبناء","لتوفير عزل حراري طبيعي ممتاز (بارد صيفاً دافئ شتاءً) ومنع تسرب مياه الأمطار","دك التراب مع التبن فوق الأخشاب يشكل عازلاً حرارياً ومائياً ذكياً جداً يسبق التكنولوجيا الحديثة."
"DAM-H009","damascus","hard","ما هو الدور التاريخي الذي لعبته ""المدارس"" في دمشق الأيوبية والمملوكية (المدرسة الظاهرية، العادلية)؟","لم تكن للتعليم فقط، بل كانت مراكز اجتماعية فكرية تضم مكتبات ضخمة وأضرحة لمؤسسيها","كانت معسكرات تدريب عسكرية مغلقة","كانت أسواقاً لبيع الأسلحة والخيول","كانت مخصصة لتعليم الحرف اليدوية فقط","لم تكن للتعليم فقط، بل كانت مراكز اجتماعية فكرية تضم مكتبات ضخمة وأضرحة لمؤسسيها","المدارس القديمة كانت مؤسسات وقفية متكاملة تدمج العلم، السكن للطلاب، والعمل الخيري والتأبين."
"DAM-H010","damascus","hard","لماذا تتميز جدران البيوت الدمشقية في قسمها السفلي بوجود ألواح من الرخام أو ""الخشب المعشق"" (الداذات)؟","لحماية الجدران الطينية أو الحجرية الرطبة من الرطوبة الأرضية وملوحة الماء وسهولة تنظيفها","لتخزين الأموال والذهب خلفها","لأن الرخام يبعث رائحة عطرة في الغرفة","لزينة الجدران فقط دون فائدة تقنية","لحماية الجدران الطينية أو الحجرية الرطبة من الرطوبة الأرضية وملوحة الماء وسهولة تنظيفها","الداذات الرخامية أو الخشبية تحمي الجدران الأساسية من التآكل الناتج عن رطوبة أرض الديار."
"DAM-H011","damascus","hard","في تخطيط أسواق دمشق القديمة، لماذا كانت الأسواق تُسقف بالخشب أو التوتياء؟","لحماية التجار والبضائع والمتسوقين من حرارة الشمس الحارقة والأمطار الشتوية، واستمرار الحركة","لمنع الطيور من دخول السوق","لإظهار ثروة التجار","لأن القانون كان يمنع الأسواق المكشوفة","لحماية التجار والبضائع والمتسوقين من حرارة الشمس الحارقة والأمطار الشتوية، واستمرار الحركة","التسقف جعل السوق فضاءً محمياً ومريحاً يمارس دوره التجاري طوال العام مهما قسَت الظروف الجوية."
"DAM-H012","damascus","hard","ما هو التحدي التنموي الأبرز لتحويل أحياء دمشق القديمة إلى مناطق سكنية جاذبة للشباب العائلات حديثة العهد؟","ارتفاع أسعار العقارات، صعوبة إدخال السيارات، وضيق المساحات مقارنة بالشقق الحديثة","غياب شبكات المياه والكهرباء نهائياً","عدم توفر المدارس الحكومية في مركز المدينة","منع تركيب المكيفات الحديثة","ارتفاع أسعار العقارات، صعوبة إدخال السيارات، وضيق المساحات مقارنة بالشقق الحديثة","الحياة اليومية في المدينة القديمة صعبة لعدم وجود مواقف سيارات وضيق المداخل، مما يصعب استقرار العائلات الشابة."
"DAM-H013","damascus","hard","ما هي الطريقة التي كانت تتبعها دمشق قديماً في توزيع مياه الشرب الصافية للبيوت عبر ""الفخاريات"" (الخصاب)؟","شبكة أنابيب فخارية تحت الأرض تفصل مياه الشرب عن مياه الري والخدمات","حملها بالدلاء على الرؤوس من النهر مباشرة","تعبئتها بعبوات بلاستيكية","سحبها عبر طلمبات يدوية في كل غرفة","شبكة أنابيب فخارية تحت الأرض تفصل مياه الشرب عن مياه الري والخدمات","شبكة القسطل والفخار كانت توزع مياه الشرب الصافية للبيوت بعيداً عن قنوات الري المكشوفة."
"DAM-H014","damascus","hard","لماذا سُميت ساحة ""المرجة"" بهذا الاسم التاريخي؟","لأنها كانت في الأصل مرجاً أخضر فسيحاً تكتنفه مياه فروع نهر بردى وتجلس فيه العائلات","نسبة لوالي عثماني يدعى مرجه باشا","لأنها كانت أرضاً جرداء لا زرع فيها","لأنها كانت مرتعاً للخيول البرية فقط","لأنها كانت في الأصل مرجاً أخضر فسيحاً تكتنفه مياه فروع نهر بردى وتجلس فيه العائلات","قديماً قبل التمدد الإسمنتي، كانت المرجة بقعة خضراء واسعة تحيط بها مياه بردى والأشجار."
"DAM-H015","damascus","hard","في العمارة العسكرية لقلعة دمشق، ما هي فائدة الأبراج المربعة الضخمة ذات الجدران السميكة؟","امتصاص صدمات المنجنيق وقذائف الحصار، وتوفير منصات لرمي السهام والدفاع المتقاطع","لاستخدامها كمستودعات للقمح فقط","لأن الشكل المربع أرخص في البناء","لتكون قصوراً فخمة لقائد الحامية","امتصاص صدمات المنجنيق وقذائف الحصار، وتوفير منصات لرمي السهام والدفاع المتقاطع","التحصينات الهندسية للقلعة جعلتها شبه منيعة أمام أشرس حملات الحصار التاريخية."
"ENV-H001","environment","hard","عندما ترتفع نسبة الجسيمات العالقة (PM2.5) في هواء دمشق شتاءً، ما هو الخطير في هذه الجسيمات دقيقة الحجم؟","تخترق الرئتين وتصل إلى مجرى الدم مباشرة مسببة أمراضاً قلبية وتنفسية خطيرة","تتسبب في حكة بسيطة في العينين وتزول فوراً","تمنع سقوط الأمطار كلياً","لا تؤثر على صحة الإنسان لأنها صغيرة جداً","تخترق الرئتين وتصل إلى مجرى الدم مباشرة مسببة أمراضاً قلبية وتنفسية خطيرة","PM2.5 من أخطر ملوثات الهواء لأن صغر حجمها يمكنها من عبور جدران الرئة ودخول الدم."
"ENV-H002","environment","hard","لماذا يُعتبر استنزاف ""المياه الجوفية"" عبر الآبار العشوائية في حوض دمشق مسبباً رئيساً لظاهرة ""هبوط الأرض"" (Land Subsidence)؟","لأن سحب الماء يخلق فراغات تحت الأرض، فتضغط صخور وطبقات التربة فوقها ليهبط سطح الأرض","لأن الماء يزن طجناً ثقيلاً يضغط على الأرض","لأن الأمطار أصبحت أثقل وزناً","لا علاقة بين المياه الجوفية وهبوط الأرض","لأن سحب الماء يخلق فراغات تحت الأرض، فتضغط صخور وطبقات التربة فوقها ليهبط سطح الأرض","الماء الجوفي يعمل كدعامات هيدروليكية طبيعية؛ سحبه يسبب انضغاط الطبقات وهبوط سطح الأرض."
"ENV-H003","environment","hard","ما هي المعضلة البيئية والاقتصادية الكبرى المترتبة على الاعتماد الكلي على ""الوقود الأحفوري"" في توليد الكهرباء؟","انبعاثات هائلة من غازات الدفيئة المسببة للاحضار الحراري ونفاد الموارد غير القابلة للتجدد","انخفاض درجات الحرارة العالمية بشكل مفاجئ","زيادة كمية المياه العذبة في المحيطات","تحسن جودة التربة الزراعية","انبعاثات هائلة من غازات الدفيئة المسببة للاحضار الحراري ونفاد الموارد غير القابلة للتجدد","حرق الفحم والنفط والغاز هو المتهم الرئيسي في تسارع التغير المناخي المدمر لكوكب الأرض."
"ENV-H004","environment","hard","في إدارة النفايات الصلبة، ما هي المشكلة الفنية الكبرى في تطبيق ""التحويل الحراري للنفايات (الحرق لتوليد الطاقة)"" في الدول النامية؟","ارتفاع تكلفة الفلترة لمنع انبعاث غازات ""الديوكسين"" السامة، واحتواء النفايات على نسبة رطوبة عالية","بساطة التكنولوجيا وسهولة تطبيقها في أي مكان","توليد مياه صالحة للشرب كناتج ثانوي","عدم إنتاج أي نوع من الرماد الضار","ارتفاع تكلفة الفلترة لمنع انبعاث غازات ""الديوكسين"" السامة، واحتواء النفايات على نسبة رطوبة عالية","حرق النفايات غير المفزوعة يطلق سموماً قاتلة (ديوكسينات)، مما يتطلب محارق باهظة التكلفة البيئية والمالية."
"ENV-H005","environment","hard","ما هو المقصود بـ ""التراكم الحيوي"" (Bioaccumulation) للمخلفات السامة في السلسلة الغذائية؟","تركز وتضاعف تركيز السموم (كالمعادن الثقيلة) في أجسام الكائنات كلما صعدنا في السلسلة الغذائية (من الأسماك للبشر)","اختفاء السموم تماماً بمرور الوقت","تغذية الحيوانات على النباتات النظيفة","زيادة الفيتامينات في الأسماك","تركز وتضاعف تركيز السموم (كالمعادن الثقيلة) في أجسام الكائنات كلما صعدنا في السلسلة الغذائية (من الأسماك للبشر)","الملوثات لا تذوب بل تتراكم بأنسجة الكائنات؛ فالأسماك الصغيرة تبتلع السموم، والأسماك الكبيرة تأكل المئات منها ليصل السم للإنسان بتركيز عالٍ."
"ENV-H006","environment","hard","كيف تؤثر المبيدات الحشرية الفسفورية العضوية المستخدمة بكثافة زراعية على ""التنوع الحيوي"" المائي في الأنهار؟","تتسبب بموت جماعي للأسماك وتدمير مجتمعات العوالق النباتية والحيوانية الحيوية","تزيد من أعداد الأسماك وتجعلها أسرع سباحة","تنقي مياه النهر من الشوائب العضوية","تحسن مناعة الطيور النهرية","تتسبب بموت جماعي للأسماك وتدمير مجتمعات العوالق النباتية والحيوانية الحيوية","المبيدات لا تفرق بين الحشرة الضارة والكائنات النافعة، وجريانها للأنهار يدمر السلسلة الغذائية المائية."
"ENV-H007","environment","hard","لماذا تُشكل العشوائيات السكنية غير المزودة بشبكات صرف صحي نظامية خطراً داهماً على ""المياه الجوفية""؟","لتسرب مياه الصرف الصحي غير المعالجة مباشرة عبر مسام التربة إلى خزانات المياه الجوفية","لأنها تزيد من كمية الأمطار الهاطلة","لأنها تحسن خصوبة التربة الزراعية المجاورة","لا يوجد أي خطر بيئي للصرف الصحي العشوائي","لتسرب مياه الصرف الصحي غير المعالجة مباشرة عبر مسام التربة إلى خزانات المياه الجوفية","حفر الصرف البديلة (الجور الفنية) في مناطق التربة الرخوة تتسرب للحياة المائية وتسبب أمراضاً وبائية خطيرة."
"ENV-H008","environment","hard","ما هو الأثر البيئي الخطير المترتب على إزالة ""الأراضي الرطبة"" واستصلاحها لبناء مشاريع سكنية؟","فقدان إسفنجة طبيعية تمتص الفيضانات وتصفي المياه، وفقدان موطن آلاف الطيور المهاجرة","تحسين شبكة الطرق والمواصلات","زيادة مخزون المياه العذبة تحت الأرض","لا يوجد أي أثر سلبي لاستصلاح الأراضي الرطبة","فقدان إسفنجة طبيعية تمتص الفيضانات وتصفي المياه، وفقدان موطن آلاف الطيور المهاجرة","ردم المستنقعات والأراضي الرطبة يدمر آليات الطبيعة في تنظيم الفيضانات وتنقية المياه."
"ENV-H009","environment","hard","في سياق التخطيط البيئي المستدام للمدن، ماذا تعني سياسة ""عدم صافي خسارة التنوع الحيوي"" (No Net Loss)؟","إلزام أي مشروع تنموي بتعويض أي دمار بيئي يحدثه (كزراعة غابة بديلة) لتبقى التكلفة البيئية صفراً","منع إقامة أي مشروع صناعي نهائياً في الدولة","السماح للشركات بتدمير البيئة مقابل دفع غرامة مالية","تخفيض عدد السكان في المدن الكبرى","إلزام أي مشروع تنموي بتعويض أي دمار بيئي يحدثه (كزراعة غابة بديلة) لتبقى التكلفة البيئية صفراً","قاعدة التعويض البيئي تجبر المستثمر على إصلاح ما افسده في مكان آخر لضمان عدم تدهور الطبيعة."
"ENV-H010","environment","hard","لماذا تُعد ظاهرة ""الأمطار الحمضية"" ناتجة مباشرة عن محطات توليد الطاقة والمصانع الكبرى؟","لانبعاث غازات أكسيد الكبريت والنيتروجين التي تتفاعل مع رطوبة الجو وتعود كأحطار حارقة","بسبب زيادة التبخر من بحيرات المياه العذبة","بسبب استخدام الطاقة الشمسية بشكل مكثف","نتيجة كثرة عوادم الدراجات النارية في الشوارع","لانبعاث غازات أكسيد الكبريت والنيتروجين التي تتفاعل مع رطوبة الجو وتعود كأحطار حارقة","الأمطار الحمضية تحرق أوراق الأشجار، تدمر الواجهات الحجرية، وتقتل الحياة في البحيرات."
"ENV-H011","environment","hard","ما هو التحدي التقني والبيئي الأكبر في عملية ""إعادة تدوير البلاستيك"" مقارنة بالزجاج والمعادن؟","تعدد وتنوع بوليمرات البلاستيك واختلاطها، مما يجعل صهرها وفرزها عمليات معقدة ومكلفة","البلاستيك مادة لا تذوب أبدأ بالحرارة مهما بلغ ارتفاعها","البلاستيك أرخص بكثير من تصنيعه معاد التدوير","البلاستيك يختفي تلقائياً عند تعرضه للشمس","تعدد وتنوع بوليمرات البلاستيك واختلاطها، مما يجعل صهرها وفرزها عمليات معقدة ومكلفة","هناك آلاف الأنواع من البلاستيك التي لا ترتفق مع بعضها كيميائياً، مما يصعب فرزها وإعادة تصنيعها بنفس الجودة."
"ENV-H012","environment","hard","كيف تساهم ""مؤشرات جودة الهواء"" (AQI) المرتفعة لفترات طويلة في إحداث أزمات اقتصادية وصحية بالمجتمع؟","ترفع معدلات الإدخال للمستشفيات، تزيد التغيب عن العمل والدراسة، وتخفض الإنتاجية العامة","تزيد من سرعة نمو النباتات الزراعية","تخفف من استهلاك الكهرباء في المنازل","لا تسبب سوى إزعاج بسيط للسكان","ترفع معدلات الإدخال للمستشفيات، تزيد التغيب عن العمل والدراسة، وتخفض الإنتاجية العامة","التلوث الجوي ليس مشكلة جمالية؛ بل هو كلفة اقتصادية وبشرية فادحة على خزينة الدولة والأسر."
"ENV-H013","environment","hard","لماذا يُحذر البيئيون من الاعتماد المفرط على ""تحلية مياه البحر"" كحل نهائي أزلي لمشكلة شح المياه؟","تستهلك طاقة هائلة جداً (محارق وقود)، وتنتج محاليل ملحية مركزة تدمر البيئة البحرية للشواطئ","لأن مياه البحر المحلاة سامة للإنسان","لأن تكلفة تحلية اللتر الواحد أرخص من مياه النهر","لأنها تفرغ البحار من الأسماك تماماً","تستهلك طاقة هائلة جداً (محارق وقود)، وتنتج محاليل ملحية مركزة تدمر البيئة البحرية للشواطئ","التحلية طوق نجاة باهظ التكلفة الطاقية والبيئية، ولا تغني عن ترشيد وإدارة الموارد العذبة."
"ENV-H014","environment","hard","ما هي الظاهرة البيئية الناتجة عن ""الإثراء الغذائي (Eutrophication)"" في المسطحات المائية المغلقة؟","تدفق الأسمدة الزراعية الغنية بالفوسفور والنيتروجين، مما يولد طحالب كثيفة تحجب الأكسجين وتقتل الأسماك","نقاء المياه وتحولها لصالحة للشرب تماماً","تكاثر الأسماك النادرة بشكل قياسي","تجمد الماء بالكامل في فصل الصيف","تدفق الأسمدة الزراعية الغنية بالفوسفور والنيتروجين، مما يولد طحالب كثيفة تحجب الأكسجين وتقتل الأسماك","زيادة المغذيات تسبب انفجاراً طحلبياً يموت لاحقاً ويستهلك كل أكسجين الماء، مخنقاً كل الحياة البحرية."
"ENV-H015","environment","hard","في تصميم المدن البيئية، ماذا يقصد بمفهوم ""مدينة الـ 15 دقيقة"" (15-Minute City)؟","مدينة تتوفر فيها كافة الخدمات الأساسية (عمل، تسوق، صحة، تعليم) على مسافة لا تتجاوز 15 دقيقة مشياً أو دراجة","مدينة يجب إخلاؤها بالكامل خلال 15 دقيقة عند الطوارئ","مدينة تُبنى خلال 15 دقيقة فقط","مدينة تحظر السيارات نهائياً بعد الساعة 3 عصراً","مدينة تتوفر فيها كافة الخدمات الأساسية (عمل، تسوق، صحة، تعليم) على مسافة لا تتجاوز 15 دقيقة مشياً أو دراجة","مدينة 15 دقيقة تلغي الاعتماد على السيارة الفردية وتخفض التلوث وتحسن جودة الحياة الحضرية."
"DEV-H001","development","hard","ما هو التحدي الاقتصادي والتنموي المسمى بـ ""فخ الدخل المتوسط"" (Middle-Income Trap)؟","عجز الدول التي بلغت دخلاً متوسطاً عن الانتقال لاقتصاد مبتكر وقائم على المعرفة، فتبقى عالقة ولا تنافس الدول المتقدمة","فقر الدولة الشديد وعجزها عن دفع رواتب موظفيها","اعتماد الدولة كلياً على زراعة القمح فقط","كثرة الأثرياء مقارنة بالفقراء","عجز الدول التي بلغت دخلاً متوسطاً عن الانتقال لاقتصاد مبتكر وقائم على المعرفة، فتبقى عالقة ولا تنافس الدول المتقدمة","الفخ يحدث عندما تفقد الدولة ميزة العمالة الرخيصة ولا تمتلك تكنولوجيا متقدمة تنافس بها عالمياً."
"DEV-H002","development","hard","في سياسات التنمية، ما هو المقصود بـ ""التمييز الإيجابي"" (Affirmative Action) نحو الفئات المهمشة؟","سياسات تفضيلية مؤقتة (كدعم تعليمي خاص) لتمكين المجموعات الأقل فرصاً لتصل لخط المساواة مع البقية","تفضيل الأغنياء بالضرائب","منع الفئات الضعيفة من العمل","تمييز عنصري مرفوض تنموياً","سياسات تفضيلية مؤقتة (كدعم تعليمي خاص) لتمكين المجموعات الأقل فرصاً لتصل لخط المساواة مع البقية","المساواة تعني إعطاء الجميع نفس الشيء، أما العدالة فتعني إعطاء المحتاج ما يجعله متساوياً في الفرصة."
"DEV-H003","development","hard","لماذا يُعتبر الاستثمار في ""الطفولة المبكرة"" (صحة وتغذية وتعليم مبكر) أعلى استثمار تنموي عائد مالياً وبشرياً للدولة؟","لأن 90% من نمو الدماغ البشري يتم في السنوات الأولى، وكل دولار يُصرف فيها يوفر أضعافه لاحقاً من تكاليف علاج وجريمة","لأنه يقلل عدد المدارس الثانوية المطلوبة","لأن الأطفال لا يكلفون شيئاً","لأنه يلغي الحاجة للجامعات","لأن 90% من نمو الدماغ البشري يتم في السنوات الأولى، وكل دولار يُصرف فيها يوفر أضعافه لاحقاً من تكاليف علاج وجريمة","عقول الأطفال هي المصنع الحقيقي لثروة الأمم، وإهمالهم يبدد مستقبل البلد لأجيال."
"DEV-H004","development","hard","ما هي المعضلة التنموية المسماة بـ ""لعنة الموارد"" (Resource Curse) أو مفارقة الوفرة؟","الدول الغنية بالموارد الطبيعية (كالنفط والمعادن) غالباً ما تعاني من تخلف تنموى، فساد، وحروب أهلية بدل الازدهار","الدول التي لا تملك أي موارد تصبح أغنى دول العالم","الموارد الطبيعية تنفد في يوم واحد","وفرة المياه تسبب الفيضانات المدمرة","الدول الغنية بالموارد الطبيعية (كالنفط والمعادن) غالباً ما تعاني من تخلف تنموى، فساد، وحروب أهلية بدل الازدهار","بدل بناء اقتصاد منتج ومعرفة، تعتمد الدولة على بيع المورد الخام، مما يهمل التعليم والإنسان."
"DEV-H005","development","hard","كيف يؤدي تفشي ظاهرة ""الفساد الإداري"" إلى شلل كامل في خطط التنمية المستدامة؟","يهدر الموارد العامة، يضعف كفاءة المشاريع، ويقتل دافع الابتكار والاستثمار النزيه","يساهم في بناء البنية التحتية أسرع بكثير","يرفع دخل المواطنين بشكل مؤقت","يحسن جودة الخدمات الصحية والتعليمية","يهدر الموارد العامة، يضعف كفاءة المشاريع، ويقتل دافع الابتكار والاستثمار النزيه","الفساد يرفع تكلفة المشاريع ويقدم رديئها، ويهرب المستثمرين، ويفقد الشعب ثقته بالمستقبل."
"DEV-H006","development","hard","ما هو المقصود بـ ""الرأس المال البشري"" (Human Capital) وكيف يُقاس تنموياً؟","مجموع المعارف، المهارات، والقدرات الصحية التي يمتلكها الأفراد وتمكنهم من الإنتاج الاقتصادي","الأموال النقدية المخزنة في خزائن البنوك","عدد السكان الإجمالي في الدولة دون تمييز","قيمة العقارات والأراضي والمصانع","مجموع المعارف، المهارات، والقدرات الصحية التي يمتلكها الأفراد وتمكنهم من الإنتاج الاقتصادي","الثروة الحقيقية للأمم ليست بما تحت الأرض من نفط، بل بما في عوالم عقول أبنائها من مهارات."
"DEV-H007","development","hard","في التخطيط الحضري للتنمية، ما هو الخطر التنموي لـ ""التوسع الأفقي المفرط"" للمدينة (Urban Sprawl)؟","تكاليف باهظة جداً لمد شبكات المياه والكهرباء والنقل لمسافات بعيدة، وتدمير الأراضي الزراعية","ازدحام السكان في مبانٍ قريبة من بعضها","توفير المساكن الرخيصة لكل المحتاجين","انخفاض استهلاك الوقود تماماً","تكاليف باهظة جداً لمد شبكات المياه والكهرباء والنقل لمسافات بعيدة، وتدمير الأراضي الزراعية","التوسع الأفقي يستهلك أراضي الغذاء (الزراعة) ويستنزف موازنة الدولة في مد البنى التحتية البعيدة."
"DEV-H008","development","hard","ما هي المعضلة المرتبطة بتقديم ""المساعدات الإغاثية غير المشروطة"" لفترات طويلة جداً دون ربطها بسبل العيش؟","تخلق ثقافة الاتكالية (الاعتمادية)، تقتل الدافع للعمل، وتعيق دمج القادرين في عجلة الإنتاج","تقضي على الفقر تماماً خلال أعوام","تجعل المجتمع أكثر إنتاجية واكتفاءً","تطور الاقتصاد الرقمي للدولة","تخلق ثقافة الاتكالية (الاعتمادية)، تقتل الدافع للعمل، وتعيق دمج القادرين في عجلة الإنتاج","المساعدات الطارئة إذا طالت تحولت إلى مخدّر اجتماعي يدمر دافع العمل والاعتماد على النفس."
"DEV-H009","development","hard","لماذا تُعتبر ""الشفافية وحق الوصول للمعلومة"" شرطاً أساسياً لنجاح أي برنامج تنموي وطني أو محلي؟","تمنع الفساد، تتيح للمجتمع مساءلة المسؤولين، وتضمن مشاركة واعية ومبنية على أرقام حقيقية","لأنها تضيع وقت الموظفين في الرد على الأسئلة","لأنها تمنع الاستثمارات الأجنبية تماماً","لتأخير تنفيذ المشاريع المتعثرة","تمنع الفساد، تتيح للمجتمع مساءلة المسؤولين، وتضمن مشاركة واعية ومبنية على أرقام حقيقية","المواطن الشريك هو المواطن المطلع؛ المعلومة المتاحة تصنع رقابة مجتمعية وتنمية نظيفة."
"DEV-H010","development","hard","ما هو المقصود بـ ""المرونة الاقتصادية"" (Economic Resilience) للمجتمعات المحلية في أوقات الأزمات؟","قدرة المجتمع على تنويع مصادر دخله، تكييف أسواقه، والاعتماد على الموارد المحلية للصمود","امتلاك احتياطي نقدي ضخماً بالعملة الصعبة فقط","إغلاق الحدود التجارية تماماً","اعتماد الحي على جهة واحدة فقط في تمويله","قدرة المجتمع على تنويع مصادر دخله، تكييف أسواقه، والاعتماد على الموارد المحلية للصمود","المجتمع المرن لا ينهار بصدمة واحدة؛ تنويع الحرف والمهارات والاكتفاء الذاتي يحميه."
"DEV-H011","development","hard","في سياسات تشغيل الشباب، ما هو الفرق بين ""إيجاد فرص عمل مؤقتة (Cash for Work)"" و""التمكين الاقتصادي المستدام""؟","الأول أجر مؤقت مقابل جهد يدوي، والثاني بناء مهارة ومشروع يدر دخلاً طوال العمر","كلاهما يهدفان لنفس النتيجة تماماً دون فرق","التمكين المؤقت أفضل بكثير من المستدام","التمكين المستدام يقتصر على كبار السن","الأول أجر مؤقت مقابل جهد يدوي، والثاني بناء مهارة ومشروع يدر دخلاً طوال العمر","النقد مقابل العمل يعين اليوم، لكن التدريب على صنعة أو تكنولوجيا يضمن مستقبل الشاب للأبد."
"DEV-H012","development","hard","ما هو التحدي التنموي والاجتماعي المتمثل في ""الهجرة الداخلية من الريف إلى المدن""؟","الضغط الهائل على خدمات المدن (سكن، نقل، صحة)، وظهور العشوائيات، وخلو الأراضي الزراعية","تطور الزراعة الريفية بشكل ملحوظ","انخفاض عدد سكان العاصمة تماماً","تحسن شبكات المواصلات في الأرياف","الضغط الهائل على خدمات المدن (سكن، نقل، صحة)، وظهور العشوائيات، وخلو الأراضي الزراعية","نزح الملايين للمدن بحثاً عن لقمة العيش، مما خلق أحزمة فقر وعشوائيات حول العواصم."
"DEV-H013","development","hard","كيف يؤثر ""غياب الأمن القانوني والعقاري"" (كعدم تثبيت ملكيات البيوت في العشوائيات) على خطط التنمية؟","يحرم السكان من الحصول على قروض لتحسين مساكنهم، ويمنع البلديات من إدخال خدمات البنية التحتية","يشجع الناس على بناء بيوت أجمل وأكبر","يرفع أسعار العقارات بشكل خيالي لصالح الفقراء","لا يؤثر أبداً على التنمية العمرانية","يحرم السكان من الحصول على قروض لتحسين مساكنهم، ويمنع البلديات من إدخال خدمات البنية التحتية","العقار غير المثبت قانونياً هو عقار ميت لا يمكن استثماره أو تطويره أو الاستفادة منه تنموياً."
"DEV-H014","development","hard","ما هو الدور التنموي لـ ""القطاع الخاص"" عندما يتجاوز مفهومه السعي للربح إلى ""الاستثمار الاجتماعي""؟","تمويل مشاريع عامة (كمدارس أو حدائق) كجزء من مسؤوليته المجتمعية، مما يخفف العبء عن الدولة","السيطرة على قطاع الصحة ورفع أسعار الأدوية","منع الشباب من افتتاح مشاريع خاصة بهم","إغلاق الشركات الناشئة المنافسة","تمويل مشاريع عامة (كمدارس أو حدائق) كجزء من مسؤوليته المجتمعية، مما يخفف العبء عن الدولة","الشركات الناضجة تنموياً تدرك أن نجاحها مرتبط بازدهار واستقرار المجتمع الذي تعمل فيه."
"DEV-H015","development","hard","ماذا تعني سياسة ""اللامركزية المالية للبلديات"" في تحقيق تنمية متوازنة للمحافظات؟","منح البلديات صلاحية تحصيل جزء من الرسوم واستثمارها محلياً لتلبية احتياجات أحيائها دون انتظار المركز","منع البلديات من صرف أي قرش إلا بأمر العاصمة","اعتماد البلديات على التبرعات الخارجية حصراً","إلغاء المجالس المحلية نهائياً","منح البلديات صلاحية تحصيل جزء من الرسوم واستثمارها محلياً لتلبية احتياجات أحيائها دون انتظار المركز","البلدية التي تمتلك مالاً وصلاحية تستطيع إنارة شوارعها وترميم حدائقها فوراً دون روتين قاتل."
"INI-H001","initiative","hard","في مصفوفة تحليل أصحاب المصلحة، كيف تدار العلاقة مع جهة تمتلك ""تغالياً/تأثيراً عالياً"" لكن ""اهتماماً منخفضاً"" بالمبادرة؟","إبقاؤهم راضين ومطلعين باستمرار عبر تقارير مختصرة لكي لا يتدخلوا لعرقلة المشروع","تجاهلهم تماماً طالما أنهم غير مهتمين","إشراكهم في كل تفصيل يومي دقيق لتطريدهم","محاربتهم علناً في وسائل الإعلام","إبقاؤهم راضين ومطلعين باستمرار عبر تقارير مختصرة لكي لا يتدخلوا لعرقلة المشروع","الجهات ذات النفوذ العالي والاهتمام الهادئ (كالوزارات المعنية) يجب إرضاؤها لتبقى صديقة وغير معرقلة."
"INI-H002","initiative","hard","ما هو الفارق الجوهري بين مؤشرات ""الأداء"" (Performance Indicators) ومؤشرات ""الأثر"" (Impact Indicators)؟","الأداء يقيس سرعة وكفاءة إنجاز الأنشطة (كم تدربوا)، والأثر يقيس التغيير الحقيقي بعيد المدى (هل تغيرت حياتهم)","الأداء مالي والأثر إداري","كلاهما يقيسان نفس الشيء تماماً","الأثر يقيس كمية الورق المستخدم","الأداء يقيس سرعة وكفاءة إنجاز الأنشطة (كم تدربوا)، والأثر يقيس التغيير الحقيقي بعيد المدى (هل تغيرت حياتهم)","أن تبني مدرسة بسرعة فهذا أداء؛ أن يرتفع وعي المجتمع وينخفض الجهل فهذا أثر."
"INI-H003","initiative","hard","عند حدوث خلاف قانوني أو اتهام مالي لفريق المبادرة، ما هي الوسيلة الأفضل لحماية الفريق واستمراريته؟","امتلاك نظام مالي موثق، فواتير رسمية، وشفافية كاملة تقطع دابر الشكوك","إغلاق صفحات التواصل الاجتماعي والهرب","شتم الموجهين للاتهامات عبر الإنترنت","تغيير اسم الفريق فوراً لتجنب المساءلة","امتلاك نظام مالي موثق، فواتير رسمية، وشفافية كاملة تقطع دابر الشكوك","المستندات والفواتير والشفافية هي الدروع الواقية لأي فريق تطوعي ضد أي تشكيك."
"INI-H004","initiative","hard","في إدارة المشاريع التطوعية، ما هي أداة ""الهيكل التنزلي للمشروع"" (WBS - Work Breakdown Structure)؟","تجزئة المشروع الكبير إلى مهام أصغر فرعية ومحددة يسهل توزيعها وإنجازها دون ضياع","خفض رواتب العاملين تدريجياً لتوفير المال","تقسيم الفريق إلى مجموعات متنافسة وسلبية","جدول يوضح أوقات استراحة المتطوعين","تجزئة المشروع الكبير إلى مهام أصغر فرعية ومحددة يسهل توزيعها وإنجازها دون ضياع","WBS تجعل المشروع العملاق (كتنظيم مهرجان للحي) مهام صغيرة واضحة وممكنة الإنجاز."
"INI-H005","initiative","hard","ما المقصود بـ ""الاستدامة المالية"" (Financial Sustainability) للمبادرة المجتمعية؟","امتلاك تنوع في مصادر الدخل (تبرعات، خدمات مصغرة، أوقاف، شراكات) لا يعتمد على ممول واحد","الحصول على وعد شرف بتمويل مدى الحياة","اقتراض مبلغ ضخم وفوائده من البنك","صرف كل التبرعات على حفل البداية","امتلاك تنوع في مصادر الدخل (تبرعات، خدمات مصغرة، أوقاف، شراكات) لا يعتمد على ممول واحد","من يضع بيضه كله في سلة ممول واحد سيسقط حتماً فور توقف ذلك الممول عن الدعم."
"INI-H006","initiative","hard","كيف تتعامل إدراة المبادرة مع متطوع ""موهوب جداً فنياً لكنه سام ومخرب لروح الفريق وتماسكه""؟","تطبيق مبدأ مصلحة الفريق أولاً؛ إن لم يستجب للتنبيهات، فيجب الاستغناء عنه مهما كانت مهارته","التحمل المستمر لإبداعه والتغاضي عن إهانته للآخرين","إعطاؤه قيادة الفريق كاملاً لإرضائه","طرد كل الفريق والإبقاء عليه وحده","تطبيق مبدأ مصلحة الفريق أولاً؛ إن لم يستجب للتنبيهات، فيجب الاستغناء عنه مهما كانت مهارته","التسمم الإداري الذي يسببه شخص واحد مهدم لروح الفريق أخطر بكثير من خسارة مهارته الفنية."
"INI-H007","initiative","hard","في إعداد موازنة المبادرة، ماذا تعني ""التكاليف غير المباشرة"" (Overhead Costs) ولماذا تُرصد؟","مصاريف تشغيلية أساسية (كهرباء مقر، إنترنت، إداريات) تضمن استمرار عمل الفريق دون تعطيل","أموال تُصرف سراً على السهرات والرحلات","رشاوى مالية لتسهيل التراخيص","تكاليف شراء المواد الخام للمشروع فقط","مصاريف تشغيلية أساسية (كهرباء مقر، إنترنت، إداريات) تضمن استمرار عمل الفريق دون تعطيل","بعض الداعمين يرفضون دفع المصاريف الإدارية، رغم أنها عصب بقاء المكتب والفريق قادراً على العمل."
"INI-H008","initiative","hard","ما هو المعيار الإداري الأهم عند اختيار ""مؤشرات النجاح"" للمبادرة (KPIs)؟","أن تكون قابلة للقياس، واقعية، مرتبطة مباشرة بالهدف، وممكنة التحقق ببيانات متوفرة","أن تكون أرقاماً خيالية ضخمة لإبهار الداعمين","أن تكون معقدة جداً لكي لا يفهمها سوى الخبراء","أن تتغير أسبوعياً حسب المزاج","أن تكون قابلة للقياس، واقعية، مرتبطة مباشرة بالهدف، وممكنة التحقق ببيانات متوفرة","المؤشر غير القابل للقياس أو الوهمي هو مجرد حبر على ورق لا قيمة إدارية له."
"INI-H009","initiative","hard","لماذا يُنصح بعدم الاعتماد المفرط على ""الجهود الفردية العشوائية"" والانتقال للعمل المؤسسي المنظم للمبادرات؟","لأن الفرد قد يغيب أو يتعب فيتوقف العمل تماماً، بينما المؤسسة تمتلك أنظمة واستمرارية","لأن العمل الفردي غير مسموح قانونياً في الشارع","لأن المؤسسات لا تحتاج لمتطوعين","لأن الفرد لا يمتلك أي أفكار إبداعية","لأن الفرد قد يغيب أو يتعب فيتوقف العمل تماماً، بينما المؤسسة تمتلك أنظمة واستمرارية","المأسسة تحمي المبادرة من ربط مصيرها بشخص واحد، وتجعلها كياناً حياً مستمراً."
"INI-H010","initiative","hard","في إدارة الأزمات الميدانية (كاعتراض بعض السكان على عمل المبادرة في الشارع)، ما هو التصرف المحترف؟","إيقاف العمل مؤقتاً، الاستماع باحترام لمخاوف المعترضين، إبراز التراخيص، وشرح الفائدة المجتمعية بهدوء","شتم المعترضين واتهامهم بالجهل والتخلف","إكمال العمل رغماً عنهم واستدعاء الأمن فوراً","الانسحاب والهرب دون كلمة","إيقاف العمل مؤقتاً، الاستماع باحترام لمخاوف المعترضين، إبراز التراخيص، وشرح الفائدة المجتمعية بهدوء","الشارع بيئة تفاعلية حساسة؛ الحكمة والهدوء وإبراز الأوراق الرسمية تحول الخصم إلى مؤيد."
"INI-H011","initiative","hard","ما هو المقصود بـ ""دورة المشروع"" (Project Life Cycle) في التخطيط التطوعي؟","المراحل المتسلسلة التي تمر بها المبادرة: التحديد، التخطيط، التنفيذ، المراقبة، والإغلاق","عدد الساعات التي يستغرقها الاجتماع الأسبوعي","عمر المتطوع داخل الفريق","الفترة بين جمع التبرعات وصرفها","المراحل المتسلسلة التي تمر بها المبادرة: التحديد، التخطيط، التنفيذ، المراقبة، والإغلاق","فهم دورة المشروع يمنع القفز فوق المراحل (كالاستعجال بالتنفيذ قبل التخطيط والدراسة)."
"INI-H012","initiative","hard","كيف تُقيم نجاح ""حملة مناصرة رقمية"" أطلقتها المبادرة عبر الإنترنت لقضية بيئية؟","ليس بعدد الإعجابات الشكلية، بل بحجم التفاعل المؤثر، وتغيير السياسات، وانضمام شخصيات مؤثرة للقضية","بعدد متابعين الحساب الشخصي للمدير","بكمية الأموال التي تم جمعها كأرباح","بعدد التعليقات السلبية التي تم حذفها","ليس بعدد الإعجابات الشكلية، بل بحجم التفاعل المؤثر، وتغيير السياسات، وانضمام شخصيات مؤثرة للقضية","الإعجابات الوهمية لا تحل مشكلة بيئية؛ المعيار الحقيقي هو التأثير الفعلي وتغيير السلوك أو القانون."
"INI-H013","initiative","hard","ما هي الأهمية الإدارية لوجود ""محاضر اجتماعات"" (Minutes of Meeting) مدونة وموزعة على الفريق؟","توثيق القرارات المتفق عليها، وتحديد من سيقوم بكل مهمة، لمنع التهرب والنسيان","لإثبات أن الفريق يقضي وقتاً طويلاً جالساً","للاستغناء عن كتابة التقارير الشهرية نهائياً","لأنها تطلب رسمياً من الجهات الحكومية","توثيق القرارات المتفق عليها، وتحديد من سيقوم بكل مهمة، لمنع التهرب والنسيان","ما لُفظ يُنسى، وما كُتب يُنفذ؛ محضر الاجتماع هو العقد الإداري البسيط بين أفراد الفريق الواحد."
"INI-H014","initiative","hard","في عقود الشراكة بين المبادرة والجهات الراعية، ما هو بند ""الملكية الفكرية والتوثيق"" ولماذا يوضع؟","لتحديد من يحق له نشر الصور والتقارير وحفظ حقوق التصاميم والجهد الفكري للمشروع","لسرقة أفكار المتطوعين ونسبها للممول","لمنع نشر أي صورة للمبادرة على الإنترنت","لتحديد أسعار بيع منشورات المبادرة","لتحديد من يحق له نشر الصور والتقارير وحفظ حقوق التصاميم والجهد الفكري للمشروع","حفظ الحقوق الفكرية يمنع النزاعات القانونية ويحفظ هوية وتعب الفريق من الاستغلال."
"INI-H015","initiative","hard","ما هو المعيار الأسمى الذي يحدد أن ""المبادرة المجتمعية"" قد أدّت رسالتها التاريخية بأكملها؟","عندما يصبح المجتمع المحلي قادراً على إدارة المشكلة وحلها بنفسه دون الحاجة لوجود المبادرة أساساً","عندما تفتح المبادرة فروعاً في كل دول العالم","عندما يتقاضى المؤسسون رواتب خيالية مدى الحياة","عندما تصبح المبادرة حزباً سياسياً","عندما يصبح المجتمع المحلي قادراً على إدارة المشكلة وحلها بنفسه دون الحاجة لوجود المبادرة أساساً","الغاية الكبرى للعمل التطوعي والتنموي هي تمكين المجتمع ليصبح مكتفياً ذاتياً ومستقلاً تماماً."
"DAM-H016","damascus","hard","ما هو التحدي الهيدروليكي التاريخي الذي واجهه مهندسو دمشق عند توزيع مياه نهر بردى على أحياء المدينة المرتفعة كالصالحية؟","التحايل على فرق الارتفاع عبر قنوات معلقة وسدود توزيع دقيقة (الطوالع) لضمان وصول الماء لصعود مرتفعات قاسيون","استخدام مضخات بخارية عملاقة تعمل بالفحم الحجري لرفع الماء للأعلى","حفر أنفاق عميقة تحت الأرض لضخ الماء صعوداً","الاستغناء عن إيصال المياه للأحياء المرتفعة والاعتماد على الآبار حصراً","التحايل على فرق الارتفاع عبر قنوات معلقة وسدود توزيع دقيقة (الطوالع) لضمان وصول الماء لصعود مرتفعات قاسيون","التوزيع الهيدروليكي لقنوات بردى اعتمد على عبقرية الانحدار والتحكم الدقيق دون الحاجة لطاقة ميكانيكية."
"DAM-H017","damascus","hard","عندما نتحدث عن ""النسيج العمراني العضوي"" لدمشق القديمة، ماذا نقصد بعبارة (العضوي) معمارياً؟","أنه نما وتطور تدريجياً عبر القرون ليناسب حاجة الناس الاجتماعية والمناخية دون تخطيط هندسي مسبق صارم","أنه بُني بالكامل باستخدام المواد العضوية الحية والنباتات","أنه يتخذ شكلاً دائرياً منتظماً يشبه خلية النحل","أنه يتغير وينمو كالكائنات الحية بشكل يومي","أنه نما وتطور تدريجياً عبر القرون ليناسب حاجة الناس الاجتماعية والمناخية دون تخطيط هندسي مسبق صارم","النمو العضوي يعني أن المدينة تشكلت بحسب احتياجات أهلها الطبيعية والاجتماعية عبر العصور وليست مسطرة بمسطرة هندسية جامدة."
"DAM-H018","damascus","hard","في البيت الدمشقي، ما هو الدور المناخي الذكي الذي تلعبه ""البحرة"" (نافورة المياه) وسط أرض الديار؟","تبريد الهواء الساخن عبر التبخر، وإحداث تيار هواء عليلي يلطف مناخ الغرف المحيطة بالفناء","إصدار أصوات صاخبة لعزل ضجيج الأحياء الخارجية تماماً","زيادة نسبة الرطوبة لتلف الأثاث الخشبي عمداً","استخدامها كخزان رئيسي لإطفاء الحرائق الكبرى","تبريد الهواء الساخن عبر التبخر، وإحداث تيار هواء عليلي يلطف مناخ الغرف المحيطة بالفناء","التبخر الذاتي لمياه البحرة يمتتص حرارة الجو الصيفي ويهيء مناخاً منزلياً لطيفاً ومريحاً."
"DAM-H019","damascus","hard","ما هي المعضلة القانونية والإدارية التي تواجهها محافظة دمشق عند محاولة تنظيم ""المناطق المخالفة/العشوائيات"" التاريخية؟","تشابك حقوق الملكية، وغياب السندات القانونية الرسمية، وصعوبة التعويض وتأمين السكن البديل لآلاف العائلات","سهولة هدمها وبناء ناطحات سحاب مكانها في يوم واحد","رفض السكان الاستفادة من الخدمات المجانية","انعدام القيمة العقارية لتلك الأراضي تماماً","تشابك حقوق الملكية، وغياب السندات القانونية الرسمية، وصعوبة التعويض وتأمين السكن البديل لآلاف العائلات","تنظيم العشوائيات عملية بالغة التعقيد تشتبك فيها الحقوق الإنسانية، القانونية، والاقتصادية للسكان."
"DAM-H020","damascus","hard","ما هو التفسير التاريخي لوجود ""المقابر"" التاريخية الكبرى مباشرة خارج أسوار دمشق القديمة (كالباب الصغير ودحداح)؟","في العصور القديمة والوسطى كان يُمنع دفن الموتى داخل أسوار المدن لأسباب صحية وعقدية ودفاعية","لأن الأرض داخل السور كانت غالية الثمن ومخصصة للأسواق فقط","لأن الموتى كانوا يفضلون السكن خارج السور","بسبب كثرة الحروب التي كانت تقع خارج الأسوار","في العصور القديمة والوسطى كان يُمنع دفن الموتى داخل أسوار المدن لأسباب صحية وعقدية ودفاعية","الأسوار حددت فضاء الأحياء السكنية والتجارية، بينما امتدت المقابر في الفضاء المفتوح خارجها."
"DAM-H021","damascus","hard","في عمارة الجوامع الدمشقية التاريخية، ماذا يعني مصطلح ""المقرنصات"" (Muqarnas) وكيف تُنفذ؟","عناصر تزيينية هندسية ثلاثية الأبعاد تشبه خلايا النحل، تُستخدم في الانتقال من الشكل المربع لجدار إلى قبة دائرية","أعمدة حجرية ضخمة تحمل سقف الجامع الخشبي","نقوش على زجاج النوافذ تمنع دخول حشرات الشتاء","أرضيات رخامية مزخرفة بالألوان الزاهية","عناصر تزيينية هندسية ثلاثية الأبعاد تشبه خلايا النحل، تُستخدم في الانتقال من الشكل المربع لجدار إلى قبة دائرية","المقرنصات عبقرية رياضية وهندسية إسلامية لتوزيع الأحمال وتجميل زوايا السقوف والقباب."
"DAM-H022","damascus","hard","لماذا كان يُفضل بناء ""الأسواق المسقوفة"" في دمشق القديمة بارتفاعات معتدلة وليست شاهقة؟","لحماية السوق من أشعة الشمس المباشرة صيفاً، حفظ الدفء شتاءً، وسهولة بناء غرف ومستودعات فوقها","لعدم معرفة البنائين بطرق بناء الطوابق العالية","لأن الأرض لم تكن تحمل أوزان الأبنية المرتفعة","بسبب قوانين رومانية قديمة منعت بناء أكثر من طابق","لحماية السوق من أشعة الشمس المباشرة صيفاً، حفظ الدفء شتاءً، وسهولة بناء غرف ومستودعات فوقها","الارتفاع المعتدل صنع ظلالاً دائمة في السوق وحافظ على إنسانية الفضاء التجاري."
"DAM-H023","damascus","hard","ما هو التحدي التخطيطي الأكبر الذي تواجهه شبكة الطرق في دمشق القديمة عند محاولة تحويلها لمنطقة خالية من السيارات؟","ضيق الأزقة وعدم قدرتها على استيعاب حركة سيارات الطوارئ والإطفاء والخدمات الأساسية إن مُنعت نهائياً","كثرة المواقف العامة المخصصة للسيارات السياحية","وجود محطات قطار تحت الأرض تعيق المشاة","رفض السياح المشي على الأقدام","ضيق الأزقة وعدم قدرتها على استيعاب حركة سيارات الطوارئ والإطفاء والخدمات الأساسية إن مُنعت نهائياً","الشوارع الضيقة جداً تعيق دخول سيارات الإسعاف أو الإطفاء، وهو تحدي أمني وتخطيطي معقد."
"DAM-H024","damascus","hard","في فن العمارة الدمشقية، ما هو استخدام ""الزخرفة النباتية والهندسية المتكررة"" وتجنب رسم ذوات الأرواح بدقة؟","التزاماً بروح الفن الإسلامي الذي يركز على اللانهاية، التجريد، والابتعاد عن محاكاة الخلق التام","بسبب عدم توفر رسامين ماهرين للحيوانات","لأن الرسوم النباتية أرخص تكلفة في الألوان","بسبب أوامر عسكرية صارمة من الولاة","التزاماً بروح الفن الإسلامي الذي يركز على اللانهاية، التجريد، والابتعاد عن محاكاة الخلق التام","الفن الإسلامي أبدع في التجريد والهندسة والنبات (الأرابيسك) ليعكس فكرة الخلود واللانهاية."
"DAM-H025","damascus","hard","ما هي المشكلة المعمارية والبيئية التي ظهرت عند استخدام ""الإسمنت المسلح"" حديثاً في ترميم بعض أجزاء دمشق القديمة؟","الإسمنت مادة صلبة مانعة للتنفس تحبس الرطوبة وتدمر الجدران الحجرية القديمة التي تتنفس عبر الطين والحلبي","الإسمنت خفيف الوزن جداً ويطير مع الرياح الشتوية","الإسمنت يتفاعل مع الذهب ويقوم بإذابته","الإسمنت يغير لون الحجر الأبلق إلى الأسود تماماً","الإسمنت مادة صلبة مانعة للتنفس تحبس الرطوبة وتدمر الجدران الحجرية القديمة التي تتنفس عبر الطين والحلبي","المواد الحديثة كالإسمنت الحديث تقضي على مسامية الحجر القديم، فتتجمع الرطوبة وتتفتت الجدران التاريخية."
"DAM-H026","damascus","hard","لماذا كانت ""أرضيات أقبية"" البيوت الدمشقية تُفرش أحياناً بـ ""الحصى الناعم أو الحجارة البازلتية الصغيرة""؟","للسماح بتسرب المياه الزائدة نحو الأرض ومنع تشكل البرك والمستنقعات الرطبة في القبو","لتكون أرضيات لينة ومريحة للنوم ليلاً","لأنها تمنع دخول القوارض والثعابين للبيت","لتخزين الطحين والقمح فوقها مباشرة","للسماح بتسرب المياه الزائدة نحو الأرض ومنع تشكل البرك والمستنقعات الرطبة في القبو","فرش الأرضيات بالحصى يضمن تصريف المياه والرطوبة السريعة للحفاظ على جفاف القبو."
"DAM-H027","damascus","hard","ما هو التفسير التخطيطي لوجود ""العتبات العالية"" عند مداخل البيوت الدمشقية القديمة؟","لمنع دخول مياه الأمطار الغزيرة المتجمعة في الأزقة إلى داخل حرم البيت والباحة","لإجبار الزوار على الانحناء احتراماً لأهل البيت","لأن الأبواب كانت تُصنع بحجم أكبر من الجدران","لحماية البيت من سرقة الخيول","لمنع دخول مياه الأمطار الغزيرة المتجمعة في الأزقة إلى داخل حرم البيت والباحة","العتبة المرتفعة حاجز هندسي عملي يمنع سيول الأمطار العابرة بالأزقة من غزو غرف البيت."
"DAM-H028","damascus","hard","في اقتصاد الأسواق الدمشقية، ما هو الهدف من تخصص السوق بحرفة واحدة (سوق النحاسين، سوق البزورية)؟","تسهيل الرقابة التجارية، تبادل الخبرات بين الحرفيين، وجذب المشتري لمكان واحد يجد فيه كل طلبه","لإخفاء الأسعار الحقيقية عن الزبائن","لمنع التنافس الشريف بين المهن","بسبب قوانين نقابية صارمة منعت اختلاط المهن","تسهيل الرقابة التجارية، تبادل الخبرات بين الحرفيين، وجذب المشتري لمكان واحد يجد فيه كل طلبه","تجمع الحرفيين في سوق واحد يضمن جودة الإنتاج ويسهل على الزبون مقارنة البضائع."
"DAM-H029","damascus","hard","ما هي المشكلة المرتبطة بـ ""التحول التجاري الشامل"" لبعض أحياء دمشق القديمة (تحول البيوت لمطاعم وفنادق ضخمة)؟","خلو الحي من سكانه الأصليين، ارتفاع أسعار الخدمات، وفقدان الحي لهويته السكنية الحية","انخفاض أعداد السياح الأجانب بشكل حاد","توسيع الشوارع لتصبح أوتوسترادات سيارات","منع المدرسين والطلاب من دخول الحي","خلو الحي من سكانه الأصليين، ارتفاع أسعار الخدمات، وفقدان الحي لهويته السكنية الحية","التحول التجاري المفرط يقتل الروح المجتمعية ويحول الحي التراثي إلى مسرح تجاري فارغ."
"DAM-H030","damascus","hard","ما هو الدور الدفاعي التاريخي لـ ""الأسوار المزدوجة"" لمدينة دمشق (السور الداخلي والخارجي)؟","إذا اخترق العدو السور الخارجي، يقع في فضاء ضيق مكشوف لنيران المدافعين من السور الداخلي العالي","لأن السور الواحد كان رقيقاً وقابلاً للكسر بسهولة","للفصل بين الفقراء والأغنياء في المدينة","لإيواء الحيوانات الشاردة بين السورين","إذا اخترق العدو السور الخارجي، يقع في فضاء ضيق مكشوف لنيران المدافعين من السور الداخلي العالي","التحصين المزدوج هو قمة الهندسة العسكرية الدفاعية القديمة لتشتيت الجيوش الغازية."
"ENV-H016","environment","hard","عند الحديث عن ""تدوير المياه في الأبنية الذكية""، ما هو الفرق التقني بين المعالجة الثلاثية والمعالجة الثنائية للمياه العادمة؟","الثنائية تزيل المواد الصلبة والعضوية للري المقيد، والثلاثية تعقم الماء بالكامل لدرجة تقارب مياه الشرب","الثنائية تستخدم الكهرباء والثلاثية تعمل يدوياً","الثنائية للبيوت والثلاثية للمصانع الكبرى فقط","لا يوجد فرق تقني بين المعالجتين","الثنائية تزيل المواد الصلبة والعضوية للري المقيد، والثلاثية تعقم الماء بالكامل لدرجة تقارب مياه الشرب","المعالجة الثلاثية متطورة جداً وتزيل الفيروسات والمعادن لتصبح المياه آمنة للاستخدام البشري غير المباشر."
"ENV-H017","environment","hard","لماذا تُشكل ظاهرة ""الترشيح الجائر للمياه الجوفية"" خطراً كارثياً على التربة الزراعية في الغوطة؟","سحب المياه العذبة يسبب تداخل مياه البحر (أو الطبقات المالحة العميقة) لتملح الأراضي وتصبح عقمًا","يزيد من خصوبة التربة ويجعلها صالحة لزراعة الأرز","يمنع تسرب مياه الأمطار للأبد","يجفف الهواء ويقضي على الغبار تماماً","سحب المياه العذبة يسبب تداخل مياه البحر (أو الطبقات المالحة العميقة) لتملح الأراضي وتصبح عقمًا","استنزاف الآبار يخفض منسوب العذوبة، فتصعد المياه المالحة العميقة وتدمر صلاحية الأراضي للزراعة."
"ENV-H018","environment","hard","في حسابات البصمة البيئية للمدن، ما هو المقصود بـ ""الخدمات الإيكولوجية"" (Ecosystem Services)؟","الفوائد المجانية التي تقدمها الطبيعة للبشر ( كتنقية الهواء، تنظيم المناخ، وتلقيح المحاصيل)","الضرائب البيئية التي تفرضها البلديات","تكلفة إنشاء الحدائق العامة في الأحياء","أتعاب المهندسين الزراعيين","الفوائد المجانية التي تقدمها الطبيعة للبشر ( كتنقية الهواء، تنظيم المناخ، وتلقيح المحاصيل)","الطبيعة تقدم خدمات مجانية هائلة لو تم تقييمها مالياً لعجزت موازنات الدول عن دفعها."
"ENV-H019","environment","hard","ما هي المشكلة الفنية والبيئية الكبرى المرتبطة بمشاريع ""تشييد السدود الكبرى"" على الأنهار الدولية؟","حجز الطمي الخصب خلف السد، تدمير الأنظمة البيئية النهرية للمصب، وحرمان الدول السفلى من الحصص المائية","توليد طاقة نظيفة بلا أي آثار جانبية","زيادة كمية الأسماك النهرية بشكل مفرط","منع حدوث الزلازل والهزات الأرضية","حجز الطمي الخصب خلف السد، تدمير الأنظمة البيئية النهرية للمصب، وحرمان الدول السفلى من الحصص المائية","السدود تحل أزمة طاقة أو تخزين مؤقت، لكنها تدمر التوازن البيئي وتوقف تدفق الطمي الخصب."
"ENV-H020","environment","hard","كيف تؤثر الأكياس البلاستيكية الدقيقة المتناثرة في البيئة البرية على الثروة الحيوانية؟","تبتلعها الحيوانات ظناً منها أنها طعام، فتمتلئ معدتها وتصاب بالانسداد والموت جوعاً","تتفتت وتتحول إلى سماد عضوي للحيوانات","تستخدمها الطيور لبناء أعشاش آمنة وقوية","لا تؤثر أبداً على الحيوانات البرية","تبتلعها الحيوانات ظناً منها أنها طعام، فتمتلئ معدتها وتصاب بالانسداد والموت جوعاً","البلاستيك قاتل صامت للحيوانات البرية والبحرية التي تبتلعه وتتسمم ببطء شديد."
"ENV-H021","environment","hard","ما هو المقصود بمصطلح ""التخفيف المناخي"" (Climate Mitigation) في السياسات البيئية للمدن؟","التدخلات الهادفة لخفض الانبعاثات الكربونية ووقف أسباب الاحتباس الحراري من المصدّر","الاستعداد للتعامل مع الفيضانات بعد وقوعها","بناء سدود حماية بحرية","مساعدة المتضررين من الجفاف","التدخلات الهادفة لخفض الانبعاثات الكربونية ووقف أسباب الاحتباس الحراري من المصدّر","التخفيف يعالج الجذر (وقف الانبعاثات)، بينما التكيف يتعامل مع النتائج (التعايش مع الحرارة)."
"ENV-H022","environment","hard","لماذا يُحذر الخبراء من خطورة التخلص من ""الزيوت الصناعية وزيوت السيارات"" بسكبها في شبكة الصرف؟","لأن لتراً واحداً منها يلوث مليون لتر ماء، ويشكل طبقة عازلة تمنع تبادل الأكسجين بمحطات المعالجة","لأنها تحسن عمل شبكة الصرف الصحي وتمنع انسدادها","لأنها تتبخر مع أول شعاع شمس","لا توجد أي مشكلة بيئية لزيوت السيارات","لأن لتراً واحداً منها يلوث مليون لتر ماء، ويشكل طبقة عازلة تمنع تبادل الأكسجين بمحطات المعالجة","الزيوت المحروقة مواد سامة ومعادن ثقيلة تدمر محطات المعالجة وتقتل الحياة المائية تماماً."
"ENV-H023","environment","hard","في العمارة المستدامة، ما هو مفهوم ""التصميم السلبي"" (Passive Design)؟","استغل عناصر الطبيعة (الشمس، الرياح، الظل) لتبريد وتدفئة المبنى دون الحاجة لاستهلاك طاقة آلية","تصميم مبانٍ مظلمة تماماً لا تفتح نوافذها","ترك المبنى مهجوراً دون صيانة","بناء بيوت تحت الأرض حصراً","استغل عناصر الطبيعة (الشمس، الرياح، الظل) لتبريد وتدفئة المبنى دون الحاجة لاستهلاك طاقة آلية","التصميم السلبي يعتمد على هندسة المبنى وكتلته ليحقق الراحة الحرارية تلقائياً من رحم البيئة."
"ENV-H024","environment","hard","ما هو الأثر البيئي الخطير المترتب على ""الرعي الجائر"" في البادية السورية والمناطق الهشة؟","القضاء على الغطاء النباتي الجذري، تفكك التربة، وتسارع ظاهرة التصحر وزحف الرمال","زيادة كمية الأعشاب الطبية وتنوعها","تخضير الصحراء وزيادة الأمطار","تحسين خصوبة الأرض","القضاء على الغطاء النباتي الجذري، تفكك التربة، وتسارع ظاهرة التصحر وزحف الرمال","الرعي الجائر يقتل الجذور المعمرة، فتصبح الأرض رخوة وعرضة للتعرية الريفية القاسية (التصحر)."
"ENV-H025","environment","hard","لماذا تُمثل ""المبيدات الزراعية واسعة الطيف"" تهديداً مدمراً للتوازن البيئي طويل الأمد؟","تقضي على الحشرات الضارة والنافعة معاً (كالتناسل الطبيعي والملقحات)، مما يؤدي لخلل بالسلسلة الغذائية","تزيد من مناعة الحشرات وتجعلها أصغر حجماً","تتحول إلى أسمدة عضوية مفيدة للنبات","لا تؤثر سوى على الحشرة المستهدفة حصراً","تقضي على الحشرات الضارة والنافعة معاً (كالتناسل الطبيعي والملقحات)، مما يؤدي لخلل بالسلسلة الغذائية","المبيدات الشاملة تدمر الحشرات النافعة والطيور التي تتغذى عليها، مما يخلق آفات جديدة أشرس."
"ENV-H026","environment","hard","ما هو التحدي البيئي والاقتصادي في تطبيق ""نظام الفرز من المصدر"" للنفايات في الأحياء المكتظة؟","الحاجة لوعي مجتمعي صارم، وبنية تحتية لجمع مخصص، والتزام الأسر بالمعايير الدقيقة للفرز","لأن النفايات لا تحتوي سوى على مواد غير قابلة للتدوير","لأن الفرز يزيد من حجم القمامة الضعف","تكلفته المعدومة تجعل الناس ترفضه","الحاجة لوعي مجتمعي صارم، وبنية تحتية لجمع مخصص، والتزام الأسر بالمعايير الدقيقة للفرز","الفرز من المصدر ينجح بوعي المواطن وتنظيم البلدية؛ إن فشل أحدهما انهار النظام بأكمله."
"ENV-H027","environment","hard","في تقييم مشاريع الطاقة المتجددة، ما هي المعضلة البيئية المؤقتة لإنتاج ""الألواح الشمسية""؟","عملية تصنيعها تستهلك طاقة وتتطلب استخراج معادن نادرة (كالسيليكون والفضة) بطرق قد تلوث البيئة","الألواح الشمسية تطلق غازات سامة طوال فترة عملها","الألواح تمنع سقوط المطر فوق المنطقة","لا توجد أي آثار بيئية لتصنيعها","عملية تصنيعها تستهلك طاقة وتتطلب استخراج معادن نادرة (كالسيليكون والفضة) بطرق قد تلوث البيئة","رغم نظافة طاقاتها أثناء التشغيل، إلا أن تصنيع وتدوير الألواح والبطاريات يمثل تحدياً بيئياً يجب إدارته."
"ENV-H028","environment","hard","ما هو المقصود بـ ""البصمة المائية"" (Water Footprint) لمنتج معين (كالكيلوجرام الواحد من القمح أو اللحم)؟","إجمالي كمية المياه العذبة المُستهلكة والملوثة في مراحل إنتاج هذا المنتج منذ البداية حتى يصل للمستهلك","كمية الماء الموجودة داخل المنتج عند بيعه","وزن العبوة الفارغة للمنتج","كمية المطر الهاطل على المزرعة","إجمالي كمية المياه العذبة المُستهلكة والملوثة في مراحل إنتاج هذا المنتج منذ البداية حتى يصل للمستهلك","إنتاج كيلو لحم يتطلب آلاف الليترات من الماء (لزراعة العلف وسقيا الحيوان)، والبصمة المائية تكشف ذلك."
"ENV-H029","environment","hard","كيف تؤدي ظاهرة ""التمدد العمراني على حساب الأراضي الزراعية"" إلى تفاقم تغير المناخ؟","استبدال الغطاء النباتي الماص لـ CO2 بكتل إسفلتية، وزيادة الاعتماد على وسائل النقل الملوثة","زيادة كمية الأكسجين في الغلاف الجوي","تبريد مناخ المدن بشكل ملحوظ ودائم","توقف حركة الرياح العالمية","استبدال الغطاء النباتي الماص لـ CO2 بكتل إسفلتية، وزيادة الاعتماد على وسائل النقل الملوثة","خسارة الأراضي الخضراء تعني فقدان مصارف الكربون الطبيعية وزيادة انبعاثات المدينة المبلطة."
"ENV-H030","environment","hard","ما هو الدور البيئي الحيوي الذي تلعبه ""الحدائق العامة والمسطحات الخضراء"" داخل الأحياء السكنية المكتظة؟","تعمل فرامل طبيعية لتخفيض درجات الحرارة، امتصاص الغبار، وتوفير متنفس صحي نفسي للساكنين","تُستخدم حصراً كمواقف لسيارات الزوار","تزيد من نسبة غاز ثاني أكسيد الكربون ليلاً","تعتبر مكاناً لتوليد النفايات فقط","تعمل فرامل طبيعية لتخفيض درجات الحرارة، امتصاص الغبار، وتوفير متنفس صحي نفسي للساكنين","الحدائق ليست ترفاً جمالياً، بل هي بنية تحتية بيئية وصحية ضرورية جداً لصحة وعافية مجتمع الحي."
"DEV-H016","development","hard","ما هو التحدي التنموي المسمى بـ ""مفارقة الإنتاجية والبطالة"" في اقتصادات الدول النامية؟","وجود طاقات شبابية هائلة متعلمة وعاطلة عن العمل، وعجز الاقتصاد عن استثمارها في قطاعات منتجة","انخفاض عدد السكان بشكل حاد ومفاجئ","وفرة فرص العمل لدرجة لا توجد عاطلين","رفض الشباب العمل في أي قطاع","وجود طاقات شبابية هائلة متعلمة وعاطلة عن العمل، وعجز الاقتصاد عن استثمارها في قطاعات منتجة","حين لا يجد الشباب فرص عمل تليق بمهاراتهم، تضيع طاقات الأمة في هجرة الأدمغة أو البطالة."
"DEV-H017","development","hard","في تقييم المشاريع التنموية، ماذا يعني مفهوم ""الاستدامة المالية الذاتية"" (Self-Sustaining Financial Model)؟","أن يولد المشروع دخلاً كافياً من خدماته أو منتجاته لتغطية تكاليف تشغيله دون الحاجة لمانحين أبدياً","أن تضمن الحكومة رواتب الموظفين طوال العمر","أن يعتمد المشروع على التبرعات الشعبية حصراً","أن يكون المشروع مجانياً بالكامل","أن يولد المشروع دخلاً كافياً من خدماته أو منتجاته لتغطية تكاليف تشغيله دون الحاجة لمانحين أبدياً","المشروع التنموي الناجح يتحول لكيان منتج يغطي نفقاته ويستمر بذاته."
"DEV-H018","development","hard","لماذا تُعتبر سياسات ""اللامركزية في صنع القرار الخدمي"" أساسية لتسريع التنمية في المحافظات؟","لأن البلديات والمجالس المحلية أدرى بأولويات أحيائها، مما يختصر روتين المركز ويزيد كفاءة الإنفاق","لأنها تمنح صلاحيات مطلقة لشخص واحد","لإلغاء دور الوزارات المركزية كلياً","لأنها تزيد من كلفة المشاريع وضعف الرقابة","لأن البلديات والمجالس المحلية أدرى بأولويات أحيائها، مما يختصر روتين المركز ويزيد كفاءة الإنفاق","اللامركزية تمنح المرونة والسرعة في إصلاح عطل مائي أو ترميم مدرسة دون انتظار الموافقات المركزية الطويلة."
"DEV-H019","development","hard","ما هي المعضلة التنموية المرتبطة بما يسمى ""اقتصاد الريع"" (Rentier Economy)؟","اعتماد الدولة على دخل خارجي (كالموارد الطبيعية) دون إنتاج حقيقي، مما يضعف دافع الابتكار والضرائب","اعتماد الاقتصاد على الضرائب المحلية فقط","اقتصاد يعتمد على الزراعة اليدوية البحتة","اقتصاد بلا أي موارد مالية","اعتماد الدولة على دخل خارجي (كالموارد الطبيعية) دون إنتاج حقيقي، مما يضعف دافع الابتكار والضرائب","الدولة الريعية (التي تملك مورداً جاهزاً) غالباً ما تهمل بناء قدرات وتجارة وعقول مواطنيها."
"DEV-H020","development","hard","كيف يؤثر غياب ""الأمن التعاقدي والقانوني"" سلباً على استثمارات التنمية المحلية في الأحياء؟","يخيف المستثمرين وأصحاب الورش من ضياع أموالهم، فيحجمون عن فتح مشاريع توفر فرص عمل","يشجع التجار على ضخ أموال طائلة دون خوف","يرفع أجور العمال بشكل مبالغ فيه","يسهل توقيع العقود الشفهية","يخيف المستثمرين وأصحاب الورش من ضياع أموالهم، فيحجمون عن فتح مشاريع توفر فرص عمل","المال جُبان؛ الاستثمار والتنمية يحتاجان إلى قوانين واضحة ومحمية تحمي العقود والحقوق."
"DEV-H021","development","hard","ما هو الأثر التنموي طويل الأمد لانتشار ظاهرة ""التسرب المدرسي المبكر"" في المجتمعات النامية؟","خلق قاعدة واسعة من العمالة غير الماهرة منخفضة الدخل، وزيادة معدلات الفقر والبطالة الهيكلية","تطوير مهارات الحياة العملية للشباب باكراً","إلغاء الحاجة لفتح جامعات أكاديمية","تحسن الاقتصاد العام بفضل سرعة الإنتاج","خلق قاعدة واسعة من العمالة غير الماهرة منخفضة الدخل، وزيادة معدلات الفقر والبطالة الهيكلية","الطفل الذي يترك المدرسة ليحصل على قرش اليوم، يخسر ملايين الليرات مستقبلاً ويحرم مجتمعه من عقل منتج."
"DEV-H022","development","hard","لماذا يُنصح باعتماد نهج ""سلاسل القيمه الزراعية"" (Agricultural Value Chains) عند تنمية الأرياف؟","لأن الدعم لا يجب أن يقتصر على الإنتاج (الزراعة)، بل يمتد للتغليف، التخزين، التصنيع، والتسويق لرفع العائد","لإجبار المزارع على بيع محصوله بأبخس أثمان","لإلغاء دور الأسواق المحلية تماماً","لزيادة كمية الأسمدة الكيميائية المستخدمة","لأن الدعم لا يجب أن يقتصر على الإنتاج (الزراعة)، بل يمتد للتغليف، التخزين، التصنيع، والتسويق لرفع العائد","المزارع البسيط يخسر إن لم يجد تغليفاً وتبريداً وتصنيعاً يحفظ محصوده ويضاعف قيمته السوقية."
"DEV-H023","development","hard","ما هو المقصود بـ ""المساءلة الاجتماعية"" (Social Accountability) في إدارة المشاريع والخدمات المحلية؟","حق وقدرة المواطنين والمجتمع المدني على مراقبة أداء الجهات الحكومية والخدمية ومساءلتهم عن جودة العمل","محاكمة الموظفين في المحاكم الجنائية فوراً","دفع غرامات مالية للبلدية عند كل شكوى","صمت المواطنين وقبولهم بكل الخدمات","حق وقدرة المواطنين والمجتمع المدني على مراقبة أداء الجهات الحكومية والخدمية ومساءلتهم عن جودة العمل","المساءلة الاجتماعية تعني أن المواطن شريك رقابي حقيقي يضمن نزاهة وكفاءة الخدمات العامة."
"DEV-H024","development","hard","كيف يساهم تأسيس ""المراكز المهنية المصغرة"" داخل الأحياء في تحقيق التمكين الاقتصادي السريع؟","يوفر التدريب العملي القريب من مكان سكن المتدربين (وخاصة النساء)، متجاوزاً عائق المواصلات والتكلفة","يُدرب الشباب على نظريات الفضاء والبرمجة المتقدمة","يغلق المدارس الابتدائية ويحولها لمصانع","يعتبر ترفاً غير مبرر في الأحياء الشعبية","يوفر التدريب العملي القريب من مكان سكن المتدربين (وخاصة النساء)، متجاوزاً عائق المواصلات والتكلفة","قرب مراكز التدريب من الأحياء الشعبية يزيل عائق تكلفة النقل ويشجع النساء والأسر على الانخراط بالمهن."
"DEV-H025","development","hard","في سياسات التوظيف، ما هو مفهوم ""العمل اللائق"" (Decent Work) الذي تنادي به منظمات التنمية الدولية؟","أجر عادل، بيئة عمل آمنة، ضمان اجتماعي، وحماية حقوق العامل دون استغلال أو تمييز","العمل طوال اليوم دون أخذ أي استراحة","الحصول على أجر مرتفع بغض النظر عن سلامة العامل","العمل التطوعي الإجباري","أجر عادل، بيئة عمل آمنة، ضمان اجتماعي، وحماية حقوق العامل دون استغلال أو تمييز","العمل اللائق يضمن كرامة الإنسان وصحته وحقوقه التقاعدية، وهو هدف تنموي أممي رئيسي."
"DEV-H026","development","hard","ما هو التحدي التنموي المتمثل في ""الفجوة البنيوية"" (Structural Gap) في اقتصادات الدول النامية؟","انفصال قطاعات الاقتصاد الحديثة (كالنفط أو الاتصالات) عن قطاعات الإنتاج المحلي الواسع (كالزراعة والحرف)","وجود هواتف ذكية متطورة جداً في السوق","كثرة المهندسين مقارنة بالعمال","قلة الأبنية الطرقية السريعة","انفصال قطاعات الاقتصاد الحديثة (كالنفط أو الاتصالات) عن قطاعات الإنتاج المحلي الواسع (كالزراعة والحرف)","حين تنمو أجزاء من الاقتصاد بمعزل عن باقي معيشة الشعب، يبقى الفقر مدقعاً رغم وجود قطاعات غنية."
"DEV-H027","development","hard","لماذا يُعتبر دعم ""الريادة الاجتماعية"" أفضل بكثير من الاعتماد الدائم على المعونة الخيرية التقليدية؟","لأن الريادة تبني مشاريع منتجة ومستدامة توفر فرص عمل كريمة، بينما المعونة تحافظ على التبعية","لأن الريادة لا تحتاج لأي عمالة بشرية","لأن المعونة الخيرية محرمة قانونياً","لأن المشاريع الريادية لا تخسر أبداً","لأن الريادة تبني مشاريع منتجة ومستدامة توفر فرص عمل كريمة، بينما المعونة تحافظ على التبعية","المشاريع الريادية تدمج حل المشاكل المجتمعية بمنطق استدامة مالية وإنتاجية حقيقية."
"DEV-H028","development","hard","ما هو الأثر التنموي الفادح المترتب على ""تدهور جودة التعليم الأساسي"" في المدارس العامة؟","إنتاج أجيال تعاني من ضعف المهارات الأساسية (قراءة/حساب)، مما يفشلها في سوق العمل المستقبلي","توفير ميزانية ضخمة لصالح وزارة المالية","زيادة الإبداع والابتكار الذاتي لدى الطلاب","لا يوجد أي تأثير لضعف التعليم على التنمية","إنتاج أجيال تعاني من ضعف المهارات الأساسية (قراءة/حساب)، مما يفشلها في سوق العمل المستقبلي","ضعف الأساس التعليمي المدرسي ينهار معه كل بناء التنمية الجامعية والمهنية لاحقاً."
"DEV-H029","development","hard","ماذا تعني ""التنمية المتوازنة إقليمياً"" (Balanced Regional Development) في خطط الدول؟","توزيع الاستثمار والخدمات وفرص العمل بعدالة بين العاصمة والأرياف والمحافظات لمنع الهجرة الداخلية","صرف نفس الميزانية لكل مواطن بغض النظر عن مكان سكنه","جعل كل المحافظات تتشابه في شكل المباني تماماً","نقل العاصمة الإدارية لريف مختلف كل عام","توزيع الاستثمار والخدمات وفرص العمل بعدالة بين العاصمة والأرياف والمحافظات لمنع الهجرة الداخلية","التنمية المتوازنة تمنع التضخم السكاني في العاصمة وتضمن بقاء أهل الريف في أرضهم معززين مكرمين."
"INI-H016","initiative","hard","في الإدارة الاستراتيجية للمبادرات، ما هو الفرق بين ""الرؤية"" (Vision) و""الرسالة"" (Mission)؟","الرؤية تصف الحلم المستقبلي بعيد المدى، والرسالة تصف ماذا سنفعل اليوم وكيف نحقق تلك الرؤية","الرؤية مالية والرسالة قانونية","لا فرق بينهما في لغة منظمات المجتمع المدني","الرسالة تخص المتطوعين والرؤية تخص الممول","الرؤية تصف الحلم المستقبلي بعيد المدى، والرسالة تصف ماذا سنفعل اليوم وكيف نحقق تلك الرؤية","الرؤية هي الوجهة (إلى أين نصل؟)، والرسالة هي الطريق والعمل (ماذا نعمل لنصل؟)."
"INI-H017","initiative","hard","عند تقييم المخاطر المالية لمبادرة ميدانية، ماذا نعني بـ ""مخاطر سعر الصرف والسيولة""؟","احتمال تآكل قيمة التبرعات أو عجز المبادرة عن دفع التزاماتها بسبب تقلبات الأسعار المفاجئة","فقدان المتطوعين لأموالهم الشخصية في الشارع","سرقة صندوق التبرعات من مقر الفريق","تلف المواد العضوية بسبب المطر","احتمال تآكل قيمة التبرعات أو عجز المبادرة عن دفع التزاماتها بسبب تقلبات الأسعار المفاجئة","التضخم وتقلبات الأسعار تهدد مشاريع الشراء والتنفيذ، وتتطلب موازنات مرنة وإنجازاً سريعاً."
"INI-H018","initiative","hard","كيف تدير إدارة المبادرة صراعاً حاداً بين ""الممول"" الذي يفرض شروطاً معينة و""فريق العمل"" الميداني الرافض لها؟","بالتفاوض المهني، توضيح الواقع الميداني للرعاية، ومحاولة إيجاد صيغة وسط تخدم المستفيد دون الإضرار بجودة العمل","قبول شروط الممول عمياءً ولو أضر ذلك بالمجتمع","طرد فريق العمل بالكامل والنزول لتنفيذ العمل وحدك","شتم الممول وقطع العلاقة معه فوراً","بالتفاوض المهني، توضيح الواقع الميداني للرعاية، ومحاولة إيجاد صيغة وسط تخدم المستفيد دون الإضرار بجودة العمل","الدبلوماسية الإدارية تحمي رسالة المبادرة وتحافظ على شريك التمويل في آن واحد."
"INI-H019","initiative","hard","في مهارات التفاوض للحصول على دعم عيني (كمواد بناء لترميم مدرسة)، ما هي نقطة القوة الأهم للمبادرة؟","تقديم دليل واضح على الشفافية والأثر المجتمعي الكبير والسمعة الطيبة أمام الشركة الداعمة","التهديد بمقاطعة محلات التاجر إن لم يتبرع","إزعاج مدير الشركة باتصالات لا تنتهي","إخفاء هوية الفريق والجهة المستفيدة","تقديم دليل واضح على الشفافية والأثر المجتمعي الكبير والسمعة الطيبة أمام الشركة الداعمة","الشركة لا تتبرع شفقة، بل تبحث عن شريك محترم يعزز سمعتها ويظهر التزامها المجتمعي (CSR)."
"INI-H020","initiative","hard","ما هو المقصود بـ ""التحقق الميداني المسبق"" (Baseline Verification) قبل إطلاق حملة توزيع مساعدات؟","النزول الشخصي للتحقق من قوائم المستفيدين والتأكد من استحقاقهم الفعلي منعاً للهدر والظلم","تخمين أعداد المحتاجين بالاعتماد على التوقعات","توزيع المساعدات على أول شخص يمر بالشارع","الاعتماد على قوائم قديمة تعود لسنوات","النزول الشخصي للتحقق من قوائم المستفيدين والتأكد من استحقاقهم الفعلي منعاً للهدر والظلم","التدقيق الميداني الشفاف يضمن وصول الدعم لمستحقيه الحقيقيين ويحفظ كرامة التبرعات."
"INI-H021","initiative","hard","في إدارة الفرق التطوعية الكبيرة، ماذا نعني بمفهوم ""تفويض الصلاحيات الفعال"" (Effective Delegation)؟","نقل سلطة اتخاذ القرار والمسؤولية لمدراء المجموعات الفرعية مع الاحتفاظ بالإشراف العام والمتابعة","ترك المتطوعين بلا أي توجيه أو رقابة نهائياً","الاحتفاظ بكل القرارات الصغرى والكبرى بيد المدير وحده","إلغاء دور المنسقين تماماً","نقل سلطة اتخاذ القرار والمسؤولية لمدراء المجموعات الفرعية مع الاحتفاظ بالإشراف العام والمتابعة","المدير الناجح هو الذي يصنع قادة جدداً عبر التفويض الواضح والمدروس."
"INI-H022","initiative","hard","كيف تتعامل إدراة المبادرة مع ""التغطية الإعلامية السلبية"" أو الشائعات التي تستهدف سمعتها زوراً؟","إصدار بيان توضيحي رسمي مدعم بالأرقام والوثائق، والتحلي بالهدوء والشفافية التامة أمام الجمهور","إغلاق الحسابات والهرب من المواجهة","إطلاق شايعات مضادة لتشوية سمعة الخصوم","رفع دعاوى قضائية ضد كل معلق على السوشيال ميديا","إصدار بيان توضيحي رسمي مدعم بالأرقام والوثائق، والتحلي بالهدوء والشفافية التامة أمام الجمهور","الشفافية والأدلة الموثقة هي أقوى سلاح لدحض الشائعات وحماية رصيد المبادرة الأخلاقي."
"INI-H023","initiative","hard","في هندسة المشاريع المجتمعية، ما هو المقصود بـ ""معايير الاستهداف"" (Targeting Criteria)؟","الشروط والخصائص الواضحة (كالفقر، العمر، الإعاقة) التي تُحدد بناءً عليها الفئة المستحقة للدعم بدقة","طريقة تصويب الكاميرات أثناء التصوير الميداني","نوع الأدوات المستخدمة في تنظيف الشوارع","قائمة أسماء المتطوعين المفضلين","الشروط والخصائص الواضحة (كالفقر، العمر، الإعاقة) التي تُحدد بناءً عليها الفئة المستحقة للدعم بدقة","بدون معايير استهداف صارمة وعادلة، تتحول المساعدات لأشخاص لا يستحقونها ويضيع الغرض."
"INI-H024","initiative","hard","ما هي الأهمية الاستراتيجية لإعداد ""كتيب إجراءات العمل القياسية"" (SOP - Standard Operating Procedures) للمبادرة؟","توثيق الخطوات التفصيلية لكل مهمة (كطريقة توزيع المساعدات)، لضمان ثبات الجودة بغض النظر عن المتطوعين","كتابة قصص خيالية لتسلية الفريق في أوقات الفراغ","تحديد أسعار بيع معدات المبادرة","منع المتطوعين الجدد من العمل نهائياً","توثيق الخطوات التفصيلية لكل مهمة (كطريقة توزيع المساعدات)، لضمان ثبات الجودة بغض النظر عن المتطوعين","دليل الإجراءات (SOP) يضمن أن العمل يُنفذ بنفس الكفاءة الاحترافية سواء نفذه المؤسس أو متطوع جديد."
"INI-H025","initiative","hard","كيف تحافظ المبادرة على ""استقلاليتها ومصداقيتها المجتمعية"" إذا تلقت تمويلاً من جهة حكومية أو حزبية؟","عبر الحفاظ على أهدافها الإنسانية البحتة، وشفافية أنشطتها، ورفض أي شروط تفرض تسييس عملها الخدمي","عبر تحويل المبادرة إلى جناح سياسي علني","عبر إخفاء مصدر التمويل عن الجمهور بالكامل","عبر تنفيذ الأنشطة الحزبية بدلاً من التنموية","عبر الحفاظ على أهدافها الإنسانية البحتة، وشفافية أنشطتها، ورفض أي شروط تفرض تسييس عملها الخدمي","العمل الإنساني والتنموي يفقد روحه وقبوله فور تحوله لأداة سياسية ضيقة."
"INI-H026","initiative","hard","في موازنات المشاريع التطوعية، ماذا نعني بـ ""مخاطر انحراف الموازنة"" (Budget Variance)؟","الفارق غير المخطط له بين التكاليف التقديرية المرصودة والتكاليف الفعلية التي صُرفت على الأرض","تخزين الأموال في الخارج","تغيير العملة الرسمية للمشروع","صرف كل الميزانية في أول يوم","الفارق غير المخطط له بين التكاليف التقديرية المرصودة والتكاليف الفعلية التي صُرفت على الأرض","مراقبة تباين الموازنة تمنع الكوارث المالية المفاجئة أثناء تنفيذ الأنشطة الميدانية."
"INI-H027","initiative","hard","ما هي الطريقة الأفضل إدارياً للتعامل مع متطوع دائم التأخير عن مواعيد المهام الميدانية؟","تنبيهه باسترعاء الانتباه، فهم أسباب ظروفه، وتعديل مهامه أو إعفائه إن تكرر الأمر لعدم تعطيل الفريق","طرده فورا بصراخ أمام الجميع في الشارع","تكريمه بجائزة لكي يحضر مبكراً","تجاهل تأخيره ومتابعة العمل دونه","تنبيهه باسترعاء الانتباه، فهم أسباب ظروفه، وتعديل مهامه أو إعفائه إن تكرر الأمر لعدم تعطيل الفريق","الانضباط الميداني أساسي؛ الاحترام والوضوح هما الفيصل في معالجة التقصير الفردي."
"INI-H028","initiative","hard","في تخطيط الفعاليات الميدانية الكبرى (كمعرض أو حملة تشجير ضخمة)، ما فائدة ""التجربة البروفة"" (Dry Run)؟","تنفيذ محاكاة كاملة لكل تفاصيل الفعالية قبل يومين لاكتشاف الثغرات وإصلاحها بسلام","إقامة الفعالية مرتين متتاليتين للتأكد من نجاحها","تدريب الجمهور على كيفية التصفيق","إلغاء الفعالية إن كانت مكلفة","تنفيذ محاكاة كاملة لكل تفاصيل الفعالية قبل يومين لاكتشاف الثغرات وإصلاحها بسلام","البروفة الميدانية تكشف المشاكل الخفية (كازدحام المداخل أو تعطل الصوت) قبل قدوم الجمهور الحقيقي."
"INI-H029","initiative","hard","كيف تقيم المبادرة نجاح شراكتها الاستراتيجية مع جمعية محلية أخرى بعد انتهاء مشروع مشترك؟","عبر قياس حجم الأثر المضاعف، مدى الالتزام ببنود الاتفاق، ورضا الطرفين عن تجربة التكامل","بعداء الفريقين وتخوين بعضهم في الإعلام","بعدد الهدايا المتبادلة بين المدراء","بعدم العمل معاً مرة أخرى أبداً","عبر قياس حجم الأثر المضاعف، مدى الالتزام ببنود الاتفاق، ورضا الطرفين عن تجربة التكامل","التقييم المشترك للشراكات يبني تحالفات وطنية ومحلية راسخة للمستقبل."
"INI-H030","initiative","hard","ما هو الاختبار الحقيقي لمدى ""مأسسة"" فريق المبادرة وتحوله من هيكل شبابي طارئ إلى مؤسسة حقيقية؟","استمرار عمل المؤسسة وبرامجها بكفاءة وثبات حتى بعد استقالة أو غياب مؤسسيها الأوائل","امتلاك مقر فخم ومركزي في العاصمة","الحصول على أرباح مالية ضخمة توزع على الأعضاء","طباعة ملايين البروشورات والملصقات","استمرار عمل المؤسسة وبرامجها بكفاءة وثبات حتى بعد استقالة أو غياب مؤسسيها الأوائل","المؤسسة الحقيقية لا تموت برحيل أفرادها، لأنها تمتلك أنظمة، وقوانين، وأجيالاً متسلسلة تدير العمل."
"DAM-H031","damascus","hard","ما هو الدور التاريخي والوظيفي لـ ""القيصريات"" في أسواق دمشق القديمة (كسوق القيشاني والقيصريات المجاورة)؟","أسواق مسقوفة ومحصنة خصيصاً لتجارة السلع الثمينة كالذهب والأقمشة الفاخرة وتأمينها ليلاً","مخازن مخصصة لتربية الحمام الزاجل","مدارس لتعليم فنون القتال للجيش","أماكن مخصصة لاستراحة الخيول والقوافل","أسواق مسقوفة ومحصنة خصيصاً لتجارة السلع الثمينة كالذهب والأقمشة الفاخرة وتأمينها ليلاً","القيصرية عبارة عن سوق صغير مغلق بأبواب حديدية ضخمة ليلاً لحماية أثمن السلع من السرقة."
"DAM-H032","damascus","hard","كيف ساهمت هندسة ""الزقاق الدمشقي الضيق"" في حماية النسيج الاجتماعي والسكاني قديماً؟","كان الزقاق شبه مغلق، يمنع دخول الغرباء دون ملاحظتهم، ويعزز الأمان والترابط العائلي","كان يمنع وصول أشعة الشمس كلياً للبيوت","كان مخصصاً لمرور العربات الحربية الكبيرة فقط","لا توجد أي فائدة اجتماعية للأزقة الضيقة","كان الزقاق شبه مغلق، يمنع دخول الغرباء دون ملاحظتهم، ويعزز الأمان والترابط العائلي","الزقاق الضيق يشبه الفناء المشترك؛ أهل الحارة الواحدة يعرفون بعضهم جيداً، وأي غريب يُلاحظ فوراً."
"DAM-H033","damascus","hard","ما هي التقنية المتبعة في عمارة البيوت الدمشقية لتأمين ""العزل الصوتي"" بين الغرف وبين الشارع الخارجي؟","سماكة الجدران الطينية والحجرية المزدوجة، ووجود أرض الديار الفاصلة التي تمتص الصدى","استخدام الفلين الصناعي الحديث داخل الجدران","إلغاء الأبواب الداخلية تماماً","بناء البيوت تحت الأرض بعمق كبير","سماكة الجدران الطينية والحجرية المزدوجة، ووجود أرض الديار الفاصلة التي تمتص الصدى","الجدران السميكة (التي تضم الطين والحجر والخشب) بالإضافة للفناء الداخلي تشكل عازلاً صوتياً طبيعياً."
"DAM-H034","damascus","hard","عندما يُقال إن دمشق تُعتبر ""متحفاً حياً للتاريخ المعماري""، فما المقصود بكلمة (حي) في هذا السياق؟","أن معالمها القديمة ما زالت مأهولة بالسكان وتمارس وظائفها الحياتية وليست مجرد آثار ميتة","أنها مدينة مخصصة للحيوانات الأليفة فقط","أنها لم تتعرض لأي زلزال تاريخي على الإطلاق","أن كل مبانيها أُنشئت حديثاً","أن معالمها القديمة ما زالت مأهولة بالسكان وتمارس وظائفها الحياتية وليست مجرد آثار ميتة","التراث الحي يعني أن البيوت والأسواق والجامعات التاريخية ما زالت تنبض بالحياة والناس والأعمال."
"DAM-H035","damascus","hard","لماذا كانت ""أبراج السور الدمشقي"" تُرقم وتُصمم بطريقة تسمح بالدفاع المتبادل (Cross-fire)؟","لكي يغطي رماة السهام والدفاع عن الأبراج بعضهم البعض ويمنعوا أي نقطة عمياء للعدو","لتمييز الأبراج عن بعضها عند هطول الثلج","لتحديد اتجاه القبلة بدقة","لأن الشكل الهندسي كان عشوائياً","لكي يغطي رماة السهام والدفاع عن الأبراج بعضهم البعض ويمنعوا أي نقطة عمياء للعدو","الهندسة العسكرية للأسوار تعتمد على تداخل مجالات الرؤية والنيران لحماية الأسوار من التسلق."
"DAM-H036","damascus","hard","ما هو التحدي التخطيطي الأكبر الذي تواجهه محافظة دمشق في حماية ""الهوية البصرية"" للمدينة من التلوث الإعلاني؟","انتشار اللوحة الإعلانية واليافطات العشوائية الضخمة والمضيئة التي تشوه واجهات التراث والعمارة الحديثة","منع وضع أي إعلان تجاري في المدينة نهائياً","إلغاء لغة الكتابة العربية في اللافتات","استخدام الحجر البازلتي فقط في الإعلانات","انتشار اللوحة الإعلانية واليافطات العشوائية الضخمة والمضيئة التي تشوه واجهات التراث والعمارة الحديثة","التلوث الإعلاني البصري يطمس جماليات العمارة، وضبطه يتطلب قوانين صارمة وهوية موحدة."
"DAM-H037","damascus","hard","في تصميم القصور الدمشقية التراثية، ما هو الغرض من بناء ""الفسقية"" أو الحوض المائي الصغير داخل قاعات الاستقبال؟","ترطيب الهواء الداخلي وإصدار صوت خرير مهدئ للأعصاب يضفي فخامة على قاعة الضيوف","استخدامها لتربية الأسماك النادرة","لتبريد المشروبات الصيفية للضيوف فوراً","لغسل أيدي الضيوف قبل تناول الطعام","ترطيب الهواء الداخلي وإصدار صوت خرير مهدئ للأعصاب يضفي فخامة على قاعة الضيوف","الفسقية الداخلية عنصر جمالي ومناخي يعزز فخامة القاعات الشامية الكبرى."
"DAM-H038","damascus","hard","ما هو التفسير الهندسي لبناء ""العقود والقبوات الحجرية"" في الطوابق الأرضية للبيوت الدمشقية؟","تحمل الأوزان الهائلة للطوابق العلوية بكفاءة عالية دون الحاجة لأعمدة حديدية خرسانية","لأنها أسرع وأرخص في البناء من الأسطح المستوية","لمنع دخول الهواء البارد في فصل الشتاء","لأن الحجر المنحني أجمل شكلاً من المستقيم","تحمل الأوزان الهائلة للطوابق العلوية بكفاءة عالية دون الحاجة لأعمدة حديدية خرسانية","العقود الحجرية (القناطر) هي عبقرية هندسية توزع الأحمال والضغط نحو الجدران السميكة بأمان تام."
"DAM-H039","damascus","hard","كيف كانت دمشق القديمة تؤمن ""التخلص الآمن من مياه الفضلات المنزلية"" قبل وجود شبكات الصرف الحديثة؟","عبر نظام شبكات تصريف حجرية تحت الأزقة تصب في آبار تجميعية (جور فنية) تُفرغ دورياً","عبر رمي الفضلات مباشرة في وسط الشارع","عبر تجميع المياه فوق أسطح المنازل لتتبخر","عبر توجيهها لمجاري نهر بردى حصراً","عبر نظام شبكات تصريف حجرية تحت الأزقة تصب في آبار تجميعية (جور فنية) تُفرغ دورياً","البيوت الدمشقية امتلكت شبكات تصريف داخلية دقيقة تصب في آبار عميقة تُدار وفق نظام بلدي صارم."
"DAM-H040","damascus","hard","ما هي القيمة العمرانية لـ ""حي المهاجرين"" بدمشق كنموذج لتوسع المدينة أواخر العهد العثماني؟","يمثل نموذجاً للعمارة الجبلية المتدرجة، حيث راعت البيوت انحدار سفح قاسيون لتكشف إطلالة كاملة","أنه أول حي صناعي بالكامل في سوريا","أنه بُني وفق طراز ناطحات السحاب الأمريكية","أنه حي مغلق بلا شوارع رئيسية","يمثل نموذجاً للعمارة الجبلية المتدرجة، حيث راعت البيوت انحدار سفح قاسيون لتكشف إطلالة كاملة","حي المهاجرين يعكس ذكاء البناء على المنحدرات الجبلية واستغلال الارتفاعات هندسياً."
"DAM-H041","damascus","hard","في هيكل الأسواق التجارية القديمة، ما هو الغرض من وجود ""البوابات الخشبية الضخمة"" في مداخل الأسواق؟","إغلاق السوق محكماً عند انتهاء الدوام ليلاً لحماية الحرف والبضائع من السرقة والحرائق","لمنع دخول الهواء البارد شتاءً فقط","لأنها تفتح مرة واحدة في السنة","لتنظيم مرور السيارات ليلاً","إغلاق السوق محكماً عند انتهاء الدوام ليلاً لحماية الحرف والبضائع من السرقة والحرائق","الأسواق كانت تغلق كلياً بواباتها وتتحول إلى وحدات محمية بحراسة ليلية خاصة."
"DAM-H042","damascus","hard","ما هو التحدي الإداري الذي تواجهه مديرية الآثار والمتاحف في الحفاظ على دمشق القديمة؟","الموازنة الدقيقة بين متطلبات الحياة الحديثة للسكان (سيارات، إنترنت) وبين شروط حماية التراث العالمي","إجبار جميع السكان على مغادرة المدينة القديمة","منع ترميم أي منزل منذ مئة عام","تحويل كل البيوت إلى متاحف خالية من البشر","الموازنة الدقيقة بين متطلبات الحياة الحديثة للسكان (سيارات، إنترنت) وبين شروط حماية التراث العالمي","حماية التراث ليست تجميداً لحياة الناس، بل هي إيجاد معادلة تضمن بقاء الإنسان الساكن وتطوره دون تخريب للمكان."
"DAM-H043","damascus","hard","ما هي الحرفة اليدوية الدمشقية التي تعتمد على الطرق الدقيق على الصفائح النحاسية وتكفيتها بالفضة والذهب؟","صناعة النحاس المكفت (التكفيت الدمشقي)","صناعة الفخار المزجج","صناعة السجاد اليدوي","صناعة السيوف الخشبية","صناعة النحاس المكفت (التكفيت الدمشقي)","التكفيت هو حفر الزخارف على النحاس وحشوها بخيوط الفضة أو الذهب الخالص بمهارة فائقة."
"DAM-H044","damascus","hard","لماذا كانت ""أرض الديار"" في البيوت الدمشقية تُرصف غالباً بالحجر الكلسي الأبيض والأسود (الحجارة الحلبيّة والبازلتية)؟","لتشكيل لوحات هندسية جميلة (فسيفساء حجرية) تنعكس عليها أشعة الشمس بشكل لطيف وغير مؤذٍ للعين","لكي تمتص حرارة الشمس وتصبح ساخنة جداً ليلاً","لأنها أرخص أنواع الحجارة المتوفرة","لمنع المشي حفاة في الدار","لتشكيل لوحات هندسية جميلة (فسيفساء حجرية) تنعكس عليها أشعة الشمس بشكل لطيف وغير مؤذٍ للعين","تنسيق الحجارة بأشكال هندسية يبرز ذوق العمارة الدمشقية واهتمامها بالتفاصيل البصرية الجميلة."
"DAM-H045","damascus","hard","ما هو التفسير التاريخي لكون أزقة دمشق القديمة تتسع كلما اقتربت من الساحات الكبرى أو الجامع الأموي؟","لتسهيل حركة الحشود البشرية الكبرى والقوافل التجارية وتفريغ التكتل البشري قرب المراكز الحيوية","لأن المهندسين أخطأوا في قياس عرض الشارع","لتوفير مساحة أكبر لصف السيارات","لأن الرياح كانت تشتد في تلك النقطة","لتسهيل حركة الحشود البشرية الكبرى والقوافل التجارية وتفريغ التكتل البشري قرب المراكز الحيوية","التخطيط تدريجي الاتساع يمنع الاختناقات البشرية عند تقاطع الطرق الكبرى المؤدية للقلعة والأموي."
"ENV-H031","environment","hard","في هندسة المدن المستدامة، ما هو الدور الهام لـ ""الممرات الخضراء والمشاة"" (Greenways)؟","ربط الحدائق والأحياء السكنية ببعضها عبر ممرات آمنة ومظللة تشجع على المشي وتقلل الاعتماد على السيارات","تخصيصها لمرور شاحنات القمامة فقط","منع المواطنين من التنقل بين الأحياء","زيادة كمية الغبار في الشوارع","ربط الحدائق والأحياء السكنية ببعضها عبر ممرات آمنة ومظللة تشجع على المشي وتقلل الاعتماد على السيارات","الممرات الخضراء تخلق شبكة بيئية تربط أحياء المدينة ببعضها دون الحاجة لاستخدام السيارات."
"ENV-H032","environment","hard","ما هي المخاطر البيئية المترتبة على ظاهرة ""التوسع العمراني غير المنظم"" على حساب الأراضي الزراعية حول دمشق؟","خسارة الأمن الغذائي المحلي، تفكك النظم البيئية، وفقدان مساحات امتصاص الكربون الطبيعية","زيادة مساحة الغابات الحرجية","تخفيض درجات حرارة الصيف","تحسن جودة مياه الأنهار","خسارة الأمن الغذائي المحلي، تفكك النظم البيئية، وفقدان مساحات امتصاص الكربون الطبيعية","البناء على أرض زراعية خصبة هو جريمة بيئية واقتصادية لا تعوض."
"ENV-H033","environment","hard","لماذا يُحذر الخبراء من خطورة استخدام ""الأسمدة الكيميائية النيتروجينية"" بكميات مفرطة في الزراعة؟","لتسربها إلى المياه الجوفية مسببة تلوثاً ساماً، وانبعاث غازات دفيئة تزيد من الاحتباس الحراري","لأنها تجعل النباتات لا تنمو نهائياً","لأنها تزيد من كمية الأمطار الحامضية","لأنها تمنع النباتات من إنتاج الثمار","لتسربها إلى المياه الجوفية مسببة تلوثاً ساماً، وانبعاث غازات دفيئة تزيد من الاحتباس الحراري","الإفراط في الكيماويات يدمر الأحياء الدقيقة بالتربة ويلوث مصادر المياه بمركبات النيترات الخطيرة."
"ENV-H034","environment","hard","في إدارة جودة الهواء، ما هو المقصود بـ ""المركبات العضوية المتطايرة"" (VOCs) ومن أين تنتج في المدن؟","غازات وكيميائيات تنبعث من الدهانات، المذيبات، وعوادم السيارات، وتساهم في تشكيل الضباب الدخاني","روائح الأزهار الطبيعية في الحدائق العامة","غاز الأكسجين النقي الناتج عن الأشجار","بخار الماء الناتج عن غليان البحيرات","غازات وكيميائيات تنبعث من الدهانات، المذيبات، وعوادم السيارات، وتساهم في تشكيل الضباب الدخاني","VOCs كيميائيات خطيرة تتطاير في الهواء وتتفاعل مع الشمس لتخلق ضباباً دخانياً ضاراً بالصحة."
"ENV-H035","environment","hard","ما هو الأثر البيئي الخطير المترتب على رمي ""المخلفات البلاستيكية البحرية والنهرية""؟","ابتلاعها من قبل الكائنات البحرية أو اختناقها بها، وتفككها لجزئيات تدخل في السلسلة الغذائية","تحول البلاستيك إلى أسماك ملونة جميلة","تنقية مياه البحر من الشوائب","زيادة ملوحة المياه","ابتلاعها من قبل الكائنات البحرية أو اختناقها بها، وتفككها لجزئيات تدخل في السلسلة الغذائية","البلاستيك العائم في الأنهار والبحار لا يذوب، بل يفتك بالأحياء ويدمر التوازن البيئي المائي."
"ENV-H036","environment","hard","عند التفكير في بناء ""مدن صالحة للعيش"" (Liveable Cities)، ما هي القاعدة الأساسية لتخطيط الشوارع؟","إعطاء الأولوية القصوى للمشاة، ثم للدراجات، ثم للنقل العام، وأخيراً للسيارات الخاصة","تخصيص 90% من الشارع للسيارات السريعة","منع المشاة من عبور الشوارع كلياً","جعل كل الشوارع مواقف سيارات مجانية","إعطاء الأولوية القصوى للمشاة، ثم للدراجات، ثم للنقل العام، وأخيراً للسيارات الخاصة","المدن الحديثة تخطط للإنسان (المشاة والبيئة) وليس للسيارة والحديد."
"ENV-H037","environment","hard","ماذا تعني سياسة ""صفر نفايات إلى المكبات"" (Zero Waste to Landfill) للمنشآت والمجتمعات؟","إعادة تدوير، استخدام، أو تحويل كافة النفايات المنتجة لعمليات مفيدة دون طمر أي شيء في المكبات","التوقف عن إنتاج أي نوع من القمامة كلياً","حرق كل النفايات في الهواء الطلق","رمي النفايات في البحار المفتوحة","إعادة تدوير، استخدام، أو تحويل كافة النفايات المنتجة لعمليات مفيدة دون طمر أي شيء في المكبات","صفر مكبات هو هدف بيئي أسمى يتطلب فرزاً دقيقاً، سماداً عضوياً، وإعادة تدوير متكاملة للمواد."
"ENV-H038","environment","hard","كيف تؤثر ظاهرة ""التغير المناخي"" على توفر ""المياه العذبة"" في المناطق الجافة وشبه الجافة كسوريا؟","عبر تراجع معدلات الأمطار، زيادة معدلات التبخر بسبب الحرارة، وجفاف الأنهار والمصادر الجوفية","عبر زيادة هطول الثلوج على مدار السنة","عبر تحول الصحراء إلى غابات استوائية","لا يوجد أي تأثير للتغير المناخي على المياه","عبر تراجع معدلات الأمطار، زيادة معدلات التبخر بسبب الحرارة، وجفاف الأنهار والمصادر الجوفية","التغير المناخي يضرب قطاع المياه بقسوة عبر الجفاف وتراجع الهطولات، مما يتطلب إدارة مائية ذكية."
"ENV-H039","environment","hard","لماذا يُعد الاعتماد على ""أنظمة إضاءة الشوارع الذكية (Smart Street Lighting)"" عملاً بيئياً واقتصادياً ممتازاً؟","لأنها تخفت وتضيء تلقائياً بحسب حركة المارة ووجود ضوء الشمس، مما يوفر طاقة هائلة ويقلل التلوث الضوئي","لأنها تصدر أصواتاً موسيقية ليلاً","لأنها تغير لون الشارع كل ساعة","لأنها تمنع المطر من السقوط","لأنها تخفت وتضيء تلقائياً بحسب حركة المارة ووجود ضوء الشمس، مما يوفر طاقة هائلة ويقلل التلوث الضوئي","الإنارة الذكية (IoT) تمنع هدر ملايين الكيلوواط في الشوارع الخالية ليلاً."
"ENV-H040","environment","hard","ما هي المشكلة البيئية الكبرى المرتبطة بـ ""التعدين العشوائي واستخراج المعادن"" في البيئات الطبيعية؟","تدمير الواجهات الطبيعية، تلويث مصادر المياه بالأحماض والسموم، وتشريد الحياة البرية","تنظيف التربة من الشوائب","زيادة الخضار والغطاء النباتي","توفير مياه شرب نقية للعمال","تدمير الواجهات الطبيعية، تلويث مصادر المياه بالأحماض والسموم، وتشريد الحياة البرية","التعدين غير الرشيد يترك ندوباً مدمرة في الطبيعة ويسمم التربة والأنهار بمواد كيميائية قاتلة."
"ENV-H041","environment","hard","في سياسات تقليل الانبعاثات، ما هو المقصود بـ ""سوق الكربون"" (Carbon Market) أو تجارة الانبعاثات؟","نظام يتيح للشركات بيع وشراء ""حصص الانبعاثات""، حيث تشتري الشركات الملوثة رصيداً من الشركات الصديقة للبيئة","سوق لبيع الفحم الحجري والخشب","سوق مركزي لبيع الأكياس البلاستيكية","منصة لبيع الأشجار الحية","نظام يتيح للشركات بيع وشراء ""حصص الانبعاثات""، حيث تشتري الشركات الملوثة رصيداً من الشركات الصديقة للبيئة","سوق الكربون يفرض كلفة مالية على التلوث، مما يشفع للشركات التي تخفض بصمتها الكربونية."
"ENV-H042","environment","hard","ما هو الأثر البيئي المباشر لإنشاء ""السدود الصغيرة وحواجز التغذية الجوفية"" في مجاري الأودية؟","إبطاء سرعة سيول الأمطار، السماح بتسرب المياه لترشيح الخزان الجوفي، وتقليل الانجراف","منع جريان الماء نهائياً وجفاف الآبار","زيادة ملوحة المياه الجوفية بشكل قياسي","تدمير التربة الزراعية كلياً","إبطاء سرعة سيول الأمطار، السماح بتسرب المياه لترشيح الخزان الجوفي، وتقليل الانجراف","السدود الصغيرة وحواجز الأودية هي تقنيات حصاد مائي ذكية تحيي الآبار الجوفية وتحمي من السيول."
"ENV-H043","environment","hard","لماذا تُعتبر ""إعادة تدوير مياه الصرف الصناعي"" في المعانل والورش أمراً حيوياً للبيئة الحضرية؟","لمنع إلقاء المواد الكيميائية السامة في الأنهار والتربة، وتقليل استهلاك المياه العذبة العالية","لأن مياه المصانع تصبح صالحة للشرب البشري مباشرة","لتوفير ثمن صيانة الأنابيب فقط","لأن المصانع لا تستهلك ماءً","لمنع إلقاء المواد الكيميائية السامة في الأنهار والتربة، وتقليل استهلاك المياه العذبة العالية","المصانع تستهلك أطنان المياه، وتدوير مياهها داخلياً يمنع تدمير النظم البيئية المجاورة."
"ENV-H044","environment","hard","في استراتيجيات مواجهة التغير المناخي، ماذا تعني ""الحلول القائمة على الطبيعة"" (Nature-based Solutions)؟","استخدام الطبيعة نفسها (كحماية الغابات والأراضي الرطبة) لمواجهة التحديات كالفيضانات والاحرار","بناء جدران إسمنتية ضخمة لحماية المدن","استيراد طاقة نووية لتبريد الأرض","قطع جميع الأشجار لحماية الغابات من الحرائق","استخدام الطبيعة نفسها (كحماية الغابات والأراضي الرطبة) لمواجهة التحديات كالفيضانات والاحرار","الحلول الطبيعية (كإعادة إحياء الأنهار والمستنقعات) هي الأرخص والأكثر استدامة لحماية كوكبنا."
"ENV-H045","environment","hard","ما هو الهدف البيئي من تطبيق معيار ""المباني صففرة الطاقة (Net Zero Energy Buildings)""؟","أن ينتج المبنى طاقته بنفسه (عبر الطاقة الشمسية) مساوية تماماً لما يستهلكه على مدار العام","أن يكون المبنى مظلماً تماماً ولا يستهلك أي كهرباء","أن يُبنى المبنى من مواد بلاستيكية","أن يتم هدم المبنى بعد انتهاء سنته الأولى","أن ينتج المبنى طاقته بنفسه (عبر الطاقة الشمسية) مساوية تماماً لما يستهلكه على مدار العام","المبنى صفري الطاقة لا يترك أي أثر كربوني على شبكة الكهرباء العامة لأنه ينتج طاقته ذاتياً."
"DEV-H030","development","hard","ما هو التحدي التنموي المسمى بـ ""فخ الدخل المتوسط"" (Middle-Income Trap) للدول النامية؟","عجز الدول التي بلغت دخلاً متوسطاً عن الانتقال لاقتصاد مبتكر وقائم على المعرفة، فتبقى عالقة ولا تنافس عالمياً","فقر الدولة الشديد وعجزها عن دفع رواتب موظفيها","اعتماد الدولة كلياً على زراعة القمح والتصدير","كثرة الأثرياء مقارنة بالفقراء في العاصمة","عجز الدول التي بلغت دخلاً متوسطاً عن الانتقال لاقتصاد مبتكر وقائم على المعرفة، فتبقى عالقة ولا تنافس عالمياً","الفخ يحدث عندما تفقد الدولة ميزة العمالة الرخيصة ولا تمتلك تكنولوجيا متقدمة تنافس بها عالمياً."
"DEV-H031","development","hard","ما هي المعضلة التنموية المسمى بـ ""لعنة الموارد"" (Resource Curse) أو مفارقة الوفرة؟","الدول الغنية بالموارد الطبيعية (كالنفط والمعادن) غالباً ما تعاني من تخلف تنموى، فساد، وحروف بدل الازدهار","الدول التي لا تملك أي موارد تصبح أغنى دول العالم","الموارد الطبيعية تنفد في يوم واحد","وفرة المياه تسبب الفيضانات المدمرة","الدول الغنية بالموارد الطبيعية (كالنفط والمعادن) غالباً ما تعاني من تخلف تنموى، فساد، وحروف بدل الازدهار","الدولة الريعية (التي تملك مورداً جاهزاً) غالباً ما تهمل بناء قدرات وتجارة وعقول مواطنيها."
"DEV-H032","development","hard","كيف يؤثر تفشي ظاهرة ""الفساد الإداري"" إلى شلل كامل في خطط التنمية المستدامة؟","يهدر الموارد العامة، يضعف كفاءة المشاريع، ويقتل دافع الابتكار والاستثمار النزيه","يساهم في بناء البنية التحتية أسرع بكثير","يرفع دخل المواطنين بشكل مؤقت","يحسن جودة الخدمات الصحية والتعليمية","يهدر الموارد العامة، يضعف كفاءة المشاريع، ويقتل دافع الابتكار والاستثمار النزيه","الفساد يرفع تكلفة المشاريع ويقدم رديئها، ويهرب المستثمرين، ويفقد الشعب ثقته بالمستقبل."
"DEV-H033","development","hard","ما هو التحدي التنموي المتمثل في ""الهجرة الداخلية من الريف إلى المدن""؟","الضغط الهائل على خدمات المدن (سكن، نقل، صحة)، وظهور العشوائيات، وخلو الأراضي الزراعية","تطور الزراعة الريفية بشكل ملحوظ","انخفاض عدد سكان العاصمة تماماً","تحسن شبكات المواصلات في الأرياف","الضغط الهائل على خدمات المدن (سكن، نقل، صحة)، وظهور العشوائيات، وخلو الأراضي الزراعية","نزح الملايين للمدن بحثاً عن لقمة العيش، مما خلق أحزمة فقر وعشوائيات حول العواصم."
"DEV-H034","development","hard","كيف يؤثر غياب ""الأمن القانوني والعقاري"" (كعدم تثبيت ملكيات البيوت في العشوائيات) على خطط التنمية؟","يحرم السكان من الحصول على قروض لتحسين مساكنهم، ويمنع البلديات من إدخال خدمات البنية التحتية","يشجع الناس على بناء بيوت أجمل وأكبر","يرفع أسعار العقارات بشكل خيالي لصالح الفقراء","لا يؤثر أبداً على التنمية العمرانية","يحرم السكان من الحصول على قروض لتحسين مساكنهم، ويمنع البلديات من إدخال خدمات البنية التحتية","العقار غير المثبت قانونياً هو عقار ميت لا يمكن استثماره أو تطويره أو الاستفادة منه تنموياً."
"INI-H031","initiative","hard","في موازنات المشاريع التطوعية، ماذا تعني ""مخاطر انحراف الموازنة"" (Budget Variance)؟","الفارق غير المخطط له بين التكاليف التقديرية المرصودة والتكاليف الفعلية التي صُرفت على الأرض","تخزين الأموال في الخارج","تغيير العملة الرسمية للمشروع","صرف كل الميزانية في أول يوم","الفارق غير المخطط له بين التكاليف التقديرية المرصودة والتكاليف الفعلية التي صُرفت على الأرض","مراقبة تباين الموازنة تمنع الكوارث المالية المفاجئة أثناء تنفيذ الأنشطة الميدانية."
"DAM-L001","damascus","legend","في التقسيمات الرومانية القديمة لمدينة دمشق (بنتارخي/أرباع المدينة)، كيف استغل التخطيط العسكري السور الخارجي والشارع المستقيم؟","عبر تقسيم المدينة لقطاعات دفاعية تتعامد فيها المحاور الكبرى (ديليكومانوس وكاردو) لتسهيل سرعة نشر القوات لأي باب","عبر بناء قصر الحاكم في وسط الشارع المستقيم حصراً","لأن الرومان لم يتبعوا أي نظام تخطيطي عسكري في دمشق","لتخصيص كل ربع من المدينة لنوع واحد من التجارة","عبر تقسيم المدينة لقطاعات دفاعية تتعامد فيها المحاور الكبرى (ديليكومانوس وكاردو) لتسهيل سرعة نشر القوات لأي باب","التقسيم العسكري الروماني للمدن اعتمد على شبكة متعامدة لتتحرك الفيالق العسكرية نحو أي سور مستهدفة بأقصى سرعة."
"DAM-L002","damascus","legend","ما هو التفسير المعماري والتاريخي لبناء ""المصليات المعلقة"" أو الغرف العلوية فوق بعض أبواب دمشق القديمة (كباب توما أو باب الجابية)؟","لأغراض المراقبة العسكرية المتقدمة، وأحياناً لتخصيصها كمصلّى صغير لحراس الباب والمسافرين","لتخزين الحبوب والمؤونة صيفاً وشتاءً","لأنها كانت مخصصة لسكن حكام المدينة فقط","لأسباب جمالية بحتة دون وظيفة دفاعية","لأغراض المراقبة العسكرية المتقدمة، وأحياناً لتخصيصها كمصلّى صغير لحراس الباب والمسافرين","فوق الأبواب غالباً ما توجد غرف حراسة متقدمة ومصليات صغيرة تضمن اليقظة الروحية والعسكرية لحراس السور."
"DAM-L003","damascus","legend","في منظومة الأوقاف الإسلامية التاريخية، كيف كان نظام ""الاستبدال الوقفية"" يحمي عقارات دمشق القديمة من الاندثار؟","يسمح ببيع العقار الوقفى المتهالك لشراء عقار آخر أفضل منه وصرف ريعه لترميم باقي أوقاف المدينة الحيوية","يسمح بهدم المدارس التاريخية وبناء أبراج تجارية مكانها للأبد","يمنع بيع أو ترميم أي عقار في دمشق مطلقاً","يحول الأوقاف إلى ملكية خاصة لأسرة الناظر عليها","يسمح ببيع العقار الوقفى المتهالك لشراء عقار آخر أفضل منه وصرف ريعه لترميم باقي أوقاف المدينة الحيوية","نظام الاستبدال الوقفى كان مرونة مالية ذكية لحماية قيمة الوقف وعدم تركه ينهار تحت تأثير الزمن."
"DAM-L004","damascus","legend","ما هو السر الهيدروليكي وراء كفاءة نظام ""الجرون والأقنية الفخارية الفردية"" في إيصال الماء للبيوت الدمشقية العميقة داخل الحارات؟","الضغط الهيدروليكي الطبيعي الناتج عن فروقات الارتفاع لمجاري بردى المرتفعة دون الحاجة لمضخات","وجود مضخات بخارية سرية تحت الأرض","حمل الماء بالدلاء عبر شبكة من العبيد","استخدام ضغط الهواء الميكانيكي","الضغط الهيدروليكي الطبيعي الناتج عن فروقات الارتفاع لمجاري بردى المرتفعة دون الحاجة لمضخات","الجاذبية وفروقات الارتفاع المدروسة بعناية فائقة كانت تدفع الماء لكل بيت دمشقي عبر القسطل الفخاري."
"DAM-L005","damascus","legend","في علم العمارة الإسلامية التقليدية بدمشق، ماذا تعني فلسفة ""الانغلاق الخارجي والانفتاح الداخلي"" (التأمل الباطني)؟","عكس الهوية الأخلاقية والاجتماعية للمجتمع: جدران صماء خارجية تحمي الحرمة، وباطن مزهر وجميل يعبر عن الحياة","أن أهل البيت يكرهون الجيران ولا يريدون رؤيتهم نهائياً","لأن الطين الخارجي أرخص من الحجر الداخلي","بسبب قوانين الوالي التي منعت فتح النوافذ على الشارع","عكس الهوية الأخلاقية والاجتماعية للمجتمع: جدران صماء خارجية تحمي الحرمة، وباطن مزهر وجميل يعبر عن الحياة","فلسفة العمارة الشامية تعكس احترام الجار وحماية الأسرة، لتكون الجمالية والبهجة داخل الدار لا خارجه."
"DAM-L006","damascus","legend","ما هي المعضلة الأثرية الكبرى المتمثلة في طبقات ""تِل دمشق"" (Tell Damascus) تحت الجامع الأموي والمدينة القديمة؟","أن المدينة بُنيت وفوقها مدن متعاقبة (آرامية، يونانية، رومانية، بيزنطية، إسلامية)، مما يجعل الحفر كشفاً لتاريخ معقد","وجود مناجم ذهب فرعونية تحت الجامع الأموي","أن الطبقات السفلى مصنوعة من الذهب الخالص","انعدام أي آثار تاريخية تحت الأرض بدمشق","أن المدينة بُنيت وفوقها مدن متعاقبة (آرامية، يونانية، رومانية، بيزنطية، إسلامية)، مما يجعل الحفر كشفاً لتاريخ معقد","دمشق مدينة مأهولة بلا انقطاع لآلاف السنين، وكل حضارة كانت تبني مدينتها فوق أنقاض التي قبلها."
"DAM-L007","damascus","legend","في تشييد جدران البيوت الدمشقية، ما هو مزيج ""المونة"" التقليدي (الحلبي والرماد والتبن) وكيف يتفاعل مع الزمن؟","مزيج كلسي طيني يتصلب تدريجياً بامتصاصه لثاني أكسيد الكربون من الجو، ليصبح أقوى مع مرور القرون","مزيج يذوب كلياً مع أول هطول لمطر شتوي","مزيج يحترق ذاتياً عند ارتفاع الحرارة","مزيج سام يمنع دخول الحشرات للبيت","مزيج كلسي طيني يتصلب تدريجياً بامتصاصه لثاني أكسيد الكربون من الجو، ليصبح أقوى مع مرور القرون","مونة الحلبي والتبن تعطي مرونة للمبنى ضد الهزات الأرضية وتزداد صلابة بمرور الزمن."
"DAM-L008","damascus","legend","ما هو التوثيق العمراني الأبرز الذي تم إنجازه لدمشق القديمة في أواخر القرن التاسع عشر وبداية العشرين؟","خرائط وتخطيطات مهندس العمارة الفرنسي ""إيكوشار"" (الخطة التنظيمية الأولى للمدينة)","رسم لوحات زيتية لكل دكان في السوق","كتابة قصائد شعرية تصف كل حارة","تصوير المدينة بجو إلكتروني حديث","خرائط وتخطيطات مهندس العمارة الفرنسي ""إيكوشار"" (الخطة التنظيمية الأولى للمدينة)","خطة إيكوشار وثقت وحاولت تنظيم التوسع الدمشقي الحديث، ورسمت معالم الصدام بين القديم والحديث."
"DAM-L009","damascus","legend","في علم طوبوغرافيا دمشق، ما هي العلاقة بين ""مخروط بردى الغريني"" وبين استقرار وتوسع المدينة القديمة تاريخياً؟","النهر رسّب طميًا وغرينًا عبر آلاف السنين صانعاً هضبة منبسطة خصبة استقرت عليها نواة المدينة وحماها من المستنقعات","المخروط الجبلي منع وصول المياه للمدينة نهائياً","أدى لانهيار السور الروماني مرات عديدة","لا علاقة للطوبوغرافيا بتأسيس المدن","النهر رسّب طميًا وغرينًا عبر آلاف السنين صانعاً هضبة منبسطة خصبة استقرت عليها نواة المدينة وحماها من المستنقعات","مخروط بردى منح دمشق أرضاً منبسطة، مرتفعة قليلاً، وخصبة جداً، وهي الشروط المثالية لنشوء العواصم."
"DAM-L010","damascus","legend","ما هو السر المعماري وراء عدم وجود أعمدة مركزية ضخمة تعيق الحركة داخل قاعات ""الإيوان"" الدمشقي الواسعة؟","استخدام نظام العقود والقبوات الحجرية المتوازنة التي تنقل الأحمال للجدران الخارجية الحاملة مباشرة","لأن سقف الإيوان مصنوع من قماش خفيف جداً","لأن الإيوان كان مكشوفاً بلا سقف أساساً","لاعتمادهم على جذوع نخل عملاقة مخفية","استخدام نظام العقود والقبوات الحجرية المتوازنة التي تنقل الأحمال للجدران الخارجية الحاملة مباشرة","عبقرية القناطر الحجرية أتاحت للدمشقيين خلق مساحات استقبال واسعة خالية من أي أعمدة وسطية مزعجة."
"DAM-L011","damascus","legend","كيف كانت دمشق في العصور الإسلامية تدير قطاع ""الحسبة"" (الرقابة على الأسواق والأسعار والغش) بفعالية؟","عبر والٍ مختص (المحتسب) يجوب الأسواق يومياً ومعه موازين ومقاييس معيارية لمعاقبة الغشاشين فوراً","عبر محاكم مدنية تستغرق سنوات للبت في قضايا السلع","عبر ترك السوق لحرية العرض والطلب المطلقة دون أي رقابة","عبر إغلاق الأسواق كل يومين","عبر والٍ مختص (المحتسب) يجوب الأسواق يومياً ومعه موازين ومقاييس معيارية لمعاقبة الغشاشين فوراً","ديوان الحسبة كان مؤسسة رقابية حية ودقيقة تحمي المستهلك وتضمن نزاهة المهن والسلع."
"DAM-L012","damascus","legend","ما هي الأهمية الاستراتيجية لسيطرة أي جيش غازٍ على ""منطقة الربوة وجبل قاسيون"" قديماً لفتح دمشق؟","السيطرة على منابع مياه بردى ومقاسمها العليا، مما يتيح تعطيل مياه المدينة أو تلويثها لإجبارها على الاستسلام","لكونه مكاناً مناسباً لركن الدبابات القديمة","لأنها تمنع هطول الأمطار على المدينة","لأنها تحوي مخازن الذهب الملكية","السيطرة على منابع مياه بردى ومقاسمها العليا، مما يتيح تعطيل مياه المدينة أو تلويثها لإجبارها على الاستسلام","الربوة وق قاسيون هما ""صنبور الحياة"" لدمشق؛ من يسيطر عليها يملك مصير عصب العاصمة المائي."
"DAM-L013","damascus","legend","في فن العمارة الجنائزية بدمشق، ما هو الطراز المعماري لـ ""الترَب والاضرحة الأيوبية والمملوكية"" (كالسلطانية والظاهرية)؟","تتميز بواجهات حجرية دقيقة النحت، مقرنصات غنية، وقباب حجرية مخروطية أو مضلعة فريدة","بناء أهرامات فرعونية ضخمة","حفر قبور تحت الأرض بلا أي شواهد","بناء قصور خشبية مؤقتة","تتميز بواجهات حجرية دقيقة النحت، مقرنصات غنية، وقباب حجرية مخروطية أو مضلعة فريدة","العمائر الجنائزية في دمشق تحفة في فن نحت الحجر والقباب المضلعة التي تقاوم الزمن والأمطار."
"DAM-L014","damascus","legend","ما هو التحدي التخطيطي الأكبر في حماية ""الآثار الرومانية والبيزنطية"" المختبئة تحت أساسات دمشق الحالية؟","استحالة التنقيب الواسع لأن المدينة حية ومأهولة وفوقها مباني سكنية وتجارية قائمة لا يمكن هدمها","عدم معرفة مكان وجود هذه الآثار نهائياً","لأن الآثار تذوب وتتلاشى فور تعرضها للهواء","بسبب قوانين تمنع التنقيب كلياً","استحالة التنقيب الواسع لأن المدينة حية ومأهولة وفوقها مباني سكنية وتجارية قائمة لا يمكن هدمها","دمشق مدينة تعيش فوق تاريخها، والتنقيب الأثري فيها يشبه إجراء جراحة دقيقة لمريض حي يتنفس."
"DAM-L015","damascus","legend","ماذا يمثل ""المخطط التنظيمي للاشهر المتتالية"" لدمشق في النصف الثاني من القرن العشرين (مخطط لوشي وسواهم)؟","محاولات لتوسيع الشوارع وإنشاء حلقات مررورية دائرية حول السور، والتي أدت أحياناً لقطع اتصال أجزاء تاريخية","مخطط لهدم دمشق القديمة بالكامل وبناء مدينة فضاء مكانها","مخطط لنقل العاصمة لمدينة ساحلية","مخطط لإلغاء السيارات تماماً من دمشق","محاولات لتوسيع الشوارع وإنشاء حلقات مررورية دائرية حول السور، والتي أدت أحياناً لقطع اتصال أجزاء تاريخية","التنظيم الحديث اصطدم بتراث العاصمة، ومخططات الطرق الدائرية قطعت بعض الارتباطات التاريخية."
"ENV-L001","environment","legend","في علم الاقتصاد البيئي، ما هو نموذج ""تسعير الكربون"" (Carbon Pricing) وكيف يجبر الشركات على الالتزام؟","فرض ضريبة مالية مباشرة على كل طن انبعاثات كربونية تطلقه المنشأة، أو نظام حصص تداول (Cap-and-Trade)","منح جوائز مالية للشركات الأكثر تلويثاً","إجبار الشركات على دفع رواتب للمواطنين","منع الشركات من استخدام الكهرباء تماماً","فرض ضريبة مالية مباشرة على كل طن انبعاثات كربونية تطلقه المنشأة، أو نظام حصص تداول (Cap-and-Trade)","تسعير الكربون يحول التلوث من ""أمر مجاني"" إلى كلفة مالية باهظة تجبر الشركات على تبني تكنولوجيا نظيفة."
"ENV-L002","environment","legend","ما هو مفهوم ""الحدود الفاصلة للأرض"" (Planetary Boundaries) في العلوم البيئية الدولية؟","تسع عمليات بيئية أساسية تحافظ على استقرار كوكب الأرض، وتجاوز أي حد منها يهدد بكارثة وجودية","الحدود السياسية بين الدول لحماية الغابات","العمق الأقصى المسموح لحفر الآبار الجوفية","كمية النفايات المسموح طمرها في الدولة","تسع عمليات بيئية أساسية تحافظ على استقرار كوكب الأرض، وتجاوز أي حد منها يهدد بكارثة وجودية","العلماء حددوا 9 حدود (كالمناخ، تنوع حيوي، ماء)، وتجاوزها يعني فقدان قدرة الأرض على دعم الحياة."
"ENV-L003","environment","legend","في معالجة المياه المستعملة، ما هو التحدي التقني في إزالة ""الملوثات الصيدلانية والهرمونية"" (Pharmaceuticals)؟","المحطات التقليدية لا تزيل آثار الأدوية والمضادات الحيوية بالماء، مما يؤدي لتلوث الأنهار وظهور بكتيريا مقاومة","الأدوية تتبخر فور وصولها لمحطة المعالجة","الأدوية تحسن جودة مياه الشرب وتفيد الأسماك","تكلفة إزالتها مجانية ولا تحتاج تقنية","المحطات التقليدية لا تزيل آثار الأدوية والمضادات الحيوية بالماء، مما يؤدي لتلوث الأنهار وظهور بكتيريا مقاومة","بقايا الأدوية والهرمونات التي يطرحها البشر تشكل ملوثات خفية تدمر البيئة المائية وتخلق جراثيم خارقة."
"ENV-L004","environment","legend","ماذا تعني أداة تقييم دورة الحياة الكاملة للمنتج (LCA - Life Cycle Assessment) بمعيار ""من المهد إلى اللحد""؟","تتبع وتقييم كافة الآثار البيئية للمنتج منذ استخراج مواده الخام، مروراً بتصنيعه واستخدامه، وحتى التخلص النهائي","حساب عمر المستهلك الذي يشتري المنتج","دراسة تكلفة نقل المنتج عبر الشحن الجوي فقط","حساب أرباح الشركة المصنعة للمنتج","تتبع وتقييم كافة الآثار البيئية للمنتج منذ استخراج مواده الخام، مروراً بتصنيعه واستخدامه، وحتى التخلص النهائي","LCA تكشف الحقيقة البيئية المخفية؛ فالمنتج قد يبدو نظيفاً عند استخدامه، لكن تصنيعه دمر كوكب الأرض."
"ENV-L005","environment","legend","في تصميم المدن المقاومة للكوارث، ما هي ""البنية التحتية الزرقاء-الخضراء"" (Blue-Green Infrastructure)؟","دمج المكونات المائية (أنهار، قنوات، مستنقعات) مع النباتات (حدائق، أسطح خضراء) لإدارة مياه الأمطار والحرارة","طلاء واجهات المبناء بالأزرق والأخضر","شبكات صرف صحي مصنوعة من البلاستيك الملون","منع بناء أي مبنى إسمنتي نهائياً","دمج المكونات المائية (أنهار، قنوات، مستنقعات) مع النباتات (حدائق، أسطح خضراء) لإدارة مياه الأمطار والحرارة","البنية الزرقاء-الخضراء تستخدم الطبيعة لحل مشاكل الفيضانات والحرارة بفعالية تفوق الإسمنت."
"ENV-L006","environment","legend","ما هو التحدي البيئي والجيولوجي المترتب على ظاهرة ""تحمض المحيطات"" (Ocean Acidification) نتيجة امتصاص CO2؟","إذابة وهشاشة أصداف وهياكل الكائنات البحرية الدقيقة والمرجانية، مما يهدد كل السلسلة الغذائية للمحيטים","ارتفاع ملوحة مهارات العالم لتصبح صالحة للشرب","غليان مياه البحار الاستوائية صيفاً","تجمد المحيطات بالكامل","إذابة وهشاشة أصداف وهياكل الكائنات البحرية الدقيقة والمرجانية، مما يهدد كل السلسلة الغذائية للمحيטים","المحيطات تمتص ثلث انبعاثات الكربون البشرية، مما يغير كيمياء الماء ويهدد الحياة البحرية بالانهيار."
"ENV-L007","environment","legend","في علم البيئة الحضرية، ما هو مؤشر ""البصمة البيئية"" (Ecological Footprint) للدولة أو المدينة؟","مساحة الأرض والمياه البيولوجية المنتجة اللازمة لامتصاص نفايات المدينة وتوفير مواردها المستهلكة","مساحة الإسفلت المعبدة في شوارع المدينة","عدد الأشجار المزروعة في الحدائق العامة","حجم استهلاك النفط والغاز سنوياً","مساحة الأرض والمياه البيولوجية المنتجة اللازمة لامتصاص نفايات المدينة وتوفير مواردها المستهلكة","البصمة البيئية تقارن استهلاك البشر لقدرة الطبيعة على التجدد؛ حين تتجاوز البصمة 1، فنحن نقرض مستقبل كوكبنا."
"ENV-L008","environment","legend","ماذا نعني بمصطلح ""التخفيف القائم على النظام البيئي"" (Eco-DRR) في إدارة الكوارث الطبيعية؟","استخدام الغابات، الأراضي الرطبة، والشواطئ الطبيعية كدروع حماية لتقليل مخاطر الفيضانات والانهيارات","بناء سدود إسمنتية ضخمة لحماية الغابات","إخلاء السكان من المدن عند حدوث أي زلزال","قطع الأشجار لمنع حرائق الغابات","استخدام الغابات، الأراضي الرطبة، والشواطئ الطبيعية كدروع حماية لتقليل مخاطر الفيضانات والانهيارات","Eco-DRR تثبت أن حماية الطبيعة هي أرخص وأقوى درع بشري ضد الكوارث الطبيعية."
"ENV-L009","environment","legend","في معايير كفاءة الطاقة للمباني، ما هو معيار (Passivhaus / البيت السلبي) الألماني الصارم؟","معيار هندسي فائق الدقة يلغي الحاجة لنظام تدفئة أو تبريد تقليدي عبر عزل تام واسترجاع حراري للهواء","بيت لا يدخله أي ضوء شمس نهائياً","بيت يُبنى بدون استخدام أي مسامير معدنية","بيت يستهلك طاقة مضاعفة مقارنة بالبيوت العادية","معيار هندسي فائق الدقة يلغي الحاجة لنظام تدفئة أو تبريد تقليدي عبر عزل تام واسترجاع حراري للهواء","البيت السلبي (Passivhaus) يستهلك طاقة أقل بنسبة 90% من المباني العادية بفضل العزل والتهوية المتبادلة الذكية."
"ENV-L010","environment","legend","ما هو الأثر البيئي والجيولوجي بعيد المدى لعملية ""التكسير الهيدروليكي (Fracking)"" لاستخراج الغاز الصخري؟","تلويث خزانات المياه الجوفية بالكيماويات السامة، إحداث هزات أرضية دقيقة، واستهلاك ملايين لترات الماء","تنقية المياه الجوفية وزيادة منسوبها","تخضير الصحراء وزيادة التنوع الحيوي","توليد طاقة نظيفة بلا أي آثار جانبية","تلويث خزانات المياه الجوفية بالكيماويات السامة، إحداث هزات أرضية دقيقة، واستهلاك ملايين لترات الماء","الفرacking يضخ كيمياويات ضاغطة تحت الأرض لكسر الصخور، وهو محظور بيئياً في العديد من الدول المتقدمة."
"ENV-L011","environment","legend","في علم الغلاف الجوي، ما هي ""حلقة الإيجابية المفرطة/التغذية الراجعة المناخية (Climate Feedback Loop)"" الخطيرة؟","ذوبان الجليد القطبي يقلل انعكاس الشمس فيمتصOcean حرارة أكثر فيذوب جليد أكثر (تسارع الاحترار ذاتياً)","زيادة الأمطار تطفئ حرائق الغابات تماماً","انبعاث الأكسجين يقلل درجات الحرارة الأرضية","لا توجد أي تفاعلات متبادلة في الغلاف الجوي","ذوبان الجليد القطبي يقلل انعكاس الشمس فيمتصOcean حرارة أكثر فيذوب جليد أكثر (تسارع الاحترار ذاتياً)","التغذية الراجعة القاتلة تعني أن الأزمة تغذي نفسها وتتسارع خارج سيطرة البشر (كنقطة اللاعودة)."
"ENV-L012","environment","legend","ما هو المقصود بـ ""العدالة البيئية"" (Environmental Justice) في المجتمعات الحضرية والتنموية؟","ضمان عدم تحمل الفئات الفقيرة والمهمشة النصيب الأكبر من التلوث ومخاطر المكبات والمصانع القذرة","توزيع الأشجار بالتساوي على كل مواطن","دفع نفس قيمة فاتورة الكهرباء لكل العائلات","منع بناء المصانع في كل الدولة","ضمان عدم تحمل الفئات الفقيرة والمهمشة النصيب الأكبر من التلوث ومخاطر المكبات والمصانع القذرة","العدالة البيئية تحارب وضع مكبات النفايات والمصانع الملوثة دائماً بجانب أحياء الفقراء والمهمشين."
"ENV-L013","environment","legend","في تقييم المخاطر البيئية، ماذا تعني قاعدة ""الحيطة والحذر"" (Precautionary Principle)؟","إذا كان هناك شك علمي في أن نشاطاً ما يضر البيئة، فيجب منع أو تقييد النشاط حتى لو لم يكتمل الدليل القاطع","الانتظار حتى تحدث الكارثة البيئية ثم علاجها","السماح بأي مشروع تجاري طالما لم يمت أحد بعد","منع البحث العلمي البيئي كلياً","إذا كان هناك شك علمي في أن نشاطاً ما يضر البيئة، فيجب منع أو تقييد النشاط حتى لو لم يكتمل الدليل القاطع","قاعدة الحيطة تمنع القفز إلى المجهول البيئي وتفضل السلامة العامة على المكسب الاقتصادي المؤقت."
"ENV-L014","environment","legend","ما هو الدور الحاسم الذي تلعبه ""غابات المانغروف (أشجار القرم)"" الساحلية في حماية البيئة والتغير المناخي؟","تمتص وتخزن الكربون (الكربون الأزرق) بفعالية تفوق الغابات الاستوائية بأضعاف، وتحمي السواحل من الأعاصير","تنتج مهارات صيد الأسماك الملونة فقط","تزيد من ملوحة مياه البحار والمحيطات","لا توجد لها أي فائدة بيئية حقيقية","تمتص وتخزن الكربون (الكربون الأزرق) بفعالية تفوق الغابات الاستوائية بأضعاف، وتحمي السواحل من الأعاصير","المانغروف (الكربون الأزرق) هي كنز بيئي مخفي في امتصاص وحبس الانبعاثات وحماية السواحل."
"ENV-L015","environment","legend","في هندسة المدن الذكية، ما هو دور ""أنظمة إنترنت الأشياء (IoT) البيئية""؟","نشر مستشعرات ذكية ترصد جودة الهواء، الضوضاء، واستهلاك الماء لحظياً للتدخل التلقائي","مراقبة سرعة السيارات لفرض غرامات مالية","التحكم بإضاءة غرف النوم عن بعد","منع المواطنين من استخدام الهواتف","نشر مستشعرات ذكية ترصد جودة الهواء، الضوضاء، واستهلاك الماء لحظياً للتدخل التلقائي","المستشعرات الذكية تعطي البلديات صورة حية وفورية عن نبض البيئة الحضرية لمعالجة أي خلل مبكراً."
"DEV-L001","development","legend","في اقتصاد التنمية، ما هو نموذج ""ابتكار القيمة المضافة (Value Innovation)"" الذي يكسر قواعد المنافسة التقليدية؟","التركيز المزدوج على خفض التكاليف مع رفع القيمة الحقيقية للخدمة للمستفيد (كابتعاد عن المنافسة الدموية)","رفع أسعار الخدمات لزيادة أرباح الشركة","تقليد الشركات الكبرى حرفياً ودون تعديل","إلغاء جودة المنتج مقابل رخص ثمنه","التركيز المزدوج على خفض التكاليف مع رفع القيمة الحقيقية للخدمة للمستفيد (كابتعاد عن المنافسة الدموية)","ابتكار القيمة (المحيط الأزرق) يخلق أسواقاً جديدة عبر تقديم جودة مذهلة بتكلفة في متناول الجميع."
"DEV-L002","development","legend","ما هي معضلة ""النمو الناتج بلا توظيف (Jobless Growth)"" في بعض اقتصاديات الدول النامية؟","يحقق الاقتصاد نمواً ورقياً مرتفعاً (عبر النفط أو التقنية)، لكنه لا يخلق فرص عمل حقيقية للشباب","يزيد عدد الوظائف بشكل جنوني وينفد العمال","تتوقف المصانع عن العمل نهائياً","ينخفض معدل التضخم إلى الصفر","يحقق الاقتصاد نمواً ورقياً مرتفعاً (عبر النفط أو التقنية)، لكنه لا يخلق فرص عمل حقيقية للشباب","النمو بلا توظيف يترك ملايين الشباب في بطالة رغم الأرقام الاقتصادية الكبيرة للناتج المحلي."
"DEV-L003","development","legend","ما هو المقصود بـ ""مؤشر التنمية المعدل بيئياً (SEEA)""؟","مؤشر يحسب الناتج المحلي الإجمالي بعد خصم كلفة استنزاف الموارد الطبيعية والأضرار البيئية","مؤشر يقيس كمية الأمطار السنوية بالدولة","مؤشر يقيس عدد الحدائق العامة في العاصمة","مؤشر يخص تلوث الهواء الداخلي للمنازل","مؤشر يحسب الناتج المحلي الإجمالي بعد خصم كلفة استنزاف الموارد الطبيعية والأضرار البيئية","الناتج المحلي التقليدي يخدعنا لأنه يحسب قطع الغابات وبيع النفط ""ربحاً""، بينما SEEA يحسبها خسارة."
"DEV-L004","development","legend","في استراتيجيات الحد من الفقر، ما هو التأثير المثبت لبرامج ""الدعم النقدي المشروط (CCT)"" (كاشتراط ذهاب الأطفال للمدرسة)؟","يكسر حلقة الفقر عبر ربط المساعدة المادية الفورية بالتزام الأسرة بالتعليم والصحة لضمان مستقبل الأطفال","يشجع الأسر على إخراج أطفالهم من المدارس","يزيد من معدلات التضخم النقدي بشكل مدمر","لا يؤدي لأي تغيير في سلوك العائلات الفقيرة","يكسر حلقة الفقر عبر ربط المساعدة المادية الفورية بالتزام الأسرة بالتعليم والصحة لضمان مستقبل الأطفال","الدعم المشروط يحل أزمة اليوم ويضمن بناء رأس مال بشري للأبناء غداً."
"DEV-L005","development","legend","ما هو التحدي التنموي المتمثل في ""تسليع التعليم والصحة (Commodification)""؟","تحويل الخدمات الأساسية (التعليم والصحة) لسلع تجارية ربحية، مما يهمش الفقراء ويحرمهم منها","تطوير المدارس الحكومية لتصبح مجانية للجميع","منع القطاع الخاص من الاستثمار الطبي تماماً","صنع أدوية رخيصة جداً للفقراء","تحويل الخدمات الأساسية (التعليم والصحة) لسلع تجارية ربحية، مما يهمش الفقراء ويحرمهم منها","حين يتحول التعليم والصحة إلى تجارة بحتة، يرتفع السور بين الغني والفقير ويفقد المجتمع عدالته."
"DEV-L006","development","legend","في التخطيط الإقليمي، ماذا تعني نظرية ""مراكز النمو (Growth Poles)""؟","استثمار مكثف في مدن محددة لتلعب دور قاطرة تنموية تشع بفوائدها الاقتصادية على الأقاليم المحيطة","توزيع الاستثمارات بالتساوي تماماً على كل قرية","منع الهجرة من الأرياف للمدن كلياً","تأسيس مراكز ترفيهية للأطفال","استثمار مكثف في مدن محددة لتلعب دور قاطرة تنموية تشع بفوائدها الاقتصادية على الأقاليم المحيطة","مراكز النمو تركز الموارد أولاً لخلق نواة اقتصادية قوية تنعكس لاحقاً على محيطها."
"DEV-L007","development","legend","ماذا يقصد بمفهوم ""اقتصاد المعرفة (Knowledge Economy)"" كمدخل تنموي للدول الناشئة؟","الاعتماد على رأس المال الفكري، الابتكار، البحث العلمي، وتكنولوجيا المعلومات كمصدر أساسي للثروة","الاعتماد على استخراج الفحم وحفر الأراضي","بيع الحرف التقليدية اليدوية فقط","حفظ الكتب القديمة في المكتبات","الاعتماد على رأس المال الفكري، الابتكار، البحث العلمي، وتكنولوجيا المعلومات كمصدر أساسي للثروة","اقتصاد المعرفة لا يحتاج لموانئ أو نفط، بل يحتاج عقولاً مبتكرة تصنع برمجيات وتقنيات تبيعها للعالم."
"DEV-L008","development","legend","في سياسات العمران المستدام، ما هو مفهوم ""حق المدينة (Right to the City)""؟","حق كل السكان في الوصول العادل لفرصة العيش، المساحات العامة، والخدمات بكرامة دون إقصاء","حق السكن المجاني لكل مواطن في أي قصر يختاره","منع بناء أي مبنى سكني جديد في المدن","حق قيادة السيارات في كل الأوقات","حق كل السكان في الوصول العادل لفرصة العيش، المساحات العامة، والخدمات بكرامة دون إقصاء","حق المدينة هو فلسفة حضرية تقاوم تهميش الفقراء وتحول المدن لأماكن عادلة للجميع."
"DEV-L009","development","legend","ما هي الأهمية التنموية لإنشاء ""بنوك الطعام (Food Banks)"" المنظمة في المدن؟","جمع الفائض السليم من طعام الفنادق والأسواق وإعادة توزيعه على المحتاجين لتقليل الهدر ومكافحة الجوع","تخزين الطعام لسنوات طويلة حتى يتلف","بيع الطعام بأسعار خيالية للفقراء","تدمير قطاع الزراعة المحلية","جمع الفائض السليم من طعام الفنادق والأسواق وإعادة توزيعه على المحتاجين لتقليل الهدر ومكافحة الجوع","بنوك الطعام هي جسر ذكي يربط بين فائض الوفرة وعوز الحاجة، وتحارب الهدر البيئي والغذائي معا."
"DEV-L010","development","legend","في مؤشرات الحوكمة العالمية، ما هو دور ""سيادة القانون"" (Rule of Law) في جذب الاستثمار التنموي؟","ضمان تطبيق القوانين بعدالة على الجميع، حماية الملكية، وفض النزاعات بحياد، وهو ما يعشقه المستثمر","إعفاء الشركات الكبرى من كل القوانين والضرائب","تغيير القوانين الاقتصادية كل أسبوع","منع المحاكم من التدخل في التجارة","ضمان تطبيق القوانين بعدالة على الجميع، حماية الملكية، وفض النزاعات بحياد، وهو ما يعشقه المستثمر","لا تنمية مستدامة ولا استثمار حقيقي بلا قضاء نزيه وقانون يحمي الضعيف قبل القوي."
"DEV-L011","development","legend","ماذا تعني سياسة ""التخطيط الاستراتيجي المبني على الأدلة (Evidence-Based Planning)""؟","اتخاذ القرارات التنموية بناءً على إحصاءات، أبحاث ميدانية، وبيانات علمية دقيقة لا على التخمين","اتخاذ القرارات بناءً على الرؤى الشخصية للمدير","نسخ خطط دول أخرى أجنبية بحذافيرها","الاعتماد على استطلاعات السوشيال ميديا السريعة","اتخاذ القرارات التنموية بناءً على إحصاءات، أبحاث ميدانية، وبيانات علمية دقيقة لا على التخمين","التخطيط بالعاطفة أو التخمين يهدر المليارات؛ البيانات والأدلة هي التي تصنع مشاريع تلامس الوجع بدقة."
"DEV-L012","development","legend","في أدوات التمكين الاقتصادي، ما هو مفهوم ""سلاسل الإمداد العادلة (Fair Trade)""؟","ضمان حصول صغار المنتجين والحرفيين في الدول النامية على سعر عادل لجهدهم وظروف عمل كريمة","احتكار الأسواق العالمية لصالح الشركات الكبرى","إلغاء الجمارك بين كل دول العالم","دعم التجار الكبار واحتكار المحاصيل","ضمان حصول صغار المنتجين والحرفيين في الدول النامية على سعر عادل لجهدهم وظروف عمل كريمة","التجارة العادلة تحارب استغلال المزارع والحرفي البسيط من قبل الشركات الوسيطة الاحتكارية."
"DEV-L013","development","legend","ما هو الأثر التنموي لانتشار ""المساحات المشتركة للعمل (Coworking Spaces)"" في المدن الحديثة؟","تخفيض تكلفة التأسيس على الشباب والرياديين، وتسهيل التشبيك وتبادل الخبرات وخلق بيئة عمل مرنة","إلغاء مكاتب الشركات الكبرى تماماً","تخصيصها للجلوس والترفيه دون أي عمل","رفع أسعار إيجار المكاتب بشكل خيالي","تخفيض تكلفة التأسيس على الشباب والرياديين، وتسهيل التشبيك وتبادل الخبرات وخلق بيئة عمل مرنة","المساحات المشتركة ساهمت في انفجار ثقافة الشركات الناشئة (Startups) عبر كلفة تشغيل منخفضة."
"DEV-L014","development","legend","في نظريات التنمية الاجتماعية، ما هو مفهوم ""رأس المال النفسي/المعنوي (Psychological Capital)""؟","طاقة الفرد الإيجابية المكونة من: الأمل، الكفاءة الذاتية، المرونة، والتفاؤل لمواجهة التحديات","حجم الأموال المدخرة في الحسابات الشخصية","عدد الشهادات الجامعية المعلقة على الجدار","قوة البنية الجسدية للمتطوع","طاقة الفرد الإيجابية المكونة من: الأمل، الكفاءة الذاتية، المرونة، والتفاؤل لمواجهة التحديات","رأس المال النفسي هو المحرك الداخلي للإنسان؛ الأمل والتفاؤل هما ما يصنعان الإصرار وسط الدمار."
"DAM-L016","damascus","legend","ما هي الغاية الكبرى والنهائية من كل هذه الخطط التنموية الحضرية والبيئية والمجتمعية؟","الارتقاء بجودة حياة الإنسان، صون كرامته، وضمان بيئة آمنة ومزدهرة له ولأبنائه مستقبلاً","تحقيق أرقام قياسية في التقارير الحكومية","جذب السياح الأجانب لالتقاط الصور","توسيع رقعة الإسفلت على حساب الطبيعة","الارتقاء بجودة حياة الإنسان، صون كرامته، وضمان بيئة آمنة ومزدهرة له ولأبنائه مستقبلاً","الإنسان هو غاية التنمية ووسيلتها؛ كل حجر يُبنى وكل شجرة تُزرع هدفها الأسمى هو سعادة وكرامة الإنسان."
"INI-L001","initiative","legend","في هندسة إدارة المشاريع التنموية المعقدة، ما هي أداة ""المسار الحرج (Critical Path Method - CPM)""؟","تحديد أطول تسلسل لمهام المشروع المترابطة، والتي يحدد إنجازها الموعد النهائي الفعلي لكل المشروع","طريقة لتوزيع المهام السهلة على المتطوعين الجدد","حساب تكلفة شراء المواد الغذائية للمبادرة","تحديد موعد استراحة فريق العمل الميداني","تحديد أطول تسلسل لمهام المشروع المترابطة، والتي يحدد إنجازها الموعد النهائي الفعلي لكل المشروع","المسار الحرج يكشف لك أي تأخير في أي مهمة أساسية سيؤدي لتأخير المشروع كله، لتركز رقابتك عليها."
"INI-L002","initiative","legend","عند تصميم ""نظرية التغيير (Theory of Change)"" لمبادرة تهدف لتقليل عمالة الأطفال، كيف تُكتب الروابط السببية؟","عبر صياغة افتراضات منطقية واضحة: (إذا وفرنا دخلاً للأم ودرساً للأطفال، فستتوقف الأسرة عن إرسال طفلها للعمل)","عبر كتابة شعارات رنانة وجذابة على غلاف المشروع","عبر وضع ميزانية مالية ضخمة دون تفصيل","عبر كتابة قصة خيالية عن طفولة سعيدة","عبر صياغة افتراضات منطقية واضحة: (إذا وفرنا دخلاً للأم ودرساً للأطفال، فستتوقف الأسرة عن إرسال طفلها للعمل)","نظرية التغيير تربط بحلقات منطقية صارمة بين النشاط، النتيجة الوسيطة، والأثر التنموي الأسمى."
"INI-L003","initiative","legend","في مهارات القيادة الاستراتيجية للمبادرات، كيف تدار ""مقاومة التغيير"" من قبل بعض أعضاء الفريق القدامى عند تحديث الأنظمة؟","عبر إشراكهم في صنع القرار، شرح أسباب التطوير بصراحة، وتدريبهم لاحتواء مخاوفهم من المجهول","عبر طردهم فوراً ودون الاستماع لأي كلمة","عبر تجاهل اعتراضاتهم والبدء بتنفيذ النظام رغماً عنهم","عبر إلغاء مشروع التحديث كلياً","عبر إشراكهم في صنع القرار، شرح أسباب التطوير بصراحة، وتدريبهم لاحتواء مخاوفهم من المجهول","المقاومة للطج والتغيير أمر طبيعي بشري؛ القيادة الحكيمة تحول المعترض إلى شريك ومتحمس للتطوير."
"INI-L004","initiative","legend","ما هو المقصود بـ ""التقييم المستقل ذو الطرف الثالث (Third-Party Evaluation)"" للمبادرة الكبرى؟","استعانة الممول أو إدارة المبادرة بخبير أو جهة محايدة تماماً لتقييم أداء المشروع بشفافية وموضوعية","أن يقوم مدير المبادرة بتقييم نفسه بنفسه سراً","تقييم المستفيدين عبر إجبارهم على المدح","تقييم منافسي المبادرة لتدمير سمعتها","استعانة الممول أو إدارة المبادرة بخبير أو جهة محايدة تماماً لتقييم أداء المشروع بشفافية وموضوعية","التقييم الخارجي المحايد يكشف العيوب الحقيقية بموضوعية بعيداً عن مجاملات فريق العمل الداخلي."
"INI-L005","initiative","legend","في إدارة المخاطر المؤسسية، ما هو الفرق بين ""تجنب الخطر (Risk Avoidance)"" و""تخفيف الخطر (Risk Mitigation)""؟","التجنب يعني إلغاء النشاط المسبب للخطر كلياً، والتخفيف يعني تقليل احتمالية وقوعه أو شدة ضرره","كلاهما يعنيان الهروب من المشكلة فوراً","التخفيف هو إلغاء المشروع، والتجنب هو الاستمرار فيه","التجنب خاص بالمال والتخفيف خاص بالبشر","التجنب يعني إلغاء النشاط المسبب للخطر كلياً، والتخفيف يعني تقليل احتمالية وقوعه أو شدة ضرره","إن كان خطر الطقس قاتلاً فتلغي النشاط (تجنب)، وإن كان محتملاً فتحجز صالة مغلقة (تخفيف)."
"INI-L006","initiative","legend","ما هي الآلية الإدارية الأقوى لضمان استمرار المبادرة التطوعية وتحولها لكيان قانوني دائم (مأسسة كاملة)؟","صياغة نظام أساسي، تأسيس مجلس ترام، تسجيل رسمي كجمعية، وبناء أوقاف مالية تضمن التدفق المستمر","الاعتماد على حماس الشباب المتجدد كل عام دون أوراق","فتح صفحة فيسبوك وتسميتها مؤسسة","جمع التبرعات في الشارع دون ترخيص","صياغة نظام أساسي، تأسيس مجلس ترام، تسجيل رسمي كجمعية، وبناء أوقاف مالية تضمن التدفق المستمر","المأسسة القانونية والمالية والإدارية هي ما يحول الحماس العابر إلى إرث مجتمعي خالد لا يرتكز على أشخاص."
"INI-L007","initiative","legend","في الحوكمة الرشيدة للمبادرات، ما هو دور ""مجلس الأمناء (Board of Trustees)"" مقارنة بـ ""المدير التنفيذي""؟","مجلس الأمناء يضع السياسات ويراقب الأداء الاستراتيجي، والمدير التنفيذي يدير العمل اليومي والتشغيلي","مجلس الأمناء ينظف الشارع والمدير يتفرج","لا توجد أي صلاحيات لمجلس الأمناء سوى توقيع الشيكات","المدير يضع السياسات والمجلس ينفذها بيديها","مجلس الأمناء يضع السياسات ويراقب الأداء الاستراتيجي، والمدير التنفيذي يدير العمل اليومي والتشغيلي","فصل السلطات الاستراتيجية (المجلس) عن التنفيذية (المدير) يمنع الدكتاتورية الإدارية ويضمن الشفافية."
"INI-L008","initiative","legend","كيف تحسب المبادرة ""معدل العائد الاجتماعي (SROI)"" لمشروع تأهيل حديقة أطفال في حي شعبي؟","عبر تقييم القيمة المادية المكتسبة (كتوفير علاج نفسي للأطفال، تقليل الجريمة، ارتفاع عقارات الحي) مقارنة بكلفة الدهان","بحساب كم كيلو دهان تم استهلاكه","بعدّ أوراق الأشجار المزروعة بالحديقة","بجمع تذاكر الدخول للحديقة","عبر تقييم القيمة المادية المكتسبة (كتوفير علاج نفسي للأطفال، تقليل الجريمة، ارتفاع عقارات الحي) مقارنة بكلفة الدهان","SROI يترجم الأثر الإنساني والنفسي والاجتماعي إلى لغة أرقام واضحة تقنع الممول بجدوى الاستثمار."
"INI-L009","initiative","legend","في تخطيط الحملات، ماذا تعني استراتيجية ""التصعيد التدريجي (Escalation Strategy)"" في حملات المناصرة؟","البدء بالضغط الهادئ والحوار (رسائل/اجتماعات)، ثم الانتقال تدريجياً لوسائل ضغط أقوى (عرائض/اعتصامات) إن لم تستجب الجهة","استخدام العنف المباشر من اليوم الأول للحملة","البدء بصرخات قوية ثم التوقف نهائياً","تخفيض سقف المطالب حتى تختفي المشكلة","البدء بالضغط الهادئ والحوار (رسائل/اجتماعات)، ثم الانتقال تدريجياً لوسائل ضغط أقوى (عرائض/اعتصامات) إن لم تستجب الجهة","المناصرة الحكيمة تبدأ بالأدب والدبلوماسية، ولا تلجأ لأدوات الضغط القصوى إلا عند إغلاق كل الأبواب."
"INI-L010","initiative","legend","ما هو المقصود بـ ""المرونة المؤسسية (Organizational Agility)"" للمبادرات في بيئة متغيرة كالأزمات؟","قدرة الفريق على إعادة توجيه موارده وأنشطته بسرعة وسلاسة لمواجهة طارئ مفاجئ دون تفكك","جمود خطة العمل وعدم قبول أي تعديل مهما حدث","إغلاق المبادرة وسفر المؤسسين للخارج عند أول أزمة","تغيير اسم الفريق كل شهر","قدرة الفريق على إعادة توجيه موارده وأنشطته بسرعة وسلاسة لمواجهة طارئ مفاجئ دون تفكك","المؤسسة المرنة كالشجرة التي تميل مع العاصفة ولا تكسرها؛ تغير نشاطها من تعليم لإغاثة حين تقع كارثة."
"INI-L011","initiative","legend","في إدارة العلاقات العامة للجهات الداعمة، ما هي قاعدة ""تجاوز التوقعات (Exceeding Expectations)""؟","تسليم التقارير قبل موعدها بدقة، تقديم نتائج أفضل بقليل مما وُعد به الممول، وبشفافية مذهلة","طلب أموال إضافية من الممول في منتصف المشروع","إخفاء الفشل الميداني عن الممول تماماً","تسليم التقارير ناقصة وغير مراجعة","تسليم التقارير قبل موعدها بدقة، تقديم نتائج أفضل بقليل مما وُعد به الممول، وبشفافية مذهلة","أن تَعِد بالكثير وتنجز القليل يدمر ثقتك؛ أن تَعِد بالمعقول وتنجز الأفضل يبني شراكة أبدية."
"INI-L012","initiative","legend","كيف تتعامل إدراة المبادرة مع ""تضارب المصالح (Conflict of Interest)"" (كأن يكون متطوع مقرب للمدير هو المسؤول عن شراء المواد)؟","الإفصاح الشفاف عن العلاقة، وانسحاب الشخص المعني من عملية الشراء والقرار منعاً للشبهة والفساد","إخفاء العلاقة عن كل أعضاء الفريق تماماً","منح المشتريات لنفس الشخص دون مناقشة","طرد كل من يلاحظ تضارب المصالح","الإفصاح الشفاف عن العلاقة، وانسحاب الشخص المعني من عملية الشراء والقرار منعاً للشبهة والفساد","الشفافية وتجنب الشبهات هي الحصن الأخلاقي الذي يحمي المبادرة من تهم الفساد والمحسوبية."
"DAM-L017","damascus","legend","ما هو التحدي الأسمى الذي يواجه ""صنّاع الأثر وقادة المبادرات"" في دمشق اليوم لإثبات تفوقهم في المعرض؟","تقديم نموذج عملي، مبدع، ومستدام يدمج عراقة التاريخ بحلول تنموية وبيئية ذكية تخدم الإنسان وتصنع المستقبل","محاولة نسخ ألعاب الفيديو العالمية الضخمة بلا هدف","الاعتماد على الحظ البحت للفوز بالتحدي دون تخطيط","الاكتفاء بعرض صور قديمة لدمشق دون أي تفاعل","تقديم نموذج عملي، مبدع، ومستدام يدمج عراقة التاريخ بحلول تنموية وبيئية ذكية تخدم الإنسان وتصنع المستقبل","الفوز الحقيقي في المعرض ليس بالشاشات، بل بالأثر المعرفي والوعي الحقيقي الذي تتركه اللعبة في عقل كل زائر."
"INI-L013","initiative","legend","ما هي النتيجة النهائية والقصوى لعملية ""نقل المعرفة والتمكين"" للمجتمع المحلي عبر المبادرات؟","أن يصبح المجتمع قادراً على تشخيص مشكلاته وتصميم وحل قضاياه ذاتياً، لتصبح المبادرة خارج الحاجة (تتلاشى بنجاح)","أن يعتمد المجتمع على المبادرة طوال القرون القادمة","أن تتحول المبادرة لشركة احتكار كبرى للخدمات","أن تتوقف كل الأنشطة المجتمعية تماماً","أن يصبح المجتمع قادراً على تشخيص مشكلاته وتصميم وحل قضاياه ذاتياً، لتصبح المبادرة خارج الحاجة (تتلاشى بنجاح)","أعظم نجاح للمبادرة التنموية هو أن تنجح لدرجة أنها لم تعد مطلوبة، لأن المجتمع تعلم كيف يحمي نفسه بنفسه."
"DAM-L018","damascus","legend","في شبكة الإمداد المائي التاريخية لدمشق، ما هو الدور الهندسي الذي لعبته ""النواعير"" (إن وجدت قرب الأطراف) والقنوات المرتفعة؟","رفع المياه من مجرى بردى المنخفض لتنساب بالجاذبية نحو الأراضي والمنازل المرتفعة عنها","استهلكت طاقة بخارية ضخمة لتوليد الكهرباء قديماً","استُخدمت لتخزين الأسماك النهرية الكبيرة فقط","لأنها شكلت ديكوراً ترفيهياً بلا فائدة هيدروليكية","رفع المياه من مجرى بردى المنخفض لتنساب بالجاذبية نحو الأراضي والمنازل المرتفعة عنها","التغلب على فروقات الارتفاع حُل هندسياً عبر قنوات محلقة أو آليات رفع مائي ذكية تناسب طبيعة طوبوغرافيا قاسيون والغوطة."
"DAM-L019","damascus","legend","ما هو التفسير المعماري لظاهرة ""تعدد الطوابق الخشبية البارزة (الروشان/المشربية)"" في بعض أزقة دمشق القديمة الضيقة جداً؟","توسيع مساحة السكن في الطوابق العليا دون زيادة مساحة الأرض المسجلة، وتوفير ظل لمرمى الزقاق","لإخفاء الأسلاك الكهربائية الحديثة","لكي يتمكن السكان من القفز للشارع بسهولة","لأن الخشب أرخص من الحجر تماماً","توسيع مساحة السكن في الطوابق العليا دون زيادة مساحة الأرض المسجلة، وتوفير ظل لمرمى الزقاق","البروز الخشبي العلوي يوسع المساحة الداخلية للبيت ويعطي ظلالاً تحمي المارة من لهيب صيف دمشق."
"DAM-L020","damascus","legend","في التحصينات العسكرية لأسوار دمشق، ما هو المقصود بـ ""الخنادق المائية المحيطة بالسور"" وكيف كانت تُملأ؟","خنادق عميقة تُملأ بمياه نهر بردى وفروعه لتشكل حاجزاً مانعاً لا يمكن تجاوزه بآلات الحصار الثقيلة","تُملأ بمياه الأمطار الشتوية حصراً دون تدخل بشري","كانت جافة تماماً وتُستخدم لرمي النفايات","خزانات وقود عسكرية حارقة","خنادق عميقة تُملأ بمياه نهر بردى وفروعه لتشكل حاجزاً مانعاً لا يمكن تجاوزه بآلات الحصار الثقيلة","الخنادق المائية حول الأسوار والقلعة كانت عائقاً دفاعياً مهيباً يحمي التحصينات الحجرية من التقويض."
"DAM-L021","damascus","legend","كيف كانت ""النقابات المهنية القديمة (أصناف الحرفيين)"" في دمشق تدير التضامن الاجتماعي والاقتصادي بين أعضائها؟","عبر صندوق تكافل مشترك (صندوق الطائفة) لدعم المعسرين، الأرامل، وضمان جودة الحرفة ومنع الغش","عبر إجبار المتاجر على إغلاق أبوابها أسبوعياً","عبر فرض ضرائب قاسية على الحرفيين الجدد","لم تكن توجد أي نقابات حرفية تاريخياً","عبر صندوق تكافل مشترك (صندوق الطائفة) لدعم المعسرين، الأرامل، وضمان جودة الحرفة ومنع الغش","طوائف الحرفيين (كالنحاسين والبزازين) كانت نظاماً أهلياً عريقاً يحمي الصانع ويضمن أخلاق المهنة."
"DAM-L022","damascus","legend","ما هو التحدي التخطيطي الأكبر عند دراسة ""التكامل بين دمشق القديمة ودمشق الحديثة"" (المدينة المزدوجة)؟","إيجاد ممرات مشاة آمنة ومواقف ومحاور ربط تحافظ على جسد المدينة التاريخية دون خنقه بحركة السيارات","هدم المدينة الحديثة وإعادة بنائها على طراز روماني","إحاطة دمشق القديمة بسور حديدي عالي","منع أهل المدينة الحديثة من زيارة القديمة","إيجاد ممرات مشاة آمنة ومواقف ومحاور ربط تحافظ على جسد المدينة التاريخية دون خنقه بحركة السيارات","المعادلة الأصعب هي كيف تجعل التاريخ يحيط بالحاضر ويندمج معه دون أن يدمره زحف السيارات والعمران الحديث."
"DAM-L023","damascus","legend","في هندسة المساجد التاريخية بدمشق، ما هو المعيار الهندسي المتبع في توجيه ""المحراب"" نحو الكعبة بدقة مذهلة رغم بدائية الأدوات؟","الاعتماد على رصد النجوم، حسابات الفلك الظاهري، والمعرفة الرياضية الهندسية العالية عند علماء المسلمين","التوجيه العشوائي بحسب اتجاه الشارع الخارجي","الاعتماد على الرياح السائدة فقط","توجيه المحراب نحو جهة الشرق حصراً","الاعتماد على رصد النجوم، حسابات الفلك الظاهري، والمعرفة الرياضية الهندسية العالية عند علماء المسلمين","علماء الفلك والمهندسون المسلمون أبدعوا في تحديد القبلة بدقة فلكية فائقة ما زالت مذهلة حتى اليوم."
"DAM-L024","damascus","legend","ما هي القيمة الأثرية والتاريخية لـ ""متحف الخط العربي"" في دمشق (مدرسة الباسلية/المرادنية)؟","يضم أندر لوحات ومنحوتات الخط العربي عبر العصور الإسلامية المختلفة ضمن بناء معماري تراثي فريد","مختص بعرض آثار العصر الحجري فقط","يحتوي على أسلحة نارية حديثة","مخصص لعرض اللوحات الزيتية الغربية","يضم أندر لوحات ومنحوتات الخط العربي عبر العصور الإسلامية المختلفة ضمن بناء معماري تراثي فريد","متحف الخط العربي يقع في قلب دمشق ويعتبر الحافظ الأبرز لتاريخ جماليات الحرف العربي العريق."
"DAM-L025","damascus","legend","في هيكلية البيت الدمشقي، ما هو الغرض من وجود ""التخت"" (الغرفة المرتفعة عن أرض الديار أو الصالون)؟","استخدامها للنوم شتاءً لقربها من السقف وحفظها للدفء، أو كجلسة عائلية مميزة ومطلة","مستودع لتخزين الحطب والفحم","مطبخ رئيسي للطهي الثقيل","ممر سري للهروب خارج البيت","استخدامها للنوم شتاءً لقربها من السقف وحفظها للدفء، أو كجلسة عائلية مميزة ومطلة","التخت غرفة مرتفعة ذات إطلالة ساحرة داخل القاعة، وتتميز بدفئها لارتفاعها عن أرض الديار الباردة."
"DAM-L026","damascus","legend","ما هو التفسير التاريخي لكون أحيائنا القديمة في دمشق تُسمى غالباً بأسماء عشائر أو قبائل أو مهن (كالبزورية، الميدان، الشاغور)؟","لأن التجمع البشري كان يرتكز على روابط الدم، العائلة، أو التخصص الحرفي المشترك","لأن الحكومة كانت توزع الأسماء بالقرعة","لأن هذه الأسماء أجنبية لا علاقة لها بالسكان","بسبب تشابه أسماء كل البيوت","لأن التجمع البشري كان يرتكز على روابط الدم، العائلة، أو التخصص الحرفي المشترك","الروابط الأهلية والحرفية هي التي صنعت هوية وتسميات الأحياء الدمشقية عبر القرون."
"DAM-L027","damascus","legend","في معمار البوابات الدمشقية، ما هو ""الباب المعقوف (المدخل المنكسر)"" الموجود في بعض التحصينات؟","مدخل لا يؤدي بشكل مستقيم للداخل، بل يجبر الداخل على الانعطاف بزوايا حادة ليعيق أي هجوم عسكري سريع","باب مكسور لا يمكن إغلاقه","باب مصنوع من الحديد المطاوع المنحني","باب سري لا يراه أحد","مدخل لا يؤدي بشكل مستقيم للداخل، بل يجبر الداخل على الانعطاف بزوايا حادة ليعيق أي هجوم عسكري سريع","المدخل المنكسر عبقرية دفاعية تمنع المهاجمين من استخدام كبش الحصار أو الركض المباشر لاقتحام التحصين."
"DAM-L028","damascus","legend","كيف ساهمت ""الأوقاف الذرية والخيرية"" في دمشق في حماية واستمرار عمران البيوت والمؤسسات؟","عبر تخصيص ريع عقارات لترميم نفسها وإنفاق أجور الصيانة بشكل دوري لا يتوقف بموت المالك","عبر بيع البيوت للأجانب لجمع المال","عبر هدم العقارات وتفريغها لبيع أحجارها","لا علاقة للأوقاف بصيانة العمران","عبر تخصيص ريع عقارات لترميم نفسها وإنفاق أجور الصيانة بشكل دوري لا يتوقف بموت المالك","الوقف الخيري والذري شكل صمام أمان مالي وقانوني حامي للعمارة الدمشقية من التشتت والخراب."
"DAM-L029","damascus","legend","ما هو التحدي البيئي والمناخي الذي تحله عبقرية ""الملاّكي/السقف المزدوج"" في بعض الأبنية التراثية بدمشق؟","منع نشوء الرطوبة العالية داخل سقوف الغرف عبر ترك فراغ هوائي عازل بين السقف الخشبي والتراب الخارجي","توليد طاقة كهربائية من الرياح","تجميع مياه الشرب النقية داخل السقف","منع تسرب أصوات القطط والطيور","منع نشوء الرطوبة العالية داخل سقوف الغرف عبر ترك فراغ هوائي عازل بين السقف الخشبي والتراب الخارجي","الفراغ الهوائي (الملاّكي) يفصل بين حرارة الشمس الخارجية وسقف الغرفة الداخلي لعزل مثالي."
"DAM-L030","damascus","legend","في فن الزخرفة الدمشقية، ما هو الفرق بين ""النقش الحجري (التعشيق/النحت)"" وبين ""فن العجمي الخشبي""؟","النقش الحجري يتم في واجهات الحجر والأبواب الخارجية، بينما العجمي فن بارز ملون بالذهب للداخل","كلاهما يُصنعان من الطين والتبن فقط","العجمي يُستخدم للحجر والنقش للخشب","لا يوجد أي فرق فني بينهما","النقش الحجري يتم في واجهات الحجر والأبواب الخارجية، بينما العجمي فن بارز ملون بالذهب للداخل","الحجر يواجه الطبيعة خارجياً بقوة، بينما العجمي يزين قاعات الاستقبال الداخلية بفخامة وألوان ملكية."
"DAM-L031","damascus","legend","ما هو الدور التاريخي لـ ""الخانقاهات والخوانق"" التي كانت تنتشر في أحياء دمشق القديمة؟","مراكز لتعبد المتصوفة وإيواء فقراء المريدين وتقديم الطعام والدروس الروحية والعلمية","مصانع لصناعة الأسلحة والسيوف الحادة","أسواق لبيع الحبوب والبهارات المستوردة","سجون لعزل المخالفين لقوانين المدينة","مراكز لتعبد المتصوفة وإيواء فقراء المريدين وتقديم الطعام والدروس الروحية والعلمية","الخوانق والخانقاهات كانت جزءاً من النسيج الخيري والروحي العريق لدمشق عبر التاريخ."
"DAM-L032","damascus","legend","ما هي الغاية الأسمى من دراسة وفهم العمارة التاريخية والتخطيط العمراني لدمشق في عصرنا الحديث؟","استلهام الحلول الذكية المستدامة (كالتبرع المناخي والمواد المحلية) لتصميم مدن المستقبل الصديقة للإنسان","مجرد ترف فكري لا فائدة عملية منه اليوم","نسخ البيوت الطينية وبناء كل المدن الحديثة منها","إغلاق المدن وتجريم استخدام التكنولوجيا","استلهام الحلول الذكية المستدامة (كالتبرع المناخي والمواد المحلية) لتصميم مدن المستقبل الصديقة للإنسان","عمارة الأجداد لم تكن شكلاً, بل كانت استجابة ذكية ومستدامة للبيئة يمكننا تعلم الكثير منها اليوم."
"ENV-L016","environment","legend","في علم الحفاظ على البيئة، ما هو المقصود بمفهوم ""الممرات البيئية البرية (Wildlife Corridors)""؟","ممرات طبيعية آمنة تصل بين الغابات والمحميات المجزأة لتسمح بتبادل الحيوانات وتكاثرها دون خطر الشوارع","أنفاق سيارات مخصصة لمرور الحيوانات الأليفة","طواحين هواء لتوليد الطاقة النظيفة","أنابيب مياه جوفية تربط بين الأنهار","ممرات طبيعية آمنة تصل بين الغابات والمحميات المجزأة لتسمح بتبادل الحيوانات وتكاثرها دون خطر الشوارع","التمدد العمراني يقطع الغابات، والممرات البيئية تعيد وصلها لكي لا تنقرض الحيوانات جيناتياً."
"ENV-L017","environment","legend","ما هي المعضلة البيئية الكبرى المترتبة على الاعتماد على تقنية ""الوقود الحيوي (Biofuels)"" من المحاصيل الزراعية؟","منافسة الغذاء البشري؛ حيث تُزرع مساحات كبرى للوقود بدل إطعام البشر، مما يرفع أسعار الغذاء عالمياً","زيادة انبعاثات الغازات السامة بمقدار 10 أضعاف النفط","استنزاف النفط الخام بشكل أسرع","توقف هطول الأمطار في العالم","منافسة الغذاء البشري؛ حيث تُزرع مساحات كبرى للوقود بدل إطعام البشر، مما يرفع أسعار الغذاء عالمياً","تحويل الأراضي الزراعية لإنتاج وقود السيارات خلق أزمة ""الوقود مقابل الغذاء"" الأخلاقية والبيئية."
"ENV-L018","environment","legend","في تقييم جودة المياه، ما هو المقصود بـ ""الطلب الحيوي على الأكسجين (BOD - Biochemical Oxygen Demand)""؟","كمية الأكسجين التي تستهلكها الكائنات الحية الدقيقة لتحلل المواد العضوية في الماء؛ وكلما ارتفع دل على تلوثه","كمية الأكسجين التي يحتاجها الأسماك للتنفس السريع","نسبة نقاء مياه الشرب المعقمة","سرعة جريان النهر في الأودية","كمية الأكسجين التي تستهلكها الكائنات الحية الدقيقة لتحلل المواد العضوية في الماء؛ وكلما ارتفع دل على تلوثه","كلما زادت الملوثات العضوية بالماء، زاد استهلاك الأكسجين لتحليلها، فاختنقت الحياة البحرية (ارتفع BOD)."
"ENV-L019","environment","legend","ما هو الأثر البيئي العالمي لعملية ""ذوبان التربة الصقيعية (Permafrost Thaw)"" في مناطق القطب الشمالي؟","انطلاق كميات مرعبة من غاز الميثان وثاني أكسيد الكربون المحبوسة منذ آلاف السنين، مما يضاعف الاحترار العالمي","ارتفاع منسوب مياه النمور والبحيرات العذبة","تخضير القطب الشمالي وتحوله لغابات استوائية","تبريد كوكب الأرض بشكل مفاجئ","انطلاق كميات مرعبة من غاز الميثان وثاني أكسيد الكربون المحبوسة منذ آلاف السنين، مما يضاعف الاحترار العالمي","ذوبان التربة الصقيعية قنبلة موقوتة تطلق غازات دفيئة مضاعفة ستسرع الاحترار خارج السيطرة."
"ENV-L020","environment","legend","في هندسة المدن الحديثة، ما هو دور ""الأرصفة الإسفنجية النفوذة (Permeable Pavements)""؟","السماح لمياه الأمطار بالتسرب عبر الإسفلت للتربة مباشرة لترشيح الخزان الجوفي ومنع السيول والبرك الشتوية","امتصاص حرارة الشمس وتحويلها لكهرباء","منع نمو الأعشاب الضارة بين الحجارة","تلوين الشوارع بألوان زاهية طوال العام","السماح لمياه الأمطار بالتسرب عبر الإسفلت للتربة مباشرة لترشيح الخزان الجوفي ومنع السيول والبرك الشتوية","الإسفلت العادي يمنع الأرض من التنفس وشرب الماء، بينما الإسفلت الإسفنجي يعيد الماء لجوهر الأرض."
"ENV-L021","environment","legend","ماذا تعني قاعدة ""مسؤولية المخرج/المصنّع الممتدة (EPR - Extended Producer Responsibility)"" في قوانين البيئة؟","إلزام الشركة المصنعة قانونياً بتحمل تكاليف جمع وإعادة تدوير منتجها بعد أن يستهلكه الزبوء ونهايته","إعفاء المصانع من أي غرامات تلوث","أن تدفع الحكومة رواتب عمال المصنع","منع المصنع من بيع أي منتج جديد","إلزام الشركة المصنعة قانونياً بتحمل تكاليف جمع وإعادة تدوير منتجها بعد أن يستهلكه الزبوء ونهايته","قانون EPR يمنع الشركات من صناعة منتجات بلا خطة تدوير، فتتحمل كلفة نفاياتها بنفسها."
"ENV-L022","environment","legend","في الإدارة البيئية، ما هي استراتيجية ""الإدارة المتكاملة للآفات (IPM - Integrated Pest Management)""؟","الاعتماد على مكافحة الآفات الزراعية بالوسائل الحيوية والزراعية والبيئية، وتقليص الكيماويات للحد الأدنى","رش كل الأراضي بمبيدات كيميائية قوية يومياً","حرق المزارع المصابة بالكامل دون فحص","منع استخدام الماء في سقي المزروعات","الاعتماد على مكافحة الآفات الزراعية بالوسائل الحيوية والزراعية والبيئية، وتقليص الكيماويات للحد الأدنى","IPM تفضل استخدام الحشرات النافعة والدورة الزراعية قبل اللجوء للسموم الكيميائية المدمرة."
"ENV-L023","environment","legend","ما هو التأثير البيئي المدمر لظاهرة ""ابيضاض المرجان (Coral Bleaching)"" في البحار والمحيطات؟","موت الشعاب المرجانية نتيجة ارتفاع حرارة الماء، مما يدمر موائل ربع الحياة البحرية ويخل بالتوازن","تحول المرجان إلى ذهب خالص بفعل الحرارة","زيادة تكاثر الأسماك الملونة في المحيطات","تصفية مياه البحر وجعلها عذبة تماماً","موت الشعاب المرجانية نتيجة ارتفاع حرارة الماء، مما يدمر موائل ربع الحياة البحرية ويخل بالتوازن","الشعاب المرجانية هي غابات البحر ومحضن أسرار الحياة البحرية، وموتها يهدد بحار العالم بانهيار شامل."
"ENV-L024","environment","legend","في تصميم المدن المقاومة للصدمات المناخية، ماذا تعني سياسة ""التراجع الساحلي/البيئي (Managed Retreat)""؟","الانسحاب المنظم وإخلاء المستوطنات البشرية من المناطق المعرضة حتماً للفيضانات وارتفاع البحار","الاستسلام للعدو في حروب البيئة","بناء جدران إسمنتية لا يمكن كسرها","منع بناء أي بيت في كل الدولة","الانسحاب المنظم وإخلاء المستوطنات البشرية من المناطق المعرضة حتماً للفيضانات وارتفاع البحار","أحياناً تكون الشجاعة البيئية هي الاعتراف بالهزيمة أمام الطبيعة والانسحاب لمنطقة آمنة بدل خسارة الأرواح."
"ENV-L025","environment","legend","ما هو الأثر البيئي الخطير المترتب على إدخال ""أنواع كائنات غريبة غازية (Invasive Species)"" لنظام بيئي محلي؟","تقضي على الكائنات المحلية لعدم وجود مفترسات طبيعية لها، وتدمر التوازن الحيوي الأصلي تماماً","تزيد من تنوع وجمال البيئة دون أي ضرر","تتحول لنباتات طبية مفيدة للإنسان","تختفي تلقائياً خلال أيام معدودة","تقضي على الكائنات المحلية لعدم وجود مفترسات طبيعية لها، وتدمر التوازن الحيوي الأصلي تماماً","الأنواع الغازية (كنباتات أو حيوانات دخيلة) تدمر النظم البيئية لأنها تفترس المحلي بلا منافس."
"ENV-L026","environment","legend","في اقتصاد الطاقة، ما هو المقصود بـ ""الشبكات الذكية المصغرة (Microgrids)"" ودورها البيئي؟","شبكات كهرباء محلية مستقلة تعتمد على الطاقة المتجددة ومخازن البطاريات لتغذية حي أو قرية دون مركزية","شبكات إنترنت سريعة جداً للمدارس","خطوط مياه صغرى للبيوت العتيقة","محطات وقود مصغرة للسيارات","شبكات كهرباء محلية مستقلة تعتمد على الطاقة المتجددة ومخازن البطاريات لتغذية حي أو قرية دون مركزية","الميكروجريد تمنع هدر الطاقة في نقلها لمسافات بعيدة، وتعتمد على الشمس والرياح محلياً بكفاءة."
"ENV-L027","environment","legend","ما هي المعضلة البيئية المرتبطة بعملية ""التعدين عن المعادن النادرة (Rare Earth Elements)"" اللازمة لصناعة التكنولوجيا الخضراء؟","استخراجها يتطلب غسلها بأحماض سامة، مما ينتج ملايين الأطنان من المخلفات المشعة والسامة للبيئة","هي معادن نظيفة لا تترك أي أثر بيئي","تُستخرج من الهواء الجوي دون حفر","تتجدد تلقائياً كل سنة","استخراجها يتطلب غسلها بأحماض سامة، مما ينتج ملايين الأطنان من المخلفات المشعة والسامة للبيئة","مفارقة خضراء؛ السيارات الكهربائية وتوربينات الرياح تحتاج معادن نادرة يدمر استخراجها البيئة بشراسة."
"ENV-L028","environment","legend","في علم الغلاف الجوي، ما هي أهمية طبقة ""الأوزون (O3)"" في الستراتوسفير للحياة على كوكب الأرض؟","امتصاص الأجزاء الخطيرة والقاتلة من الأشعة فوق البنفسجية (UV) القادمة من الشمس وحماية الأحياء","توليد طاقة كهربائية مجانية لكل البشر","منع تكوّن السحب والغيوم الممطرة","رفع درجات حرارة الأرض لشتاء دافئ","امتصاص الأجزاء الخطيرة والقاتلة من الأشعة فوق البنفسجية (UV) القادمة من الشمس وحماية الأحياء","الأوزون درع غلافي مقدس؛ دحره يعني حرق جلد الكائنات الحية وإصابتها بالسرطان والعمى."
"ENV-L029","environment","legend","ما هو المقصود بمصطلح ""العدالة المناخية (Climate Justice)"" في المناقشات البيئية الدولية؟","الإقرار بأن الدول الفقيرة هي الأقل تلويثاً لكنها الأكثر تضرراً بالتغير المناخي، ولذا يجب دعمها مالياً","توزيع الأمطار بالتساوي بين دول العالم","دفع كل دولة غرامة مالية متساوية تماماً","منع الدول النامية من استخدام الكهرباء","الإقرار بأن الدول الفقيرة هي الأقل تلويثاً لكنها الأكثر تضرراً بالتغير المناخي، ولذا يجب دعمها مالياً","العدالة المناخية تطالب الدول الكبرى المسؤولة تاريخياً عن التلوث بدفع ثمن أضرار ومأساة الدول النامية."
"ENV-L030","environment","legend","ما هو التحدي البيئي والتقني في تصميم ""وسائط النقل الكهربائية الثقيلة (كال شاحنات والحافلات)""؟","الحاجة لبطاريات ضخمة جداً وثقيلة الوزن، وتوفير شبكة شحن فائقة السرعة والقدرة الكهربائية","بطارياتها تصغر حجماً كلما تحركت الشاحنة","لا تصدر أي صوت مما يزعج المارة","تتحرك بالطاقة الشمسية المباشرة دون بطاريات","الحاجة لبطاريات ضخمة جداً وثقيلة الوزن، وتوفير شبكة شحن فائقة السرعة والقدرة الكهربائية","نقل الأحمال الكبيرة بالكهرباء يتطلب بطاريات عملاقة وشبكات شحن جبارة لا تتوفر بسهولة في كل مكان."
"DEV-L015","development","legend","في النظريات النقدية للتنمية، ما هو نقد ""النموذج الاقتصادي التقليدي (GDP)"" باعتباره مقياساً لرفاه الأمم؟","الناتج المحلي يقيس كمية المال المتداول ولا يقيس جودة حياة الناس، صحتهم، سعادتهم، ولا تدمير البيئة","الناتج المحلي يحسب فقط ثروة الأطفال","الناتج المحلي قياس دقيق ومثال للرفاهية البشرية المطلقة","الناتج المحلي يقيس كمية الهواء النقي بدقة","الناتج المحلي يقيس كمية المال المتداول ولا يقيس جودة حياة الناس، صحتهم، سعادتهم، ولا تدمير البيئة","دولة تقطع كل غاباتها وتبني مصانع سامة سيرتفع ناتجها المحلي GDP، لكن شعبها سيمرض ويفقد رفاهيته."
"DEV-L016","development","legend","ما هو مفهوم ""اقتصاد السعادة (Economics of Happiness)"" الذي تقوده بعض الدول (كبوتاان) كبديل للتنمية؟","قياس تقدم الدولة عبر ""الرفاه النفسي والاجتماعي والصحي والروحي للمواطنين"" بدل ركض خلف المال فقط","إلغاء العمل وتوزيع الأموال للمواطنين ليكونوا سعداء","منع الحزن والتعاسة بقوة القانون","الاعتماد على الترفيه الموسيقي المستمر","قياس تقدم الدولة عبر ""الرفاه النفسي والاجتماعي والصحي والروحي للمواطنين"" بدل ركض خلف المال فقط","غاية التنمية ليست تضخيم البنوك، بل صناعة إنسان مطمئن، مستقر، وسعيد في مجتمعه."
"DEV-L017","development","legend","في نظريات الانتقال الديموغرافي والتنموي، ما هي ""الهبة الديموغرافية (Demographic Dividend)""؟","فترة زمنية ترتفع فيها نسبة الشباب القادرين على العمل مقارنة بالأطفال وكبار السن، مما يتيح طفرة إنتاجية","زيادة عدد المواليد الجدد بلا توقف","انخفاض عدد السكان لصفر","شيخوخة المجتمع بالكامل","فترة زمنية ترتفع فيها نسبة الشباب القادرين على العمل مقارنة بالأطفال وكبار السن، مما يتيح طفرة إنتاجية","الهبة الديموغرافية نافذة زمنية ذهبية؛ إن استثمرتها بتعليم وتشغيل الشباب نهضت الأمة، وإن أهملتها تحلت لنقمة."
"DEV-L018","development","legend","ما هو المقصود بـ ""الاستثمار في الوقاية (Preventative Investment)"" في السياسات الصحية والتنموية؟","صرف الأموال على اللقاحات، توفير الماء النظيف، والرياضة لمنع حدوث المرض بدل دفع أضعافه على المستشفيات","بناء مستشفيات عملاقة لعلاج الأمراض المستعصية فقط","منع الناس من مراجعة الأطباء نهائياً","تخزين الأدوية في المستودعات الحكومية","صرف الأموال على اللقاحات، توفير الماء النظيف، والرياضة لمنع حدوث المرض بدل دفع أضعافه على المستشفيات","دولار واحد يُصرف على الوقاية والنظافة يوفر مئات الدولارات من فاتورة غرف العناية المركزة والعلاج."
"DEV-L019","development","legend","في تخطيط السياسات العامة، ما هو المبدأ المعروف بـ ""الصحة في كل السياسات (Health in All Policies)""؟","أن تدرس أي وزارة (كالنقل أو الإسكان) أثر قراراتها على صحة وسلامة المجتمع قبل اتخاذ القرار","أن يُمنح الأطباء حق إدارة كل وزارات الدولة","أن يتحول كل مهندس إلى طبيب بشري","أن تقتصر الصحة على وزارة الصحة وحدها","أن تدرس أي وزارة (كالنقل أو الإسكان) أثر قراراتها على صحة وسلامة المجتمع قبل اتخاذ القرار","تصميم شارع بلا رصيف مشاة هو قرار وزاري بزيادة حوادث الدهس وأمراض القلب (غياب الصحة بالسياسات)."
"DEV-L020","development","legend","ما هي المعضلة التنموية المتمثلة في ""اقتصاد الوظائف الهشة (Gig Economy / الـمياومة الرقمية)""؟","انتشار عمل الحر والمنصات الرقمية الذي يمنح مرونة لكنه يحرم العامل من أي أمان وظيفي أو ضمان صحي","العمل بوظائف حكومية مدى الحياة","انعدام وجود أي وظائف في العالم","العمل المأجور في المصانع الكبرى","انتشار عمل الحر والمنصات الرقمية الذي يمنح مرونة لكنه يحرم العامل من أي أمان وظيفي أو ضمان صحي","عصر التوصيل وعقود القطعة يحرر العامل من الروتين، لكنه يتركه بلا أي مظلة تقاعدية أو طبية تحميه."
"DEV-L021","development","legend","في سياسات الحد من الفقر المدقع، ما هو تأثير ""برامج الدخل الأساسي الشامل (UBI - Universal Basic Income)""؟","منح كل مواطن دخلاً نقدياً ثابتاً ودورياً بلا شروط لتأمين أساسيات الحياة بغض النظر عن عمله","منح المال للأغنياء وسحبه من الفقراء","إجبار المواطنين على ترك أعمالهم والجلوس بالبيوت","تقديم معونات طعام منتهية الصلاحية","منح كل مواطن دخلاً نقدياً ثابتاً ودورياً بلا شروط لتأمين أساسيات الحياة بغض النظر عن عمله","UBI تجربة عالمية رائدة تدرس إلغاء شبكات الفقر عبر ضمان كرامة الإنسان ودخله الأساسي التلقائي."
"DEV-L022","development","legend","ما هو الأثر التنموي لانتشار مبادرات ""التعليم المفتوح والمصادر الحرة (Open Educational Resources)""؟","إزالة الحواجز المالية والجغرافية أمام وصول المعرفة لطلاب العالم، وتحقيق ديمقراطية التعلم","إغلاق المدارس والجامعات الرسمية تماماً","منع نشر أي كتب علمية على الإنترنت","بيع المناهج بأسعار خيالية للشركات","إزالة الحواجز المالية والجغرافية أمام وصول المعرفة لطلاب العالم، وتحقيق ديمقراطية التعلم","المصادر المفتوحة تتيح لطفل في أبعد قرية دراسة أحدث علوم العصر مجاناً عبر الإنترنت."
"DEV-L023","development","legend","في التخطيط الحضري المتقدم، ما هو المقصود بـ ""العدالة المكانية (Spatial Justice)""؟","التوزيع العادل للخدمات، البنى التحتية، والفرص على كافة أحياء المدينة دون تهميش للأطراف أو العشوائيات","بناء قصور متطابقة في كل أحياء المدينة","جعل تكلفة السكن غالية جداً في وسط العاصمة","إلغاء المسافات بين المدن","التوزيع العادل للخدمات، البنى التحتية، والفرص على كافة أحياء المدينة دون تهميش للأطراف أو العشوائيات","العدالة المكانية تحارب ""أنسنة"" وسط المدينة وتهميش الأطراف، لتعامل كل حي بكرامة وخدمات متساوية."
"DEV-L024","development","legend","ما هو الدور التنموي لـ ""القطاع غير الربحي (NGOs &amp; Foundations)"" في بناء السياسات العامة للدولة؟","سد الثغرات التي تعجز الحكومة عن الوصول إليها، الابتكار الاجتماعي، وتمثيل أصوات المهمشين","السيطرة على السلطة التشريعية والسياسية","تحقيق أرباح مالية ضخمة توزع على المؤسسين","منافسة القطاع الخاص في تجارة الحديد","سد الثغرات التي تعجز الحكومة عن الوصول إليها، الابتكار الاجتماعي، وتمثيل أصوات المهمشين","المجتمع المدني هو ""العين الثالثة"" للدولة، يكتشف الخلل ويقدم حلولاً إنسانية مبتكرة وسريعة."
"DEV-L025","development","legend","في اقتصاد المعرفة، ما هو المقصود بـ ""حقوق الملكية الفكرية وتوطين التكنولوجيا""؟","حماية ابتكارات العقول المحلية ونقل المعرفة الأجنبية وصياغتها محلياً لتناسب حاجة السوق والتنمية الوطنية","منع استخدام أي تكنولوجيا أجنبية في الدولة","سرقة براءات الاختراع العالمية وتوزيعها مجاناً","احتكار العلم لفئة صغيرة من الأغنياء","حماية ابتكارات العقول المحلية ونقل المعرفة الأجنبية وصياغتها محلياً لتناسب حاجة السوق والتنمية الوطنية","التنمية لا تقف عند استيراد الآلة، بل بنقل بذور معرفتها وصناعتها محلياً (التوطين)."
"DEV-L026","development","legend","ماذا تعني أداة ""قياس الأثر الاجتماعي (Social Impact Assessment - SIA)"" للمشاريع الكبرى؟","دراسة وتوقع التغيرات الاجتماعية، الثقافية، والمعيشية التي سيحدثها مشروع (كسد أو طريق) على حياة السكان","حساب تكلفة أسمنت المشروع بدقة","إحصاء عدد العمال المشاركين في البناء","تقييم أرباح المستثمرين المادية","دراسة وتوقع التغيرات الاجتماعية، الثقافية، والمعيشية التي سيحدثها مشروع (كسد أو طريق) على حياة السكان","SIA تمنع تشريد المجتمعات أو تدمير نسيجها الثقافي بحجة إقامة مشاريع هندسية كبرى."
"DEV-L027","development","legend","في استراتيجيات التمكين، ما هو الفرق بين ""المساعدة الخيرية (Charity)"" و""التمكين التنموي (Empowerment)""؟","الخيرية تعامل الإنسان كمتلقٍ عاجز دائم للمساعدة، والتمكين يعامله كشريك قادر وقوة منتجة لذاته","كلاهما يهدفان لجعل الإنسان عاجزاً أبدياً","الخيرية تقضي على الفقر والتمكين يزيده","التمكين مخصص للأغنياء فقط","الخيرية تعامل الإنسان كمتلقٍ عاجز دائم للمساعدة، والتمكين يعامله كشريك قادر وقوة منتجة لذاته","الخيرية تبقي اليد السفلى معلقة بانتظار العطاء، بينما التتمكين يرفع اليد العليا لتصنع وتنتج بنفسها."
"DEV-L028","development","legend","ما هي الغاية النهائية من تطبيق أهداف التنمية المستدامة (SDGs) الأممية بحلول عام 2030؟","القضاء على الفقر بكل أشكاله، حماية الكوكب، وضمان السلام والازدهار لكل البشر دون استثناء","وصول الإنسان لكوكب المريخ فقط","إلغاء الحدود السياسية بين كل دول العالم","توقف النمو الصناعي كلياً وتدمير المصانع","القضاء على الفقر بكل أشكاله، حماية الكوكب، وضمان السلام والازدهار لكل البشر دون استثناء","أهداف التنمية المستدامة هي خارطة طريق بشرية ملحّة لإنقاذ كوكب الأرض والإنسان معاً."
"DEV-L029","development","legend","ما هو التحدي الأسمى والنهخي الذي يواجه قادة التنمية في عالم اليوم المتسارع؟","تحقيق ""الميزان الدقيق"" بين سرعة التطور التكنولوجي والاقتصادي وبين الحفاظ على العدالة الاجتماعية واستدامة الكوكب","التوقف عن كل أشكال العمل والجلوس للتأمل","العودة للعيش في الكهوف البدائية","إلغاء العلوم الحديثة والاعتماد على الخرافات","تحقيق ""الميزان الدقيق"" بين سرعة التطور التكنولوجي والاقتصادي وبين الحفاظ على العدالة الاجتماعية واستدامة الكوكب","المعادلة الأصعب للبشرية هي التقدم دون تدمير، والنمو دون إقصاء، والازدهار للجميع دون استثناء."
"INI-L014","initiative","legend","في الحوكمة المتقدمة للمنظمات، ما هو مفهوم ""إدارة أصحاب المصلحة الاستراتيجية (Strategic Stakeholder Engagement)""؟","بناء قنوات تواصل مستدامة ومؤثرة تشرعن عمل المبادرة وتكسبها دعم كل الأطراف المتأثرة والمؤثرة","تجاهل المعارضين وطرد من لا يعجبه عمل المبادرة","إعطاء أرباح مالية للممولين سراً","التركيز على فريق العمل فقط","بناء قنوات تواصل مستدامة ومؤثرة تشرعن عمل المبادرة وتكسبها دعم كل الأطراف المتأثرة والمؤثرة","إدارة أصحاب المصلحة تضمن تحويل الخصوم إلى شركاء، والمجتمع إلى حارس حقيقي للمبادرة."
"INI-L015","initiative","legend","في موازنات المشاريع المعقدة، ماذا نعني بـ ""إدارة الاحتياطي للطوارئ (Contingency Reserves)""؟","رصد نسبة مئوية (تتراوح بين 10-15%) من الميزانية تُخصص حصراً لمواجهة المخاطر غير المتوقعة وتغيرات الأسعار","أموال تُصرف كمكافأة شخصية لمدير المبادرة في نهاية العام","مخزن سري لتخزين الأغذية الفاسدة","مبلغ مالي يُهدر في حفلات الافتتاح","رصد نسبة مئوية (تتراوح بين 10-15%) من الميزانية تُخصص حصراً لمواجهة المخاطر غير المتوقعة وتغيرات الأسعار","المشروع التطوعي بلا احتياطي طوارئ مالي هو مشروع يقف على حافة الهاوية عند أول أزمة سعرية."
"INI-L016","initiative","legend","ما هو المقصود بـ ""التعلم المؤسسي (Organizational Learning)"" بعد إغلاق مشروع تطوعي ضخم؟","تحويل الأخطاء والتجارب والنجاحات إلى معارف موثقة تُدرّس للأجيال القادمة لتطوير أداء المؤسسة بذكاء","نسيان كل ما حدث وبدء مشروع عشوائي جديد تماماً","عقاب المتطوعين الذين تسببوا بأخطاء ميدانية","حرق كل التقارير القديمة","تحويل الأخطاء والتجارب والنجاحات إلى معارف موثقة تُدرّس للأجيال القادمة لتطوير أداء المؤسسة بذكاء","المؤسسة الذكية هي التي تتعلم من أخطائها لئلا تكررها، وتجعل نجاحاتها قاعدة صلبة للمستقبل."
"INI-L017","initiative","legend","في استراتيجيات قيادة التغيير المجتمعي، ما هي ""قاعدة الـ 10% (قاعدة الأغلبية الصامتة والمؤثرة)""؟","اكتساب دعم 10% فقط من مجتمع الحي الواعي والمؤثر كفيل بجر وزخرف باقي المجتمع نحو تبني الفكرة الإيجابية","طرد 10% من الفريق كل شهر لتنشيط العمل","صرف 10% من الميزانية على الدعاية والباقي للفقراء","تخصيص 10 دقائق فقط للاجتماعات","اكتساب دعم 10% فقط من مجتمع الحي الواعي والمؤثر كفيل بجر وزخرف باقي المجتمع نحو تبني الفكرة الإيجابية","التغيير لا يحتاج لإجماع 100% من البشر في بداياته؛ نواة واعية بنسبة 10% تكفي لإحداث تسونامي تغيير."
"INI-L018","initiative","legend","ما هو التحدي الإداري والأخلاقي المتمثل في ""تضارب الولاءات"" لدى بعض المتطوعين الشباب؟","حين يتعارض ولاء المتطوع الشخصي أو الحزبي الخارجي مع حيادية ومصلحة رسالة المبادرة الإنسانية","حين ينسى المتطوع اسم المبادرة","حين يتأخر المتطوع عن الاجتماع الصباحي","حين يحب المتطوع طعاماً معيناً","حين يتعارض ولاء المتطوع الشخصي أو الحزبي الخارجي مع حيادية ومصلحة رسالة المبادرة الإنسانية","المبادرة الإنسانية تشترط الحياد المطلق؛ تضارب الولاءات يفرغ العمل التطوعي من معناه."
"INI-L019","initiative","legend","في هندسة التقييم والمتابعة، ماذا تعني عبارة ""مسببات الفشل الخفية (Root Causes of Failure)""؟","الأسباب العميقة وغير المرئية (كغياب الثقة أو ضعف التصميم) التي تؤدي لانهيار المشروع رغم جمال شكله الظاهري","سوء الأحوال الجوية يوم الافتتاح فقط","نقص عدد الكراسي في قاعة الاجتماعات","لون اللوحة الإعلانية غير الجذاب","الأسباب العميقة وغير المرئية (كغياب الثقة أو ضعف التصميم) التي تؤدي لانهيار المشروع رغم جمال شكله الظاهري","المشروع لا ينهار بسبب قشرة خارجية، بل بسبب نخر في الأساسات والأسباب الجذرية غير المعالجة."
"INI-L020","initiative","legend","كيف تحافظ المبادرة المجتمعية على ""روح الابتكار والتجدد"" وتتجنب التكلس البيروقراطي؟","عبر إشراك دماء جديدة وشباب جدد بانتظام، وتشجيع التجريب وتسامح المؤسسة مع الفشل الذكي","عبر منع أي شخص جديد من إبداء رأيه","عبر تكرار نفس النشاط بالحرف لمئتي عام","عبر طرد كل المؤسسين الأقدمين","عبر إشراك دماء جديدة وشباب جدد بانتظام، وتشجيع التجريب وتسامح المؤسسة مع الفشل الذكي","الجمود قاتل للمنظمات؛ المرونة، روح التجريب، واستقطاب الشباب الدائم يقيها الشيخوخة المبكرة."
"INI-L021","initiative","legend","في مهارات التخطيط الاستراتيجي، ما هي أداة ""سيناريوهات المستقبل (Scenario Planning)"" للمبادرة؟","رسم مسارات متعددة محتملة (الأسوأ، الأفضل، المتوقع) وتجهيز خطة استجابة لكل سيناريو قبل حدوثه","كتابة روايات سينمائية لتسليية الفريق","توقع أرقام الفوز باليانصيب للمبادرة","افتراض أن كل شيء سيكون مثالياً دوماً","رسم مسارات متعددة محتملة (الأسوأ، الأفضل، المتوقع) وتجهيز خطة استجابة لكل سيناريو قبل حدوثه","المتطوع المحترف لا يتفاجأ بالأزمات؛ هو يتوقع الأسوأ ويجهز له عدته، ويأمل الأفضل."
"INI-L022","initiative","legend","ما هو المعيار الإداري الأسمى الذي يحدد أن ""قائد المبادرة"" قد نجح في مهمته كقائد محترف؟","أن يكون قد نجح في صناعة قادة جدد يخلفونه ويقودون المبادرة بكفاءة أفضل منه شخصياً إن غاب","أن يسيطر على كل قرص وسنتيمتر في المؤسسة ولا يثق بأحد","أن يبقى مديراً أبدياً حتى آخر يوم بعمره","أن يمنع أي شخص من اتخاذ قرار دونه","أن يكون قد نجح في صناعة قادة جدد يخلفونه ويقودون المبادرة بكفاءة أفضل منه شخصياً إن غاب","القيادة ليست جمع الأتباع وصنع النفوذ، بل هي صناعة القادة وتعبيد الطريق للجيل التالي."
"INI-L023","initiative","legend","في الختام، ما هو السر الأعمق لفوز مبادرتكم وتحديكم في معرض دمشق الدولي؟","الدمج المذهل بين حب الوطن، عمق التاريخ والبيئة، دقة التخطيط التنموي، والاحترافية العالية في التنفيذ","الاعتماد على الحظ والصدفة البحتة","تقليد الألعاب البسيطة المنتشرة بالإنترنت","الصراخ العالي لجذب انتباه المارة","الدمج المذهل بين حب الوطن، عمق التاريخ والبيئة، دقة التخطيط التنموي، والاحترافية العالية في التنفيذ","بالعقل، الشغف، الإتقان، والانتماء الحقيقي لأحياء دمشق... ستصنعون الفارق وتتركون أثراً لا يُمحى."